[04.05.26 14:13:19] Pickup 57 Adena (8421)[268461897] admin[268461367] 8421 
[04.05.26 14:13:22] Pickup 57 Adena (2315)[268461898] admin[268461367] 2315 
[04.05.26 14:13:23] Pickup 1873 Silver Nugget (1)[268461899] admin[268461367] 1 
[04.05.26 14:13:26] Pickup 57 Adena (9080)[268461900] admin[268461367] 9080 
[04.05.26 14:13:26] Pickup 1874 Oriharukon Ore (1)[268461901] admin[268461367] 1 
[04.05.26 14:13:27] Pickup 57 Adena (13691)[268461902] admin[268461367] 13691 
[04.05.26 14:13:27] Pickup 49685 Energy of Insolence (2)[268461903] admin[268461367] 2 
[04.05.26 14:13:57] Pickup 57 Adena (5445)[268461907] admin[268461367] 5445 
[04.05.26 14:13:59] Pickup 4112 Dark Elven Longbow Shaft (1)[268461908] admin[268461367] 1 
[04.05.26 14:13:59] Pickup 49685 Energy of Insolence (2)[268461909] admin[268461367] 2 
[04.05.26 21:40:36] Pickup 57 Adena (10)[268471444] LunarStone[268469269] 10 
[04.05.26 21:40:44] Pickup 57 Adena (8)[268471732] LunarStone[268469269] 8 
[04.05.26 21:40:48] Pickup 57 Adena (5)[268471882] LunarStone[268469269] 5 
[04.05.26 21:41:18] Pickup 57 Adena (8)[268472969] LunarStone[268469269] 8 
[04.05.26 21:41:22] Pickup 57 Adena (6)[268473118] LunarStone[268469269] 6 
[04.05.26 21:41:35] Pickup 57 Adena (10)[268473607] LunarStone[268469269] 10 
[04.05.26 21:41:54] Pickup 57 Adena (5)[268474308] LunarStone[268469269] 5 
[04.05.26 21:42:10] Pickup 57 Adena (10)[268474858] LunarStone[268469269] 10 
[04.05.26 21:42:10] Pickup 1867 Animal Skin (1)[268474859] LunarStone[268469269] 1 
[04.05.26 21:42:18] Pickup 57 Adena (9)[268475146] LunarStone[268469269] 9 
[04.05.26 21:42:59] Pickup 57 Adena (5)[268476664] RogueBlade[268471196] 5 
[04.05.26 21:43:33] Pickup 57 Adena (10)[268477893] RogueBlade[268471196] 10 
[04.05.26 22:18:08] Pickup 57 Adena (6)[268486456] SolarBloom[268469911] 6 
[04.05.26 22:18:17] Pickup 57 Adena (6)[268486636] SolarBloom[268469911] 6 
[04.05.26 22:55:34] Pickup 57 Adena (4)[268491545] ShadowHawk[268462654] 4 
[04.05.26 22:55:34] Pickup 1868 Thread (1)[268491546] ShadowHawk[268462654] 1 
[04.05.26 22:56:06] Pickup 57 Adena (7)[268492221] ShadowSpark[268462846] 7 
[04.05.26 22:56:08] Pickup 57 Adena (7)[268492261] ShadowHawk[268462654] 7 
[04.05.26 22:56:08] Pickup 28 Pants (1)[268492262] ShadowHawk[268462654] 1 
[04.05.26 22:56:32] Pickup 57 Adena (4)[268492771] ShadowHawk[268462654] 4 
[04.05.26 22:56:59] Pickup 57 Adena (11)[268493326] ShadowHawk[268462654] 11 
[04.05.26 22:56:59] Pickup 1867 Animal Skin (1)[268493327] ShadowHawk[268462654] 1 
[04.05.26 22:57:05] PvEPlayerDieDrop 1867 Animal Skin (1)[268493327] ShadowHawk[268462654] 1 
[04.05.26 22:58:28] Pickup 57 Adena (6)[268495193] ShadowCore[268462499] 6 
[04.05.26 22:58:28] Pickup 462 Stockings (1)[268495194] ShadowCore[268462499] 1 
[04.05.26 22:58:42] Pickup 308 Buffalo\'s Horn (1)[268495509] ShadowCore[268462499] 1 
[04.05.26 22:58:59] Pickup 57 Adena (8)[268495869] ShadowCore[268462499] 8 
[04.05.26 22:59:06] Pickup 57 Adena (5)[268495980] DarkStrike[268464043] 5 
[04.05.26 22:59:14] Pickup 57 Adena (7)[268496176] ShadowCore[268462499] 7 
[04.05.26 22:59:22] Pickup 57 Adena (6)[268496356] ShadowCore[268462499] 6 
[04.05.26 22:59:27] Pickup 57 Adena (13)[268496426] NeonEdge[268467545] 13 
[04.05.26 22:59:27] Pickup 1867 Animal Skin (1)[268496427] NeonEdge[268467545] 1 
[04.05.26 22:59:29] Pickup 57 Adena (10)[268496478] DarkStrike[268464043] 10 
[04.05.26 22:59:29] Pickup 28 Pants (1)[268496479] DarkStrike[268464043] 1 
[04.05.26 22:59:36] Pickup 57 Adena (9)[268496637] ShadowCore[268462499] 9 
[04.05.26 22:59:39] Pickup 57 Adena (6)[268496693] DarkStrike[268464043] 6 
[04.05.26 22:59:44] Pickup 57 Adena (7)[268496810] GrimVeil[268474911] 7 
[04.05.26 22:59:49] Pickup 57 Adena (9)[268496902] ShadowCore[268462499] 9 
[04.05.26 22:59:53] Pickup 57 Adena (11)[268496987] StormRidge[268466473] 11 
[04.05.26 22:59:56] Pickup 57 Adena (10)[268497039] DarkStrike[268464043] 10 
[04.05.26 22:59:56] Pickup 57 Adena (7)[268497063] GrimVeil[268474911] 7 
[04.05.26 22:59:56] Pickup 426 Tunic (1)[268497064] GrimVeil[268474911] 1 
[04.05.26 23:00:00] Pickup 57 Adena (4)[268497549] DarkStrike[268464043] 4 
[04.05.26 23:00:07] Pickup 57 Adena (8)[268497704] StormRidge[268466473] 8 
[04.05.26 23:00:09] Pickup 57 Adena (6)[268497752] GrimVeil[268474911] 6 
[04.05.26 23:00:15] Pickup 57 Adena (9)[268497854] DarkStrike[268464043] 9 
[04.05.26 23:00:17] Pickup 57 Adena (9)[268497904] ShadowSerpent[268463045] 9 
[04.05.26 23:00:18] Pickup 57 Adena (24)[268497914] NeonEdge[268467545] 24 
[04.05.26 23:00:19] Pickup 28 Pants (1)[268497951] ShadowCore[268462499] 1 
[04.05.26 23:00:23] Pickup 57 Adena (6)[268498026] DarkStrike[268464043] 6 
[04.05.26 23:00:27] Pickup 57 Adena (9)[268498123] DarkStrike[268464043] 9 
[04.05.26 23:00:27] Pickup 57 Adena (9)[268498131] ShadowCore[268462499] 9 
[04.05.26 23:00:47] Pickup 57 Adena (19)[268498525] NeonEdge[268467545] 19 
[04.05.26 23:00:52] Pickup 57 Adena (4)[268498649] LunarStone[268471449] 4 
[04.05.26 23:00:55] Pickup 57 Adena (10)[268498715] DarkStrike[268464043] 10 
[04.05.26 23:00:56] Pickup 57 Adena (5)[268498731] LunarStone[268471449] 5 
[04.05.26 23:00:56] Pickup 57 Adena (7)[268498748] ShadowCore[268462499] 7 
[04.05.26 23:00:59] Pickup 57 Adena (5)[268498781] NightStone[268463441] 5 
[04.05.26 23:01:07] Pickup 57 Adena (14)[268498976] StormRidge[268466473] 14 
[04.05.26 23:01:10] Pickup 28 Pants (1)[268499024] DarkStrike[268464043] 1 
[04.05.26 23:01:11] Pickup 57 Adena (6)[268499043] NightStone[268463441] 6 
[04.05.26 23:01:14] Pickup 57 Adena (5)[268499123] DarkStrike[268464043] 5 
[04.05.26 23:01:17] Pickup 57 Adena (18)[268499178] NeonEdge[268467545] 18 
[04.05.26 23:01:17] Pickup 1867 Animal Skin (1)[268499179] NeonEdge[268467545] 1 
[04.05.26 23:01:18] Pickup 57 Adena (8)[268499203] DarkStrike[268464043] 8 
[04.05.26 23:01:18] Pickup 57 Adena (4)[268499222] NightGrove[268463635] 4 
[04.05.26 23:01:19] Pickup 57 Adena (6)[268499238] GrimVeil[268474911] 6 
[04.05.26 23:01:20] Pickup 57 Adena (6)[268499246] LunarStone[268471449] 6 
[04.05.26 23:01:30] Pickup 57 Adena (8)[268499449] DarkStrike[268464043] 8 
[04.05.26 23:01:32] Pickup 57 Adena (11)[268499489] LunarStone[268471449] 11 
[04.05.26 23:01:38] Pickup 1867 Animal Skin (1)[268499634] IronCrown[268464877] 1 
[04.05.26 23:01:41] Pickup 57 Adena (5)[268499694] RogueThorn[268476311] 5 
[04.05.26 23:01:42] Pickup 57 Adena (8)[268499708] FrostClaw[268465289] 8 
[04.05.26 23:01:44] Pickup 308 Buffalo\'s Horn (1)[268499751] DarkStrike[268464043] 1 
[04.05.26 23:01:46] Pickup 28 Pants (1)[268499816] IronCrown[268464877] 1 
[04.05.26 23:01:53] Pickup 21 Shirt (1)[268499949] DarkStrike[268464043] 1 
[04.05.26 23:01:53] Pickup 57 Adena (6)[268499950] IronBlade[268464452] 6 
[04.05.26 23:01:55] Pickup 57 Adena (8)[268499999] FrostClaw[268465289] 8 
[04.05.26 23:01:57] Pickup 28 Pants (1)[268500040] DuskRage[268484753] 1 
[04.05.26 23:02:02] Pickup 57 Adena (7)[268500124] GhostGloom[268479895] 7 
[04.05.26 23:02:02] Pickup 57 Adena (7)[268500151] SkullGrove[268482317] 7 
[04.05.26 23:02:03] Pickup 57 Adena (5)[268500160] DarkStrike[268464043] 5 
[04.05.26 23:02:03] Pickup 28 Pants (1)[268500161] DarkStrike[268464043] 1 
[04.05.26 23:02:06] Pickup 57 Adena (10)[268500216] GrimVeil[268474911] 10 
[04.05.26 23:02:07] Pickup 57 Adena (5)[268500256] DarkStrike[268464043] 5 
[04.05.26 23:02:10] Pickup 57 Adena (6)[268500297] BlazeCore[268480624] 6 
[04.05.26 23:02:10] Pickup 57 Adena (10)[268500325] ShadowCore[268462499] 10 
[04.05.26 23:02:15] Pickup 57 Adena (4)[268500432] ShadowFlash[268462865] 4 
[04.05.26 23:02:19] Pickup 57 Adena (7)[268500518] SolarStrike[268472492] 7 
[04.05.26 23:02:20] Pickup 1867 Animal Skin (1)[268500529] RuneEdge[268485977] 1 
[04.05.26 23:02:21] Pickup 57 Adena (6)[268500545] GhostGloom[268479895] 6 
[04.05.26 23:02:22] Pickup 1867 Animal Skin (1)[268500564] StormRidge[268466473] 1 
[04.05.26 23:02:23] Pickup 57 Adena (9)[268500610] IronCrest[268465089] 9 
[04.05.26 23:02:24] Pickup 57 Adena (7)[268500619] RogueThorn[268476311] 7 
[04.05.26 23:02:24] Pickup 57 Adena (5)[268500641] ShadowFlash[268462865] 5 
[04.05.26 23:02:29] Pickup 57 Adena (6)[268500719] ShadowFlash[268462865] 6 
[04.05.26 23:02:30] Pickup 57 Adena (10)[268500741] BlazeCore[268480624] 10 
[04.05.26 23:02:30] Pickup 57 Adena (8)[268500748] RapidCore[268469795] 8 
[04.05.26 23:02:32] Pickup 57 Adena (5)[268500786] IronCrown[268464877] 5 
[04.05.26 23:02:33] Pickup 57 Adena (6)[268500822] LunarStone[268471449] 6 
[04.05.26 23:02:35] Pickup 28 Pants (1)[268500863] StormRidge[268466473] 1 
[04.05.26 23:02:41] Pickup 57 Adena (10)[268500989] ShadowFlash[268462865] 10 
[04.05.26 23:02:43] Pickup 1868 Thread (1)[268501039] RapidCore[268469795] 1 
[04.05.26 23:02:48] Pickup 57 Adena (8)[268501138] GrimVeil[268474911] 8 
[04.05.26 23:02:51] Pickup 57 Adena (4)[268501187] GhostGloom[268479895] 4 
[04.05.26 23:02:55] Pickup 57 Adena (7)[268501270] GhostGloom[268479895] 7 
[04.05.26 23:02:57] Pickup 57 Adena (23)[268501322] VoidWisp[268466912] 23 
[04.05.26 23:02:58] Pickup 57 Adena (5)[268501342] RogueThorn[268476311] 5 
[04.05.26 23:02:58] Pickup 57 Adena (4)[268501360] GrimVeil[268474911] 4 
[04.05.26 23:02:58] Pickup 1060 Healing Potion (1)[268501361] GrimVeil[268474911] 1 
[04.05.26 23:03:09] Pickup 57 Adena (12)[268501596] RapidCore[268469795] 12 
[04.05.26 23:03:11] Pickup 57 Adena (5)[268501617] GhostGloom[268479895] 5 
[04.05.26 23:03:11] Pickup 57 Adena (4)[268501631] ZanWolf[268487597] 4 
[04.05.26 23:03:11] Pickup 1868 Thread (1)[268501632] ZanWolf[268487597] 1 
[04.05.26 23:03:13] Pickup 57 Adena (7)[268501681] StormRidge[268466473] 7 
[04.05.26 23:03:22] Pickup 57 Adena (12)[268501865] StormRidge[268466473] 12 
[04.05.26 23:03:26] Pickup 57 Adena (4)[268501945] GrimVeil[268474911] 4 
[04.05.26 23:03:27] Pickup 28 Pants (1)[268501946] GhostGloom[268479895] 1 
[04.05.26 23:03:27] Pickup 57 Adena (7)[268501954] ZanWolf[268487597] 7 
[04.05.26 23:03:28] Pickup 57 Adena (11)[268501967] RogueThorn[268476311] 11 
[04.05.26 23:03:31] Pickup 57 Adena (6)[268502037] ZanWolf[268487597] 6 
[04.05.26 23:03:38] Pickup 28 Pants (1)[268502217] StormThorn[268466273] 1 
[04.05.26 23:03:40] Pickup 57 Adena (9)[268502245] ZanWolf[268487597] 9 
[04.05.26 23:03:41] Pickup 57 Adena (8)[268502255] GhostGloom[268479895] 8 
[04.05.26 23:03:41] Pickup 1868 Thread (1)[268502267] RogueThorn[268476311] 1 
[04.05.26 23:03:41] Pickup 1868 Thread (1)[268502275] RapidCore[268469795] 1 
[04.05.26 23:03:42] Pickup 57 Adena (5)[268502307] StormThorn[268466273] 5 
[04.05.26 23:03:43] Pickup 57 Adena (6)[268502321] GrimVeil[268474911] 6 
[04.05.26 23:03:44] Pickup 28 Pants (1)[268502322] GrimVeil[268474911] 1 
[04.05.26 23:03:45] Pickup 57 Adena (4)[268502349] GhostGloom[268479895] 4 
[04.05.26 23:03:45] Pickup 57 Adena (10)[268502358] RogueThorn[268476311] 10 
[04.05.26 23:03:46] Pickup 57 Adena (9)[268502392] StormThorn[268466273] 9 
[04.05.26 23:03:48] Pickup 57 Adena (7)[268502408] StormRidge[268466473] 7 
[04.05.26 23:03:48] Pickup 57 Adena (10)[268502420] VoidWisp[268466912] 10 
[04.05.26 23:03:48] Pickup 1868 Thread (1)[268502421] VoidWisp[268466912] 1 
[04.05.26 23:03:53] Pickup 57 Adena (21)[268502537] RapidCore[268469795] 21 
[04.05.26 23:03:53] Pickup 1868 Thread (1)[268502538] RapidCore[268469795] 1 
[04.05.26 23:03:55] Pickup 57 Adena (6)[268502562] GhostGloom[268479895] 6 
[04.05.26 23:03:58] Pickup 1788 Recipe: Bow (1)[268502642] NeonEdge[268467545] 1 
[04.05.26 23:03:59] Pickup 57 Adena (6)[268502643] GhostGloom[268479895] 6 
[04.05.26 23:04:00] Pickup 57 Adena (6)[268502662] ArcStar[268486794] 6 
[04.05.26 23:04:00] Pickup 1786 Recipe: Broadsword (1)[268502663] ArcStar[268486794] 1 
[04.05.26 23:04:02] Pickup 57 Adena (10)[268502692] IronBlade[268464452] 10 
[04.05.26 23:04:04] Pickup 57 Adena (6)[268502747] WildGloom[268469129] 6 
[04.05.26 23:04:07] Pickup 57 Adena (13)[268502830] VoidMarsh[268467231] 13 
[04.05.26 23:04:10] Pickup 57 Adena (8)[268502877] MysticSoul[268477015] 8 
[04.05.26 23:04:10] Pickup 57 Adena (5)[268502878] GrimVeil[268474911] 5 
[04.05.26 23:04:10] Pickup 57 Adena (8)[268502887] ArcStar[268486794] 8 
[04.05.26 23:04:10] Pickup 28 Pants (1)[268502888] ArcStar[268486794] 1 
[04.05.26 23:04:12] Pickup 57 Adena (6)[268502935] GhostGloom[268479895] 6 
[04.05.26 23:04:15] Pickup 57 Adena (6)[268503013] VoidMarsh[268467231] 6 
[04.05.26 23:04:16] Pickup 57 Adena (8)[268503026] ArcStar[268486794] 8 
[04.05.26 23:04:20] Pickup 57 Adena (13)[268503117] GhostGloom[268479895] 13 
[04.05.26 23:04:20] Pickup 1871 Charcoal (1)[268503118] GhostGloom[268479895] 1 
[04.05.26 23:04:21] Pickup 1786 Recipe: Broadsword (1)[268503136] GrimVeil[268474911] 1 
[04.05.26 23:04:21] Pickup 57 Adena (5)[268503142] IronBlade[268464452] 5 
[04.05.26 23:04:24] Pickup 57 Adena (14)[268503216] RapidCore[268469795] 14 
[04.05.26 23:04:25] Pickup 116 Magic Ring (1)[268503217] RapidCore[268469795] 1 
[04.05.26 23:04:25] Pickup 462 Stockings (1)[268503238] ShadowFlash[268462865] 1 
[04.05.26 23:04:26] Pickup 57 Adena (9)[268503239] StormThorn[268466273] 9 
[04.05.26 23:04:29] Pickup 28 Pants (1)[268503336] ShadowFlash[268462865] 1 
[04.05.26 23:04:32] Pickup 57 Adena (6)[268503366] GrimVeil[268474911] 6 
[04.05.26 23:04:38] Pickup 57 Adena (15)[268503507] VoidWisp[268466912] 15 
[04.05.26 23:04:38] Pickup 462 Stockings (1)[268503508] IronCrest[268465089] 1 
[04.05.26 23:04:41] Pickup 57 Adena (9)[268503547] GrimVeil[268474911] 9 
[04.05.26 23:04:44] Pickup 57 Adena (7)[268503620] MysticMarsh[268477730] 7 
[04.05.26 23:04:44] Pickup 57 Adena (20)[268503621] NeonEdge[268467545] 20 
[04.05.26 23:04:48] Pickup 57 Adena (11)[268503703] ShadowFlash[268462865] 11 
[04.05.26 23:04:48] Pickup 1060 Healing Potion (1)[268503717] MysticSoul[268477015] 1 
[04.05.26 23:04:49] Pickup 57 Adena (6)[268503737] StormRidge[268466473] 6 
[04.05.26 23:04:50] Pickup 57 Adena (7)[268503769] DarkStrike[268464043] 7 
[04.05.26 23:04:51] Pickup 57 Adena (12)[268503801] VoidSoul[268466676] 12 
[04.05.26 23:04:51] Pickup 1867 Animal Skin (1)[268503802] VoidSoul[268466676] 1 
[04.05.26 23:04:55] Pickup 57 Adena (10)[268503884] KexBloom[268489219] 10 
[04.05.26 23:04:57] Pickup 57 Adena (5)[268503937] ShadowFlash[268462865] 5 
[04.05.26 23:05:01] Pickup 57 Adena (15)[268504017] RapidCore[268469795] 15 
[04.05.26 23:05:01] Pickup 1788 Recipe: Bow (1)[268504018] RapidCore[268469795] 1 
[04.05.26 23:05:01] Pickup 21 Shirt (1)[268504019] MysticMarsh[268477730] 1 
[04.05.26 23:05:02] Pickup 57 Adena (8)[268504022] SolarBloom[268472827] 8 
[04.05.26 23:05:02] Pickup 57 Adena (9)[268504032] WildGloom[268469129] 9 
[04.05.26 23:05:04] Pickup 57 Adena (10)[268504070] GaleCreek[268484345] 10 
[04.05.26 23:05:07] Pickup 57 Adena (12)[268504128] StormRidge[268466473] 12 
[04.05.26 23:05:07] Pickup 1833 Bandage (1)[268504130] StormRidge[268466473] 1 
[04.05.26 23:05:07] Pickup 57 Adena (25)[268504142] VoidWisp[268466912] 25 
[04.05.26 23:05:13] Pickup 57 Adena (9)[268504253] BlazeCore[268480624] 9 
[04.05.26 23:05:13] Pickup 57 Adena (5)[268504261] RogueThorn[268476311] 5 
[04.05.26 23:05:14] Pickup 57 Adena (6)[268504293] IronCrest[268465089] 6 
[04.05.26 23:05:18] Pickup 57 Adena (8)[268504362] DuskRidge[268485159] 8 
[04.05.26 23:05:18] Pickup 1868 Thread (1)[268504363] DuskRidge[268485159] 1 
[04.05.26 23:05:19] Pickup 57 Adena (8)[268504380] NeonEdge[268467545] 8 
[04.05.26 23:05:19] Pickup 57 Adena (10)[268504392] ApexWind[268473531] 10 
[04.05.26 23:05:24] Pickup 57 Adena (6)[268504501] StormRidge[268466473] 6 
[04.05.26 23:05:29] Pickup 308 Buffalo\'s Horn (1)[268504639] ApexWind[268473531] 1 
[04.05.26 23:05:30] Pickup 57 Adena (10)[268504648] KexBloom[268489219] 10 
[04.05.26 23:05:31] Pickup 57 Adena (7)[268504660] BlazeCore[268480624] 7 
[04.05.26 23:05:31] Pickup 28 Pants (1)[268504670] DuskRidge[268485159] 1 
[04.05.26 23:05:42] Pickup 57 Adena (16)[268504906] RogueFang[268475622] 16 
[04.05.26 23:05:44] Pickup 57 Adena (10)[268504953] NeonSpark[268468176] 10 
[04.05.26 23:05:45] Pickup 57 Adena (5)[268504965] ApexCrown[268473885] 5 
[04.05.26 23:05:45] Pickup 57 Adena (13)[268504966] NeonEdge[268467545] 13 
[04.05.26 23:05:47] Pickup 57 Adena (9)[268505000] StormRidge[268466473] 9 
[04.05.26 23:05:49] Pickup 57 Adena (6)[268505036] ShadowWolf[268462676] 6 
[04.05.26 23:05:49] Pickup 1060 Healing Potion (1)[268505037] ShadowWolf[268462676] 1 
[04.05.26 23:05:50] Pickup 21 Shirt (1)[268505056] KexBloom[268489219] 1 
[04.05.26 23:05:53] Pickup 57 Adena (8)[268505125] MysticSoul[268477015] 8 
[04.05.26 23:05:53] Pickup 57 Adena (11)[268505134] ShadowWolf[268462676] 11 
[04.05.26 23:05:58] Pickup 57 Adena (15)[268505247] NeonEdge[268467545] 15 
[04.05.26 23:06:01] Pickup 57 Adena (11)[268505312] NeonSpark[268468176] 11 
[04.05.26 23:06:03] Pickup 57 Adena (12)[268505342] StormRidge[268466473] 12 
[04.05.26 23:06:03] Pickup 57 Adena (7)[268505351] DuskRidge[268485159] 7 
[04.05.26 23:06:05] Pickup 57 Adena (14)[268505404] BlazeCore[268480624] 14 
[04.05.26 23:06:07] Pickup 57 Adena (6)[268505442] BoneBlade[268483130] 6 
[04.05.26 23:06:07] Pickup 28 Pants (1)[268505443] BoneBlade[268483130] 1 
[04.05.26 23:06:12] Pickup 57 Adena (12)[268505552] GrimCreek[268475252] 12 
[04.05.26 23:06:12] Pickup 1868 Thread (1)[268505553] GrimCreek[268475252] 1 
[04.05.26 23:06:14] Pickup 57 Adena (18)[268505602] NeonEdge[268467545] 18 
[04.05.26 23:06:16] Pickup 57 Adena (4)[268505647] TioFang[268490851] 4 
[04.05.26 23:06:17] Pickup 57 Adena (6)[268505648] BlazeCore[268480624] 6 
[04.05.26 23:06:20] Pickup 57 Adena (10)[268505732] LunarStone[268471449] 10 
[04.05.26 23:06:20] Pickup 1867 Animal Skin (1)[268505733] LunarStone[268471449] 1 
[04.05.26 23:06:25] Pickup 57 Adena (7)[268505818] RapidCore[268469795] 7 
[04.05.26 23:06:26] Pickup 28 Pants (1)[268505844] TioFang[268490851] 1 
[04.05.26 23:06:30] Pickup 57 Adena (25)[268505926] RogueFang[268475622] 25 
[04.05.26 23:06:30] Pickup 116 Magic Ring (1)[268505927] RogueFang[268475622] 1 
[04.05.26 23:06:31] Pickup 57 Adena (14)[268505944] GrimCreek[268475252] 14 
[04.05.26 23:06:33] Pickup 57 Adena (10)[268505973] StormRidge[268466473] 10 
[04.05.26 23:06:35] Pickup 57 Adena (8)[268506036] DuskRidge[268485159] 8 
[04.05.26 23:06:38] Pickup 57 Adena (6)[268506087] VenomEdge[268478082] 6 
[04.05.26 23:06:38] Pickup 57 Adena (9)[268506088] DarkZone[268463837] 9 
[04.05.26 23:06:39] Pickup 57 Adena (21)[268506139] NeonEdge[268467545] 21 
[04.05.26 23:06:42] Pickup 57 Adena (28)[268506219] RogueFang[268475622] 28 
[04.05.26 23:06:42] Pickup 116 Magic Ring (1)[268506220] RogueFang[268475622] 1 
[04.05.26 23:06:46] Pickup 57 Adena (8)[268506268] VenomEdge[268478082] 8 
[04.05.26 23:06:48] Pickup 57 Adena (4)[268506329] BlazeWolf[268480991] 4 
[04.05.26 23:06:49] Pickup 57 Adena (8)[268506348] RioVeil[268490445] 8 
[04.05.26 23:06:50] Pickup 57 Adena (15)[268506360] VoidWisp[268466912] 15 
[04.05.26 23:06:50] Pickup 57 Adena (10)[268506361] DuskRidge[268485159] 10 
[04.05.26 23:06:50] Pickup 57 Adena (26)[268506381] RogueFang[268475622] 26 
[04.05.26 23:06:54] Pickup 57 Adena (8)[268506450] BlazeWolf[268480991] 8 
[04.05.26 23:06:54] Pickup 21 Shirt (1)[268506451] BlazeWolf[268480991] 1 
[04.05.26 23:06:57] Pickup 57 Adena (14)[268506537] DarkStrike[268464043] 14 
[04.05.26 23:06:57] Pickup 1871 Charcoal (1)[268506538] DarkStrike[268464043] 1 
[04.05.26 23:06:58] Pickup 57 Adena (10)[268506548] DuskRidge[268485159] 10 
[04.05.26 23:06:58] Pickup 1060 Healing Potion (1)[268506549] DuskRidge[268485159] 1 
[04.05.26 23:06:59] Pickup 1871 Charcoal (1)[268506569] IronWind[268464671] 1 
[04.05.26 23:07:00] Pickup 57 Adena (13)[268506604] KexBloom[268489219] 13 
[04.05.26 23:07:02] Pickup 57 Adena (9)[268506647] BlazeFlash[268481366] 9 
[04.05.26 23:07:03] Pickup 57 Adena (18)[268506658] RogueFang[268475622] 18 
[04.05.26 23:07:08] Pickup 57 Adena (11)[268506768] BlazeWolf[268480991] 11 
[04.05.26 23:07:10] Pickup 57 Adena (12)[268506821] DarkStrike[268464043] 12 
[04.05.26 23:07:13] Pickup 57 Adena (15)[268506878] VoidWisp[268466912] 15 
[04.05.26 23:07:14] Pickup 57 Adena (10)[268506898] IronWind[268464671] 10 
[04.05.26 23:07:14] Pickup 21 Shirt (1)[268506917] RioVeil[268490445] 1 
[04.05.26 23:07:18] Pickup 57 Adena (6)[268506986] VexStone[268488409] 6 
[04.05.26 23:07:18] Pickup 28 Pants (1)[268506987] VexStone[268488409] 1 
[04.05.26 23:07:22] Pickup 57 Adena (7)[268507068] DarkBloom[268464240] 7 
[04.05.26 23:07:22] Pickup 57 Adena (24)[268507088] DarkStrike[268464043] 24 
[04.05.26 23:07:22] Pickup 1868 Thread (1)[268507089] DarkStrike[268464043] 1 
[04.05.26 23:07:24] Pickup 57 Adena (4)[268507113] VexStone[268488409] 4 
[04.05.26 23:07:24] Pickup 57 Adena (4)[268507128] RioVeil[268490445] 4 
[04.05.26 23:07:27] Pickup 57 Adena (20)[268507171] DarkZone[268463837] 20 
[04.05.26 23:07:31] Pickup 57 Adena (29)[268507267] RogueFang[268475622] 29 
[04.05.26 23:07:31] Pickup 118 Magic Necklace (1)[268507268] RogueFang[268475622] 1 
[04.05.26 23:07:33] Pickup 57 Adena (8)[268507302] VoidWisp[268466912] 8 
[04.05.26 23:07:33] Pickup 57 Adena (8)[268507313] BoneCrown[268483541] 8 
[04.05.26 23:07:35] Pickup 57 Adena (6)[268507356] DuskRidge[268485159] 6 
[04.05.26 23:07:35] Pickup 57 Adena (12)[268507357] BlazeFlash[268481366] 12 
[04.05.26 23:07:35] Pickup 1868 Thread (1)[268507358] BlazeFlash[268481366] 1 
[04.05.26 23:07:38] Pickup 57 Adena (9)[268507401] SolarBloom[268472827] 9 
[04.05.26 23:07:38] Pickup 57 Adena (10)[268507432] RioVeil[268490445] 10 
[04.05.26 23:07:39] Pickup 57 Adena (9)[268507433] DarkStrike[268464043] 9 
[04.05.26 23:07:42] Pickup 57 Adena (11)[268507520] SolarZone[268472146] 11 
[04.05.26 23:07:45] Pickup 57 Adena (17)[268507569] DarkZone[268463837] 17 
[04.05.26 23:07:47] Pickup 57 Adena (11)[268507611] DarkStrike[268464043] 11 
[04.05.26 23:07:47] Pickup 57 Adena (8)[268507612] VexStone[268488409] 8 
[04.05.26 23:07:48] Pickup 57 Adena (8)[268507638] DarkBloom[268464240] 8 
[04.05.26 23:07:49] Pickup 57 Adena (5)[268507656] SolarBloom[268472827] 5 
[04.05.26 23:07:51] Pickup 57 Adena (22)[268507713] NeonEdge[268467545] 22 
[04.05.26 23:07:55] Pickup 57 Adena (20)[268507785] DarkStrike[268464043] 20 
[04.05.26 23:07:55] Pickup 57 Adena (10)[268507786] VexStone[268488409] 10 
[04.05.26 23:07:58] Pickup 57 Adena (29)[268507858] KexBloom[268489219] 29 
[04.05.26 23:07:58] Pickup 118 Magic Necklace (1)[268507859] KexBloom[268489219] 1 
[04.05.26 23:07:58] Pickup 57 Adena (10)[268507878] SolarBloom[268472827] 10 
[04.05.26 23:07:58] Pickup 57 Adena (7)[268507879] BlazeFlash[268481366] 7 
[04.05.26 23:08:04] Pickup 57 Adena (9)[268507975] BlazeFlash[268481366] 9 
[04.05.26 23:08:05] Pickup 57 Adena (6)[268508000] BlazeCore[268480624] 6 
[04.05.26 23:08:05] Pickup 57 Adena (16)[268508014] NeonEdge[268467545] 16 
[04.05.26 23:08:06] Pickup 57 Adena (8)[268508015] VexStone[268488409] 8 
[04.05.26 23:08:14] Pickup 57 Adena (6)[268508183] FrostCreek[268465669] 6 
[04.05.26 23:08:15] Pickup 57 Adena (9)[268508207] RapidCore[268469795] 9 
[04.05.26 23:08:15] Pickup 57 Adena (6)[268508214] RioVeil[268490445] 6 
[04.05.26 23:08:17] Pickup 57 Adena (17)[268508261] GrimVeil[268474911] 17 
[04.05.26 23:08:17] Pickup 57 Adena (9)[268508267] RuneSpark[268486385] 9 
[04.05.26 23:08:17] Pickup 21 Shirt (1)[268508268] RuneSpark[268486385] 1 
[04.05.26 23:08:19] Pickup 1868 Thread (1)[268508318] DarkBloom[268464240] 1 
[04.05.26 23:08:19] Pickup 57 Adena (11)[268508319] NeonEdge[268467545] 11 
[04.05.26 23:08:20] Pickup 57 Adena (4)[268508335] VoidWisp[268466912] 4 
[04.05.26 23:08:27] Pickup 57 Adena (5)[268508509] BlazeFlash[268481366] 5 
[04.05.26 23:08:30] Pickup 57 Adena (9)[268508574] ZanSerpent[268488017] 9 
[04.05.26 23:08:30] Pickup 57 Adena (6)[268508573] SolarBloom[268472827] 6 
[04.05.26 23:08:37] Pickup 57 Adena (16)[268508687] DarkStrike[268464043] 16 
[04.05.26 23:08:37] Pickup 1871 Charcoal (1)[268508688] DarkStrike[268464043] 1 
[04.05.26 23:08:39] Pickup 57 Adena (8)[268508751] DarkBloom[268464240] 8 
[04.05.26 23:08:42] Pickup 57 Adena (13)[268508806] NightStrike[268463352] 13 
[04.05.26 23:08:43] Pickup 57 Adena (4)[268508827] ShadowSoul[268462557] 4 
[04.05.26 23:08:43] Pickup 57 Adena (12)[268508834] DarkBloom[268464240] 12 
[04.05.26 23:08:45] Pickup 57 Adena (22)[268508864] DarkStrike[268464043] 22 
[04.05.26 23:08:46] Pickup 57 Adena (5)[268508903] KexZone[268488819] 5 
[04.05.26 23:08:46] Pickup 57 Adena (7)[268508904] DarkGloom[268464104] 7 
[04.05.26 23:08:47] Pickup 57 Adena (14)[268508910] RioClaw[268490242] 14 
[04.05.26 23:08:47] Pickup 308 Buffalo\'s Horn (1)[268508911] RioClaw[268490242] 1 
[04.05.26 23:08:47] Pickup 57 Adena (4)[268508920] DarkBloom[268464240] 4 
[04.05.26 23:08:47] Pickup 57 Adena (9)[268508921] NeonEdge[268467545] 9 
[04.05.26 23:08:48] Pickup 57 Adena (7)[268508922] GaleVeil[268484147] 7 
[04.05.26 23:08:49] Pickup 57 Adena (7)[268508953] NeonHawk[268467854] 7 
[04.05.26 23:08:51] Pickup 57 Adena (10)[268509013] DarkBloom[268464240] 10 
[04.05.26 23:08:54] Pickup 57 Adena (4)[268509082] ShadowSoul[268462557] 4 
[04.05.26 23:08:55] Pickup 57 Adena (8)[268509106] DarkBloom[268464240] 8 
[04.05.26 23:08:57] Pickup 57 Adena (15)[268509140] GrimVeil[268474911] 15 
[04.05.26 23:08:58] PvEPlayerDieDrop 1868 Thread (1)[268507089] DarkStrike[268464043] 1 
[04.05.26 23:09:00] Pickup 57 Adena (8)[268509202] KexBloom[268489219] 8 
[04.05.26 23:09:01] Pickup 57 Adena (8)[268509243] NioCrest[268490041] 8 
[04.05.26 23:09:02] Pickup 57 Adena (5)[268509244] NightGrove[268463635] 5 
[04.05.26 23:09:06] Pickup 57 Adena (6)[268509358] RuneDrake[268486590] 6 
[04.05.26 23:09:07] Pickup 57 Adena (4)[268509359] VenomSpark[268478807] 4 
[04.05.26 23:09:08] Pickup 57 Adena (5)[268509393] NightStrike[268463352] 5 
[04.05.26 23:09:11] Pickup 21 Shirt (1)[268509453] DarkGloom[268464104] 1 
[04.05.26 23:09:11] Pickup 57 Adena (6)[268509454] ShadowSoul[268462557] 6 
[04.05.26 23:09:11] Pickup 57 Adena (4)[268509458] NioCrest[268490041] 4 
[04.05.26 23:09:13] Pickup 57 Adena (9)[268509489] StormThorn[268466273] 9 
[04.05.26 23:09:13] Pickup 1060 Healing Potion (1)[268509490] StormThorn[268466273] 1 
[04.05.26 23:09:13] Pickup 57 Adena (16)[268509494] GrimVeil[268474911] 16 
[04.05.26 23:09:14] Pickup 57 Adena (10)[268509527] RuneDrake[268486590] 10 
[04.05.26 23:09:20] Pickup 57 Adena (24)[268509649] KexStrike[268489030] 24 
[04.05.26 23:09:21] Pickup 57 Adena (4)[268509657] DarkBloom[268464240] 4 
[04.05.26 23:09:22] Pickup 57 Adena (12)[268509665] RuneSpark[268486385] 12 
[04.05.26 23:09:25] Pickup 57 Adena (6)[268509744] DarkBloom[268464240] 6 
[04.05.26 23:09:26] Pickup 21 Shirt (1)[268509767] KexZone[268488819] 1 
[04.05.26 23:09:27] Pickup 57 Adena (10)[268509786] KexStrike[268489030] 10 
[04.05.26 23:09:28] Pickup 57 Adena (9)[268509800] NightHawk[268463307] 9 
[04.05.26 23:09:28] Pickup 57 Adena (10)[268509823] StormRidge[268466473] 10 
[04.05.26 23:09:31] Pickup 57 Adena (17)[268509861] NeonEdge[268467545] 17 
[04.05.26 23:09:31] Pickup 1867 Animal Skin (1)[268509862] NeonEdge[268467545] 1 
[04.05.26 23:09:31] Pickup 57 Adena (10)[268509863] GaleVeil[268484147] 10 
[04.05.26 23:09:31] Pickup 57 Adena (5)[268509878] SolarBloom[268472827] 5 
[04.05.26 23:09:31] Pickup 57 Adena (7)[268509889] BlazeWolf[268480991] 7 
[04.05.26 23:09:31] Pickup 57 Adena (6)[268509888] RuneDrake[268486590] 6 
[04.05.26 23:09:34] Pickup 57 Adena (10)[268509928] DarkStrike[268464043] 10 
[04.05.26 23:09:34] Pickup 57 Adena (7)[268509941] DarkGloom[268464104] 7 
[04.05.26 23:09:34] Pickup 1868 Thread (1)[268509942] DarkGloom[268464104] 1 
[04.05.26 23:09:38] Pickup 57 Adena (13)[268510047] NightStrike[268463352] 13 
[04.05.26 23:09:39] Pickup 21 Shirt (1)[268510075] SolarBloom[268472827] 1 
[04.05.26 23:09:39] Pickup 57 Adena (7)[268510084] RuneSpark[268486385] 7 
[04.05.26 23:09:40] Pickup 28 Pants (1)[268510093] KexZone[268488819] 1 
[04.05.26 23:09:41] Pickup 21 Shirt (1)[268510123] ShadowSoul[268462557] 1 
[04.05.26 23:09:43] Pickup 1871 Charcoal (1)[268510159] NeonEdge[268467545] 1 
[04.05.26 23:09:45] Pickup 28 Pants (1)[268510208] KexZone[268488819] 1 
[04.05.26 23:09:45] Pickup 57 Adena (11)[268510213] RuneDrake[268486590] 11 
[04.05.26 23:09:46] Pickup 57 Adena (12)[268510237] DarkBloom[268464240] 12 
[04.05.26 23:09:46] Pickup 1871 Charcoal (1)[268510238] DarkBloom[268464240] 1 
[04.05.26 23:09:49] Pickup 1868 Thread (1)[268510281] DarkStrike[268464043] 1 
[04.05.26 23:09:49] Pickup 57 Adena (5)[268510298] NioCrest[268490041] 5 
[04.05.26 23:09:49] Pickup 462 Stockings (1)[268510299] NioCrest[268490041] 1 
[04.05.26 23:09:50] Pickup 57 Adena (25)[268510324] GrimVeil[268474911] 25 
[04.05.26 23:09:50] Pickup 1871 Charcoal (1)[268510325] GrimVeil[268474911] 1 
[04.05.26 23:09:51] Pickup 57 Adena (8)[268510336] StormFang[268465860] 8 
[04.05.26 23:09:55] Pickup 462 Stockings (1)[268510421] StormFang[268465860] 1 
[04.05.26 23:09:55] Pickup 57 Adena (15)[268510422] RapidCore[268469795] 15 
[04.05.26 23:09:56] Pickup 118 Magic Necklace (1)[268510423] NeonEdge[268467545] 1 
[04.05.26 23:09:56] Pickup 57 Adena (7)[268510437] RogueRage[268475967] 7 
[04.05.26 23:09:56] Pickup 57 Adena (6)[268510451] KexZone[268488819] 6 
[04.05.26 23:09:56] Pickup 28 Pants (1)[268510452] KexZone[268488819] 1 
[04.05.26 23:09:56] Pickup 1786 Recipe: Broadsword (1)[268510453] KexZone[268488819] 1 
[04.05.26 23:09:57] Pickup 57 Adena (6)[268510472] VenomHawk[268478442] 6 
[04.05.26 23:09:58] Pickup 57 Adena (4)[268510473] NightField[268463612] 4 
[04.05.26 23:09:58] Pickup 57 Adena (11)[268510501] NightGloom[268463418] 11 
[04.05.26 23:09:59] Pickup 57 Adena (4)[268510502] NightStrike[268463352] 4 
[04.05.26 23:09:59] Pickup 57 Adena (5)[268510518] DarkBloom[268464240] 5 
[04.05.26 23:09:59] Pickup 57 Adena (5)[268510523] StormFang[268465860] 5 
[04.05.26 23:09:59] Pickup 21 Shirt (1)[268510524] StormFang[268465860] 1 
[04.05.26 23:10:02] Pickup 57 Adena (5)[268510592] DawnSoul[268485358] 5 
[04.05.26 23:10:02] Pickup 28 Pants (1)[268510593] DawnSoul[268485358] 1 
[04.05.26 23:10:03] Pickup 57 Adena (6)[268510608] StormFang[268465860] 6 
[04.05.26 23:10:04] Pickup 57 Adena (8)[268510609] NeonEdge[268467545] 8 
[04.05.26 23:10:05] Pickup 57 Adena (11)[268510648] GrimVeil[268474911] 11 
[04.05.26 23:10:05] Pickup 1868 Thread (1)[268510649] GrimVeil[268474911] 1 
[04.05.26 23:10:06] Pickup 57 Adena (28)[268510650] DarkStrike[268464043] 28 
[04.05.26 23:10:11] Pickup 57 Adena (6)[268510769] ShadowHawk[268462654] 6 
[04.05.26 23:10:12] Pickup 57 Adena (8)[268510811] DuskThorn[268484956] 8 
[04.05.26 23:10:14] Pickup 57 Adena (14)[268510837] DarkBloom[268464240] 14 
[04.05.26 23:10:15] Pickup 57 Adena (11)[268510880] BlazeFlash[268481366] 11 
[04.05.26 23:10:16] Pickup 57 Adena (7)[268510904] RuneSpark[268486385] 7 
[04.05.26 23:10:16] Pickup 28 Pants (1)[268510905] RuneSpark[268486385] 1 
[04.05.26 23:10:17] Pickup 1867 Animal Skin (1)[268510906] FrostZone[268465268] 1 
[04.05.26 23:10:17] Pickup 57 Adena (10)[268510936] ShadowSoul[268462557] 10 
[04.05.26 23:10:22] Pickup 57 Adena (10)[268511021] BlazeWolf[268480991] 10 
[04.05.26 23:10:23] Pickup 1867 Animal Skin (1)[268511047] NeonEdge[268467545] 1 
[04.05.26 23:10:24] Pickup 57 Adena (8)[268511092] DuskThorn[268484956] 8 
[04.05.26 23:10:27] Pickup 57 Adena (6)[268511147] StormFang[268465860] 6 
[04.05.26 23:10:28] Pickup 57 Adena (5)[268511148] VenomHawk[268478442] 5 
[04.05.26 23:10:28] Pickup 462 Stockings (1)[268511149] VenomHawk[268478442] 1 
[04.05.26 23:10:28] Pickup 57 Adena (20)[268511177] RogueFang[268475622] 20 
[04.05.26 23:10:30] Pickup 57 Adena (13)[268511213] BlazeFlash[268481366] 13 
[04.05.26 23:10:32] Pickup 57 Adena (10)[268511226] DawnSoul[268485358] 10 
[04.05.26 23:10:32] Pickup 57 Adena (13)[268511236] DuskThorn[268484956] 13 
[04.05.26 23:10:33] Pickup 57 Adena (4)[268511262] ShadowSoul[268462557] 4 
[04.05.26 23:10:33] Pickup 426 Tunic (1)[268511263] ShadowSoul[268462557] 1 
[04.05.26 23:10:33] Pickup 57 Adena (10)[268511264] NightStrike[268463352] 10 
[04.05.26 23:10:34] Pickup 57 Adena (8)[268511265] DarkStrike[268464043] 8 
[04.05.26 23:10:34] Pickup 1868 Thread (1)[268511266] DarkStrike[268464043] 1 
[04.05.26 23:10:34] Pickup 57 Adena (4)[268511274] NioCrown[268489853] 4 
[04.05.26 23:10:35] Pickup 57 Adena (4)[268511307] BlazeWolf[268480991] 4 
[04.05.26 23:10:35] Pickup 57 Adena (11)[268511308] DarkBloom[268464240] 11 
[04.05.26 23:10:35] Pickup 1 Short Sword (1)[268511309] DarkBloom[268464240] 1 
[04.05.26 23:10:37] Pickup 57 Adena (10)[268511360] StormRidge[268466473] 10 
[04.05.26 23:10:37] Pickup 57 Adena (10)[268511361] ShadowCore[268462499] 10 
[04.05.26 23:10:38] Pickup 57 Adena (9)[268511362] GrimCreek[268475252] 9 
[04.05.26 23:10:38] Pickup 21 Shirt (1)[268511363] GrimCreek[268475252] 1 
[04.05.26 23:10:38] Pickup 57 Adena (7)[268511385] KexZone[268488819] 7 
[04.05.26 23:10:38] Pickup 57 Adena (13)[268511386] BlazeFlash[268481366] 13 
[04.05.26 23:10:39] Pickup 57 Adena (8)[268511412] DarkGloom[268464104] 8 
[04.05.26 23:10:41] Pickup 57 Adena (26)[268511446] NeonEdge[268467545] 26 
[04.05.26 23:10:42] Pickup 57 Adena (8)[268511463] RuneSpark[268486385] 8 
[04.05.26 23:10:42] Pickup 57 Adena (12)[268511477] GrimVeil[268474911] 12 
[04.05.26 23:10:43] Pickup 57 Adena (4)[268511490] DawnSoul[268485358] 4 
[04.05.26 23:10:43] Pickup 57 Adena (9)[268511500] StormFire[268466016] 9 
[04.05.26 23:10:43] Pickup 57 Adena (6)[268511501] KexZone[268488819] 6 
[04.05.26 23:10:44] Pickup 57 Adena (10)[268511534] RogueFang[268475622] 10 
[04.05.26 23:10:49] Pickup 57 Adena (20)[268511632] NeonEdge[268467545] 20 
[04.05.26 23:10:50] Pickup 57 Adena (8)[268511652] BoneBlade[268483130] 8 
[04.05.26 23:10:50] Pickup 57 Adena (6)[268511668] ZanSerpent[268488017] 6 
[04.05.26 23:10:51] Pickup 57 Adena (7)[268511676] DarkStrike[268464043] 7 
[04.05.26 23:10:51] Pickup 1868 Thread (1)[268511691] StormRidge[268466473] 1 
[04.05.26 23:10:52] Pickup 28 Pants (1)[268511719] NioWind[268489641] 1 
[04.05.26 23:10:56] Pickup 57 Adena (10)[268511787] ShadowMarsh[268462919] 10 
[04.05.26 23:10:56] Pickup 57 Adena (27)[268511810] RapidCore[268469795] 27 
[04.05.26 23:10:57] Pickup 57 Adena (27)[268511811] NeonEdge[268467545] 27 
[04.05.26 23:10:58] Pickup 57 Adena (28)[268511837] GrimVeil[268474911] 28 
[04.05.26 23:10:58] Pickup 57 Adena (4)[268511853] KexZone[268488819] 4 
[04.05.26 23:10:58] Pickup 1868 Thread (1)[268511854] KexZone[268488819] 1 
[04.05.26 23:11:01] Pickup 57 Adena (17)[268511930] StormFire[268466016] 17 
[04.05.26 23:11:02] Pickup 57 Adena (7)[268511936] SolarBloom[268472827] 7 
[04.05.26 23:11:02] Pickup 1871 Charcoal (1)[268511937] SolarBloom[268472827] 1 
[04.05.26 23:11:02] Pickup 57 Adena (6)[268511953] NioWind[268489641] 6 
[04.05.26 23:11:03] Pickup 57 Adena (7)[268511966] NightHawk[268463307] 7 
[04.05.26 23:11:05] Pickup 57 Adena (10)[268512005] RogueFang[268475622] 10 
[04.05.26 23:11:06] Pickup 57 Adena (6)[268512006] NioCrown[268489853] 6 
[04.05.26 23:11:06] Pickup 57 Adena (13)[268512017] GrimVeil[268474911] 13 
[04.05.26 23:11:06] Pickup 1867 Animal Skin (1)[268512018] GrimVeil[268474911] 1 
[04.05.26 23:11:06] PvEPlayerDieDrop 1868 Thread (1)[268509942] DarkGloom[268464104] 1 
[04.05.26 23:11:07] Pickup 57 Adena (6)[268512040] GrimClaw[268474564] 6 
[04.05.26 23:11:08] Pickup 57 Adena (4)[268512059] DarkStrike[268464043] 4 
[04.05.26 23:11:08] Pickup 57 Adena (4)[268512081] SolarBloom[268472827] 4 
[04.05.26 23:11:08] Pickup 57 Adena (11)[268512082] BlazeFlash[268481366] 11 
[04.05.26 23:11:09] Pickup 57 Adena (14)[268512083] ShadowCore[268462499] 14 
[04.05.26 23:11:12] Pickup 57 Adena (9)[268512153] DuskFang[268484552] 9 
[04.05.26 23:11:12] Pickup 1868 Thread (1)[268512154] DuskFang[268484552] 1 
[04.05.26 23:11:15] Pickup 57 Adena (10)[268512205] ShadowHawk[268462654] 10 
[04.05.26 23:11:17] Pickup 57 Adena (10)[268512252] NeonSpark[268468176] 10 
[04.05.26 23:11:19] Pickup 57 Adena (14)[268512307] RogueFang[268475622] 14 
[04.05.26 23:11:20] Pickup 57 Adena (5)[268512335] RuneSpark[268486385] 5 
[04.05.26 23:11:22] Pickup 57 Adena (28)[268512364] GrimVeil[268474911] 28 
[04.05.26 23:11:23] Pickup 57 Adena (4)[268512386] ShadowDrake[268463022] 4 
[04.05.26 23:11:23] PvEPlayerDieDrop 1868 Thread (3)[268501039] RapidCore[268469795] 3 
[04.05.26 23:11:24] Pickup 57 Adena (10)[268512425] VoidClaw[268466652] 10 
[04.05.26 23:11:24] Pickup 57 Adena (7)[268512426] WildGloom[268469129] 7 
[04.05.26 23:11:25] Pickup 57 Adena (29)[268512427] ShadowCore[268462499] 29 
[04.05.26 23:11:25] Pickup 57 Adena (4)[268512443] ArcField[268487188] 4 
[04.05.26 23:11:27] Pickup 57 Adena (6)[268512472] NeonSpark[268468176] 6 
[04.05.26 23:11:27] Pickup 57 Adena (10)[268512481] NightDrake[268463700] 10 
[04.05.26 23:11:28] Pickup 57 Adena (13)[268512522] StormFire[268466016] 13 
[04.05.26 23:11:29] Pickup 57 Adena (8)[268512542] VoidZone[268466634] 8 
[04.05.26 23:11:31] Pickup 57 Adena (9)[268512569] RapidSerpent[268470780] 9 
[04.05.26 23:11:31] Pickup 57 Adena (9)[268512585] KexStrike[268489030] 9 
[04.05.26 23:11:32] PvEPlayerDieDrop 1788 Recipe: Bow (1)[268502642] NeonEdge[268467545] 1 
[04.05.26 23:11:33] Pickup 57 Adena (4)[268512625] VoidZone[268466634] 4 
[04.05.26 23:11:33] Pickup 57 Adena (8)[268512626] VenomHawk[268478442] 8 
[04.05.26 23:11:34] Pickup 57 Adena (30)[268512639] NeonEdge[268467545] 30 
[04.05.26 23:11:34] Pickup 1868 Thread (1)[268512661] NeonEdge[268467545] 1 
[04.05.26 23:11:35] Pickup 57 Adena (8)[268512680] RuneSpark[268486385] 8 
[04.05.26 23:11:37] Pickup 57 Adena (9)[268512712] NeonSpark[268468176] 9 
[04.05.26 23:11:37] Pickup 28 Pants (1)[268512719] ArcField[268487188] 1 
[04.05.26 23:11:37] Pickup 57 Adena (18)[268512720] RogueFang[268475622] 18 
[04.05.26 23:11:38] Pickup 57 Adena (12)[268512750] VoidZone[268466634] 12 
[04.05.26 23:11:38] Pickup 57 Adena (9)[268512751] DuskFang[268484552] 9 
[04.05.26 23:11:41] Pickup 57 Adena (9)[268512796] StormStrike[268466133] 9 
[04.05.26 23:11:41] Pickup 1867 Animal Skin (1)[268512797] StormStrike[268466133] 1 
[04.05.26 23:11:42] Pickup 57 Adena (10)[268512829] IronFlash[268464940] 10 
[04.05.26 23:11:44] Pickup 57 Adena (13)[268512871] StormFire[268466016] 13 
[04.05.26 23:11:44] Pickup 57 Adena (14)[268512872] StormRidge[268466473] 14 
[04.05.26 23:11:47] Pickup 57 Adena (13)[268512921] ShadowHawk[268462654] 13 
[04.05.26 23:11:49] Pickup 57 Adena (21)[268512975] StormRidge[268466473] 21 
[04.05.26 23:11:52] Pickup 57 Adena (7)[268513023] MysticSoul[268477015] 7 
[04.05.26 23:11:52] Pickup 28 Pants (1)[268513024] MysticSoul[268477015] 1 
[04.05.26 23:11:55] Pickup 57 Adena (9)[268513075] ShadowDrake[268463022] 9 
[04.05.26 23:11:55] Pickup 57 Adena (20)[268513096] VoidZone[268466634] 20 
[04.05.26 23:11:56] Pickup 57 Adena (8)[268513106] StormFang[268465860] 8 
[04.05.26 23:11:57] Pickup 57 Adena (16)[268513124] NeonEdge[268467545] 16 
[04.05.26 23:11:57] Pickup 1868 Thread (1)[268513125] NeonEdge[268467545] 1 
[04.05.26 23:12:00] Pickup 57 Adena (10)[268513210] VoidZone[268466634] 10 
[04.05.26 23:12:06] Pickup 57 Adena (4)[268513342] BoneBlade[268483130] 4 
[04.05.26 23:12:06] Pickup 28 Pants (1)[268513343] BoneBlade[268483130] 1 
[04.05.26 23:12:07] Pickup 57 Adena (8)[268513358] NightStrike[268463352] 8 
[04.05.26 23:12:09] Pickup 57 Adena (7)[268513399] NeonSpark[268468176] 7 
[04.05.26 23:12:11] Pickup 57 Adena (23)[268513455] DarkStrike[268464043] 23 
[04.05.26 23:12:12] Pickup 57 Adena (9)[268513456] TioFang[268490851] 9 
[04.05.26 23:12:12] Pickup 57 Adena (4)[268513478] StormFang[268465860] 4 
[04.05.26 23:12:14] Pickup 57 Adena (6)[268513530] DarkStar[268463906] 6 
[04.05.26 23:12:17] Pickup 57 Adena (7)[268513591] NioWind[268489641] 7 
[04.05.26 23:12:19] Pickup 57 Adena (8)[268513616] RuneSpark[268486385] 8 
[04.05.26 23:12:21] Pickup 57 Adena (20)[268513656] NeonEdge[268467545] 20 
[04.05.26 23:12:22] Pickup 57 Adena (5)[268513669] NeonSpark[268468176] 5 
[04.05.26 23:12:24] Pickup 57 Adena (7)[268513725] GrimVeil[268474911] 7 
[04.05.26 23:12:25] Pickup 57 Adena (5)[268513743] NioWind[268489641] 5 
[04.05.26 23:12:28] Pickup 57 Adena (4)[268513783] TioFang[268490851] 4 
[04.05.26 23:12:28] Pickup 1867 Animal Skin (1)[268513784] TioFang[268490851] 1 
[04.05.26 23:12:28] Pickup 57 Adena (5)[268513813] DuskThorn[268484956] 5 
[04.05.26 23:12:29] Pickup 57 Adena (5)[268513826] NioWind[268489641] 5 
[04.05.26 23:12:30] Pickup 57 Adena (8)[268513846] DarkGloom[268464104] 8 
[04.05.26 23:12:30] Pickup 1060 Healing Potion (1)[268513847] DarkGloom[268464104] 1 
[04.05.26 23:12:30] Pickup 57 Adena (17)[268513848] RogueFang[268475622] 17 
[04.05.26 23:12:34] Pickup 57 Adena (7)[268513912] DarkField[268464317] 7 
[04.05.26 23:12:34] Pickup 57 Adena (10)[268513923] NeonSpark[268468176] 10 
[04.05.26 23:12:35] Pickup 28 Pants (1)[268513944] FrostClaw[268465289] 1 
[04.05.26 23:12:35] Pickup 57 Adena (13)[268513959] DarkStar[268463906] 13 
[04.05.26 23:12:38] Pickup 57 Adena (5)[268514012] TioFang[268490851] 5 
[04.05.26 23:12:38] Pickup 57 Adena (16)[268514021] GhostGloom[268479895] 16 
[04.05.26 23:12:40] Pickup 21 Shirt (1)[268514059] NeonHawk[268467854] 1 
[04.05.26 23:12:41] Pickup 57 Adena (11)[268514107] NightStrike[268463352] 11 
[04.05.26 23:12:41] Pickup 1868 Thread (1)[268514108] NightStrike[268463352] 1 
[04.05.26 23:12:41] Pickup 1833 Bandage (1)[268514109] RogueFang[268475622] 1 
[04.05.26 23:12:43] Pickup 57 Adena (19)[268514146] NeonEdge[268467545] 19 
[04.05.26 23:12:46] Pickup 57 Adena (26)[268514195] GrimVeil[268474911] 26 
[04.05.26 23:12:48] Pickup 57 Adena (11)[268514265] StormRidge[268466473] 11 
[04.05.26 23:12:48] Pickup 1833 Bandage (1)[268514266] StormRidge[268466473] 1 
[04.05.26 23:12:49] Pickup 57 Adena (7)[268514274] StormStrike[268466133] 7 
[04.05.26 23:12:51] Pickup 57 Adena (27)[268514307] ShadowCore[268462499] 27 
[04.05.26 23:12:51] Pickup 57 Adena (7)[268514316] DuskFang[268484552] 7 
[04.05.26 23:12:51] Pickup 28 Pants (1)[268514317] DuskFang[268484552] 1 
[04.05.26 23:12:52] Pickup 57 Adena (4)[268514318] FrostClaw[268465289] 4 
[04.05.26 23:12:52] Pickup 57 Adena (5)[268514327] NightEdge[268463107] 5 
[04.05.26 23:12:52] Pickup 28 Pants (1)[268514328] NightEdge[268463107] 1 
[04.05.26 23:12:55] Pickup 57 Adena (12)[268514388] VenomHawk[268478442] 12 
[04.05.26 23:12:56] Pickup 57 Adena (7)[268514420] DarkGloom[268464104] 7 
[04.05.26 23:12:59] Pickup 1868 Thread (1)[268514473] NeonEdge[268467545] 1 
[04.05.26 23:12:59] Pickup 57 Adena (7)[268514495] RuneSpark[268486385] 7 
[04.05.26 23:12:59] Pickup 462 Stockings (1)[268514496] RuneSpark[268486385] 1 
[04.05.26 23:13:01] Pickup 57 Adena (13)[268514531] DarkStrike[268464043] 13 
[04.05.26 23:13:01] Pickup 1867 Animal Skin (1)[268514532] DarkStrike[268464043] 1 
[04.05.26 23:13:01] Pickup 1 Short Sword (1)[268514533] StormStrike[268466133] 1 
[04.05.26 23:13:01] Pickup 57 Adena (9)[268514534] LunarGloom[268471410] 9 
[04.05.26 23:13:01] Pickup 28 Pants (1)[268514535] LunarGloom[268471410] 1 
[04.05.26 23:13:02] Pickup 57 Adena (6)[268514542] TioFang[268490851] 6 
[04.05.26 23:13:03] Pickup 57 Adena (27)[268514566] RapidCore[268469795] 27 
[04.05.26 23:13:03] Pickup 57 Adena (6)[268514575] NightStrike[268463352] 6 
[04.05.26 23:13:05] Pickup 57 Adena (6)[268514606] VenomHawk[268478442] 6 
[04.05.26 23:13:05] Pickup 57 Adena (10)[268514620] StormFire[268466016] 10 
[04.05.26 23:13:05] Pickup 57 Adena (5)[268514621] ZanSerpent[268488017] 5 
[04.05.26 23:13:05] Pickup 57 Adena (6)[268514622] LunarGrove[268471809] 6 
[04.05.26 23:13:09] Pickup 57 Adena (4)[268514714] LunarGrove[268471809] 4 
[04.05.26 23:13:13] Pickup 57 Adena (4)[268514776] NioCrown[268489853] 4 
[04.05.26 23:13:13] Pickup 57 Adena (6)[268514790] DarkStar[268463906] 6 
[04.05.26 23:13:16] Pickup 57 Adena (14)[268514840] GrimVeil[268474911] 14 
[04.05.26 23:13:17] Pickup 57 Adena (7)[268514884] DuskRidge[268485159] 7 
[04.05.26 23:13:18] Pickup 57 Adena (9)[268514906] VoidWisp[268466912] 9 
[04.05.26 23:13:19] Pickup 57 Adena (6)[268514907] DarkField[268464317] 6 
[04.05.26 23:13:19] Pickup 57 Adena (5)[268514920] VenomHawk[268478442] 5 
[04.05.26 23:13:21] Pickup 57 Adena (10)[268514971] DuskRidge[268485159] 10 
[04.05.26 23:13:22] Pickup 57 Adena (15)[268514995] StormFire[268466016] 15 
[04.05.26 23:13:23] Pickup 57 Adena (8)[268514996] DuskFang[268484552] 8 
[04.05.26 23:13:26] Pickup 57 Adena (17)[268515086] VoidWisp[268466912] 17 
[04.05.26 23:13:29] Pickup 57 Adena (4)[268515153] ZanSerpent[268488017] 4 
[04.05.26 23:13:30] Pickup 57 Adena (5)[268515160] NightStrike[268463352] 5 
[04.05.26 23:13:31] Pickup 57 Adena (22)[268515168] RapidCore[268469795] 22 
[04.05.26 23:13:31] Pickup 57 Adena (14)[268515169] NeonHawk[268467854] 14 
[04.05.26 23:13:32] Pickup 1786 Recipe: Broadsword (1)[268515211] VexGrove[268488616] 1 
[04.05.26 23:13:34] Pickup 57 Adena (6)[268515255] LunarFire[268471136] 6 
[04.05.26 23:13:37] Pickup 57 Adena (10)[268515316] ZanSerpent[268488017] 10 
[04.05.26 23:13:37] Pickup 57 Adena (8)[268515317] RuneSpark[268486385] 8 
[04.05.26 23:13:37] Pickup 308 Buffalo\'s Horn (1)[268515318] RuneSpark[268486385] 1 
[04.05.26 23:13:40] Pickup 57 Adena (24)[268515357] RapidCore[268469795] 24 
[04.05.26 23:13:40] Pickup 57 Adena (6)[268515376] StormFire[268466016] 6 
[04.05.26 23:13:40] Pickup 17 Wooden Arrow (24)[268515377] StormFire[268466016] 24 
[04.05.26 23:13:41] Pickup 57 Adena (8)[268515386] ZanSerpent[268488017] 8 
[04.05.26 23:13:41] Pickup 28 Pants (1)[268515387] ZanSerpent[268488017] 1 
[04.05.26 23:13:42] Pickup 57 Adena (20)[268515388] RogueFang[268475622] 20 
[04.05.26 23:13:42] Pickup 1868 Thread (1)[268515389] RogueFang[268475622] 1 
[04.05.26 23:13:43] Pickup 57 Adena (7)[268515433] BoneBlade[268483130] 7 
[04.05.26 23:13:43] Pickup 28 Pants (1)[268515434] BoneBlade[268483130] 1 
[04.05.26 23:13:44] Pickup 57 Adena (8)[268515461] VexGrove[268488616] 8 
[04.05.26 23:13:44] Pickup 28 Pants (1)[268515462] VexGrove[268488616] 1 
[04.05.26 23:13:45] Pickup 57 Adena (10)[268515477] StormRage[268466068] 10 
[04.05.26 23:13:45] Pickup 1786 Recipe: Broadsword (1)[268515478] StormRage[268466068] 1 
[04.05.26 23:13:46] Pickup 57 Adena (15)[268515491] TioFang[268490851] 15 
[04.05.26 23:13:48] Pickup 57 Adena (25)[268515546] GhostGloom[268479895] 25 
[04.05.26 23:13:48] Pickup 57 Adena (8)[268515568] NightSpark[268463508] 8 
[04.05.26 23:13:48] Pickup 57 Adena (4)[268515569] RuneSpark[268486385] 4 
[04.05.26 23:13:51] Pickup 57 Adena (7)[268515617] NioCrown[268489853] 7 
[04.05.26 23:13:52] Pickup 57 Adena (8)[268515634] NightStrike[268463352] 8 
[04.05.26 23:13:52] Pickup 57 Adena (12)[268515649] ShadowFang[268462459] 12 
[04.05.26 23:13:54] Pickup 57 Adena (8)[268515686] DarkStrike[268464043] 8 
[04.05.26 23:13:54] Pickup 1833 Bandage (1)[268515687] DarkStrike[268464043] 1 
[04.05.26 23:13:55] Pickup 57 Adena (10)[268515725] LunarFire[268471136] 10 
[04.05.26 23:13:55] Pickup 57 Adena (8)[268515726] StormFire[268466016] 8 
[04.05.26 23:13:56] Pickup 57 Adena (5)[268515751] IronStone[268464849] 5 
[04.05.26 23:13:58] Pickup 57 Adena (37)[268515771] RogueFang[268475622] 37 
[04.05.26 23:14:00] Pickup 57 Adena (28)[268515815] DarkBloom[268464240] 28 
[04.05.26 23:14:00] Pickup 1871 Charcoal (1)[268515816] DarkBloom[268464240] 1 
[04.05.26 23:14:01] Pickup 57 Adena (8)[268515834] DuskFang[268484552] 8 
[04.05.26 23:14:04] Pickup 57 Adena (9)[268515913] ShadowDrake[268463022] 9 
[04.05.26 23:14:04] Pickup 57 Adena (19)[268515927] StormFire[268466016] 19 
[04.05.26 23:14:05] Pickup 57 Adena (27)[268515938] GhostGloom[268479895] 27 
[04.05.26 23:14:06] Pickup 57 Adena (7)[268515970] LunarFire[268471136] 7 
[04.05.26 23:14:06] Pickup 28 Pants (1)[268515971] LunarFire[268471136] 1 
[04.05.26 23:14:08] Pickup 57 Adena (5)[268516023] StormRage[268466068] 5 
[04.05.26 23:14:11] Pickup 57 Adena (8)[268516055] RogueFang[268475622] 8 
[04.05.26 23:14:12] Pickup 57 Adena (20)[268516092] NeonEdge[268467545] 20 
[04.05.26 23:14:12] Pickup 112 Apprentice\'s Earring (1)[268516093] NeonEdge[268467545] 1 
[04.05.26 23:14:13] Pickup 57 Adena (8)[268516113] DarkWolf[268464021] 8 
[04.05.26 23:14:15] Pickup 57 Adena (27)[268516147] GrimVeil[268474911] 27 
[04.05.26 23:14:15] Pickup 1868 Thread (1)[268516148] GrimVeil[268474911] 1 
[04.05.26 23:14:16] Pickup 57 Adena (17)[268516166] DarkBloom[268464240] 17 
[04.05.26 23:14:16] Pickup 1833 Bandage (1)[268516167] DarkBloom[268464240] 1 
[04.05.26 23:14:16] Pickup 57 Adena (8)[268516173] VenomHawk[268478442] 8 
[04.05.26 23:14:16] Pickup 57 Adena (8)[268516174] NioCrown[268489853] 8 
[04.05.26 23:14:16] Pickup 1868 Thread (1)[268516175] NioCrown[268489853] 1 
[04.05.26 23:14:16] Pickup 1867 Animal Skin (1)[268516190] LunarField[268471757] 1 
[04.05.26 23:14:16] Pickup 57 Adena (5)[268516191] SkullFire[268481921] 5 
[04.05.26 23:14:18] Pickup 57 Adena (9)[268516226] StormRage[268466068] 9 
[04.05.26 23:14:19] Pickup 57 Adena (9)[268516244] StormFire[268466016] 9 
[04.05.26 23:14:20] Pickup 57 Adena (22)[268516257] RogueThorn[268476311] 22 
[04.05.26 23:14:20] Pickup 21 Shirt (1)[268516272] SkullFire[268481921] 1 
[04.05.26 23:14:23] Pickup 57 Adena (7)[268516310] RogueFang[268475622] 7 
[04.05.26 23:14:28] Pickup 57 Adena (6)[268516422] NightStrike[268463352] 6 
[04.05.26 23:14:28] Pickup 57 Adena (14)[268516447] BlazeCore[268480624] 14 
[04.05.26 23:14:28] Pickup 1867 Animal Skin (1)[268516448] BlazeCore[268480624] 1 
[04.05.26 23:14:28] Pickup 57 Adena (5)[268516449] StormRage[268466068] 5 
[04.05.26 23:14:29] Pickup 57 Adena (18)[268516474] StormFire[268466016] 18 
[04.05.26 23:14:30] Pickup 57 Adena (8)[268516475] StormRidge[268466473] 8 
[04.05.26 23:14:31] Pickup 57 Adena (8)[268516499] TioFang[268490851] 8 
[04.05.26 23:14:31] Pickup 57 Adena (8)[268516500] NioCrown[268489853] 8 
[04.05.26 23:14:31] Pickup 21 Shirt (1)[268516501] NioCrown[268489853] 1 
[04.05.26 23:14:31] Pickup 57 Adena (5)[268516509] KexBloom[268489219] 5 
[04.05.26 23:14:31] Pickup 1060 Healing Potion (1)[268516510] BoneBlade[268483130] 1 
[04.05.26 23:14:32] Pickup 57 Adena (41)[268516526] RapidCore[268469795] 41 
[04.05.26 23:14:32] Pickup 57 Adena (26)[268516527] NeonEdge[268467545] 26 
[04.05.26 23:14:33] Pickup 57 Adena (10)[268516557] SolarSerpent[268473151] 10 
[04.05.26 23:14:40] Pickup 57 Adena (21)[268516711] NeonEdge[268467545] 21 
[04.05.26 23:14:41] Pickup 57 Adena (9)[268516738] VenomHawk[268478442] 9 
[04.05.26 23:14:41] Pickup 28 Pants (1)[268516739] VenomHawk[268478442] 1 
[04.05.26 23:14:42] Pickup 1060 Healing Potion (1)[268516769] VexGrove[268488616] 1 
[04.05.26 23:14:42] Pickup 57 Adena (15)[268516770] BlazeCore[268480624] 15 
[04.05.26 23:14:42] Pickup 1867 Animal Skin (1)[268516771] BlazeCore[268480624] 1 
[04.05.26 23:14:42] Pickup 57 Adena (9)[268516772] ShadowEdge[268462478] 9 
[04.05.26 23:14:43] Pickup 57 Adena (4)[268516773] ZanSerpent[268488017] 4 
[04.05.26 23:14:43] Pickup 57 Adena (18)[268516789] StormFire[268466016] 18 
[04.05.26 23:14:43] Pickup 1786 Recipe: Broadsword (1)[268516790] StormFire[268466016] 1 
[04.05.26 23:14:44] Pickup 57 Adena (8)[268516814] StormRage[268466068] 8 
[04.05.26 23:14:44] Pickup 21 Shirt (1)[268516815] StormRage[268466068] 1 
[04.05.26 23:14:45] Pickup 57 Adena (10)[268516827] VenomHawk[268478442] 10 
[04.05.26 23:14:45] Pickup 57 Adena (9)[268516831] DarkCrest[268464362] 9 
[04.05.26 23:14:45] Pickup 1871 Charcoal (1)[268516832] DarkCrest[268464362] 1 
[04.05.26 23:14:46] Pickup 57 Adena (4)[268516833] BoneBlade[268483130] 4 
[04.05.26 23:14:47] Pickup 57 Adena (4)[268516857] ZanSerpent[268488017] 4 
[04.05.26 23:14:47] Pickup 21 Shirt (1)[268516858] ZanSerpent[268488017] 1 
[04.05.26 23:14:51] Pickup 57 Adena (6)[268516972] ArcStar[268486794] 6 
[04.05.26 23:14:52] Pickup 57 Adena (7)[268516998] StormFire[268466016] 7 
[04.05.26 23:14:54] Pickup 57 Adena (27)[268517016] RogueThorn[268476311] 27 
[04.05.26 23:14:55] Pickup 57 Adena (25)[268517045] NeonEdge[268467545] 25 
[04.05.26 23:14:58] Pickup 57 Adena (6)[268517088] BoneBlade[268483130] 6 
[04.05.26 23:14:58] Pickup 57 Adena (16)[268517097] ShadowCore[268462499] 16 
[04.05.26 23:14:58] Pickup 57 Adena (17)[268517115] VoidStrike[268466846] 17 
[04.05.26 23:14:59] Pickup 57 Adena (6)[268517132] DuskRage[268484753] 6 
[04.05.26 23:15:08] Pickup 57 Adena (9)[268517325] RuneHawk[268486179] 9 
[04.05.26 23:15:09] Pickup 21 Shirt (1)[268517326] DuskRage[268484753] 1 
[04.05.26 23:15:09] Pickup 57 Adena (12)[268517349] StormFire[268466016] 12 
[04.05.26 23:15:10] Pickup 57 Adena (9)[268517350] BoneBlade[268483130] 9 
[04.05.26 23:15:10] Pickup 57 Adena (15)[268517351] RogueFang[268475622] 15 
[04.05.26 23:15:10] Pickup 1 Short Sword (1)[268517352] RogueFang[268475622] 1 
[04.05.26 23:15:10] Pickup 1833 Bandage (1)[268517353] RogueFang[268475622] 1 
[04.05.26 23:15:13] Pickup 57 Adena (7)[268517439] LunarFire[268471136] 7 
[04.05.26 23:15:14] Pickup 57 Adena (13)[268517453] BlazeCore[268480624] 13 
[04.05.26 23:15:15] Pickup 21 Shirt (1)[268517470] GrimStrike[268474873] 1 
[04.05.26 23:15:15] Pickup 57 Adena (7)[268517479] NioCrown[268489853] 7 
[04.05.26 23:15:16] Pickup 57 Adena (25)[268517501] GhostGloom[268479895] 25 
[04.05.26 23:15:17] Pickup 57 Adena (10)[268517518] DarkCrest[268464362] 10 
[04.05.26 23:15:17] Pickup 253 Spiked Gloves (1)[268517519] DarkCrest[268464362] 1 
[04.05.26 23:15:17] Pickup 1833 Bandage (1)[268517530] StormRidge[268466473] 1 
[04.05.26 23:15:18] Pickup 57 Adena (20)[268517559] DarkDrake[268464407] 20 
[04.05.26 23:15:18] Pickup 1871 Charcoal (1)[268517560] DarkDrake[268464407] 1 
[04.05.26 23:15:18] Pickup 57 Adena (8)[268517561] BlazeHawk[268480957] 8 
[04.05.26 23:15:19] Pickup 57 Adena (7)[268517562] ApexCrown[268473885] 7 
[04.05.26 23:15:20] Pickup 57 Adena (7)[268517616] RuneHawk[268486179] 7 
[04.05.26 23:15:21] Pickup 1 Short Sword (1)[268517628] DarkStrike[268464043] 1 
[04.05.26 23:15:29] Pickup 57 Adena (10)[268517804] LunarFire[268471136] 10 
[04.05.26 23:15:29] Pickup 21 Shirt (1)[268517805] LunarFire[268471136] 1 
[04.05.26 23:15:29] Pickup 57 Adena (12)[268517806] FrostFlash[268465618] 12 
[04.05.26 23:15:29] Pickup 28 Pants (1)[268517807] FrostFlash[268465618] 1 
[04.05.26 23:15:30] Pickup 57 Adena (8)[268517828] RogueCrest[268476627] 8 
[04.05.26 23:15:31] Pickup 57 Adena (5)[268517838] RapidHawk[268470088] 5 
[04.05.26 23:15:37] Pickup 57 Adena (26)[268517965] VoidWisp[268466912] 26 
[04.05.26 23:15:39] Pickup 57 Adena (9)[268517995] NightStrike[268463352] 9 
[04.05.26 23:15:40] Pickup 57 Adena (6)[268518045] KexBloom[268489219] 6 
[04.05.26 23:15:42] Pickup 57 Adena (30)[268518070] GhostGloom[268479895] 30 
[04.05.26 23:15:42] Pickup 57 Adena (5)[268518071] VenomFang[268478046] 5 
[04.05.26 23:15:42] Pickup 1060 Healing Potion (1)[268518072] VenomFang[268478046] 1 
[04.05.26 23:15:43] Pickup 57 Adena (10)[268518102] DuskRage[268484753] 10 
[04.05.26 23:15:46] Pickup 57 Adena (9)[268518172] DarkCrest[268464362] 9 
[04.05.26 23:15:47] Pickup 57 Adena (10)[268518194] StormRage[268466068] 10 
[04.05.26 23:15:47] Pickup 1867 Animal Skin (1)[268518195] StormRage[268466068] 1 
[04.05.26 23:15:47] Pickup 57 Adena (15)[268518196] DarkDrake[268464407] 15 
[04.05.26 23:15:47] Pickup 1871 Charcoal (1)[268518197] DarkDrake[268464407] 1 
[04.05.26 23:15:48] Pickup 57 Adena (10)[268518198] BoneBlade[268483130] 10 
[04.05.26 23:15:48] Pickup 57 Adena (6)[268518223] DuskRage[268484753] 6 
[04.05.26 23:15:51] Pickup 57 Adena (14)[268518288] GhostGloom[268479895] 14 
[04.05.26 23:15:51] Pickup 1 Short Sword (1)[268518289] GhostGloom[268479895] 1 
[04.05.26 23:15:52] Pickup 57 Adena (4)[268518317] LunarFire[268471136] 4 
[04.05.26 23:15:52] Pickup 57 Adena (8)[268518318] StormFire[268466016] 8 
[04.05.26 23:15:52] Pickup 28 Pants (1)[268518319] StormFire[268466016] 1 
[04.05.26 23:15:52] Pickup 17 Wooden Arrow (18)[268518320] StormFire[268466016] 18 
[04.05.26 23:15:59] Pickup 57 Adena (27)[268518462] ShadowCore[268462499] 27 
[04.05.26 23:15:59] Pickup 1867 Animal Skin (1)[268518463] ShadowCore[268462499] 1 
[04.05.26 23:15:59] Pickup 57 Adena (4)[268518475] BlazeHawk[268480957] 4 
[04.05.26 23:16:08] Pickup 57 Adena (13)[268518635] RogueWind[268475928] 13 
[04.05.26 23:16:08] Pickup 308 Buffalo\'s Horn (1)[268518636] RogueWind[268475928] 1 
[04.05.26 23:16:08] Pickup 28 Pants (1)[268518651] StormRage[268466068] 1 
[04.05.26 23:16:12] Pickup 28 Pants (1)[268518721] BoneBlade[268483130] 1 
[04.05.26 23:16:12] Pickup 57 Adena (6)[268518731] VoidWind[268466745] 6 
[04.05.26 23:16:18] Pickup 57 Adena (9)[268518858] StormRage[268466068] 9 
[04.05.26 23:16:18] Pickup 21 Shirt (1)[268518859] StormRage[268466068] 1 
[04.05.26 23:16:19] Pickup 57 Adena (7)[268518886] VenomFang[268478046] 7 
[04.05.26 23:16:19] Pickup 57 Adena (7)[268518887] SkullGloom[268482092] 7 
[04.05.26 23:16:19] Pickup 57 Adena (29)[268518898] LunarStone[268471449] 29 
[04.05.26 23:16:20] Pickup 57 Adena (10)[268518907] RapidHawk[268470088] 10 
[04.05.26 23:16:20] Pickup 1867 Animal Skin (1)[268518908] RapidHawk[268470088] 1 
[04.05.26 23:16:23] Pickup 57 Adena (8)[268518983] RapidCore[268469795] 8 
[04.05.26 23:16:24] Pickup 57 Adena (4)[268518984] BoneBlade[268483130] 4 
[04.05.26 23:16:25] Pickup 57 Adena (4)[268519012] MysticClaw[268476987] 4 
[04.05.26 23:16:26] Pickup 57 Adena (12)[268519029] NightStrike[268463352] 12 
[04.05.26 23:16:26] Pickup 57 Adena (17)[268519045] GrimVeil[268474911] 17 
[04.05.26 23:16:27] Pickup 57 Adena (8)[268519062] VenomRidge[268479126] 8 
[04.05.26 23:16:29] Pickup 57 Adena (7)[268519114] DuskRage[268484753] 7 
[04.05.26 23:16:30] Pickup 57 Adena (20)[268519119] ShadowCore[268462499] 20 
[04.05.26 23:16:32] Pickup 57 Adena (21)[268519184] LunarStone[268471449] 21 
[04.05.26 23:16:34] Pickup 57 Adena (10)[268519207] ShadowEdge[268462478] 10 
[04.05.26 23:16:34] Pickup 28 Pants (1)[268519213] ArcWisp[268486971] 1 
[04.05.26 23:16:34] Pickup 57 Adena (10)[268519229] StormRage[268466068] 10 
[04.05.26 23:16:34] Pickup 1868 Thread (1)[268519230] StormRage[268466068] 1 
[04.05.26 23:16:41] Pickup 57 Adena (25)[268519384] VoidWisp[268466912] 25 
[04.05.26 23:16:41] Pickup 1867 Animal Skin (1)[268519385] VoidWisp[268466912] 1 
[04.05.26 23:16:42] Pickup 57 Adena (6)[268519394] KexSerpent[268489401] 6 
[04.05.26 23:16:43] Pickup 57 Adena (14)[268519425] LunarFire[268471136] 14 
[04.05.26 23:16:45] Pickup 57 Adena (19)[268519459] ShadowCore[268462499] 19 
[04.05.26 23:16:45] Pickup 1871 Charcoal (1)[268519460] ShadowCore[268462499] 1 
[04.05.26 23:16:45] Pickup 57 Adena (10)[268519464] DarkDrake[268464407] 10 
[04.05.26 23:16:47] Pickup 57 Adena (18)[268519510] LunarStone[268471449] 18 
[04.05.26 23:16:48] Pickup 57 Adena (16)[268519511] NeonBlade[268467477] 16 
[04.05.26 23:16:48] Pickup 57 Adena (9)[268519512] VenomRidge[268479126] 9 
[04.05.26 23:16:48] Pickup 57 Adena (5)[268519536] KexSerpent[268489401] 5 
[04.05.26 23:16:50] Pickup 57 Adena (6)[268519556] BlazeDrake[268481681] 6 
[04.05.26 23:16:50] Pickup 28 Pants (1)[268519557] BlazeDrake[268481681] 1 
[04.05.26 23:16:50] Pickup 1060 Healing Potion (1)[268519558] BlazeDrake[268481681] 1 
[04.05.26 23:16:52] Pickup 57 Adena (4)[268519595] BoneBlade[268483130] 4 
[04.05.26 23:16:53] Pickup 57 Adena (8)[268519635] DarkCrest[268464362] 8 
[04.05.26 23:16:54] Pickup 57 Adena (20)[268519640] DarkBloom[268464240] 20 
[04.05.26 23:16:54] Pickup 118 Magic Necklace (1)[268519641] DarkBloom[268464240] 1 
[04.05.26 23:16:54] Pickup 57 Adena (10)[268519642] DuskRage[268484753] 10 
[04.05.26 23:16:55] Pickup 57 Adena (19)[268519673] GrimVeil[268474911] 19 
[04.05.26 23:16:55] Pickup 57 Adena (27)[268519686] LunarStone[268471449] 27 
[04.05.26 23:16:57] Pickup 57 Adena (8)[268519731] DuskBlade[268484532] 8 
[04.05.26 23:16:58] Pickup 57 Adena (10)[268519740] VoidZone[268466634] 10 
[04.05.26 23:17:00] Pickup 57 Adena (16)[268519790] LunarStone[268471449] 16 
[04.05.26 23:17:01] Pickup 116 Magic Ring (1)[268519817] RapidCore[268469795] 1 
[04.05.26 23:17:02] Pickup 57 Adena (13)[268519849] NightStrike[268463352] 13 
[04.05.26 23:17:05] Pickup 57 Adena (14)[268519903] VenomFang[268478046] 14 
[04.05.26 23:17:06] Pickup 57 Adena (10)[268519910] BlazeHawk[268480957] 10 
[04.05.26 23:17:08] Pickup 57 Adena (12)[268519958] LunarStone[268471449] 12 
[04.05.26 23:17:08] Pickup 1868 Thread (1)[268519959] LunarStone[268471449] 1 
[04.05.26 23:17:09] Pickup 57 Adena (6)[268519984] BlazeDrake[268481681] 6 
[04.05.26 23:17:09] Pickup 1868 Thread (1)[268520000] KexSerpent[268489401] 1 
[04.05.26 23:17:12] Pickup 57 Adena (23)[268520054] RogueThorn[268476311] 23 
[04.05.26 23:17:14] Pickup 57 Adena (8)[268520100] DuskBlade[268484532] 8 
[04.05.26 23:17:14] Pickup 426 Tunic (1)[268520101] DuskBlade[268484532] 1 
[04.05.26 23:17:16] Pickup 57 Adena (28)[268520148] RapidCore[268469795] 28 
[04.05.26 23:17:17] Pickup 57 Adena (10)[268520181] GaleStrike[268484118] 10 
[04.05.26 23:17:20] Pickup 57 Adena (13)[268520234] NeonSpark[268468176] 13 
[04.05.26 23:17:20] Pickup 57 Adena (10)[268520252] VenomRidge[268479126] 10 
[04.05.26 23:17:20] Pickup 21 Shirt (1)[268520253] VenomRidge[268479126] 1 
[04.05.26 23:17:23] Pickup 57 Adena (10)[268520307] KexSerpent[268489401] 10 
[04.05.26 23:17:26] Pickup 57 Adena (15)[268520357] LunarStone[268471449] 15 
[04.05.26 23:17:26] Pickup 1868 Thread (1)[268520358] LunarStone[268471449] 1 
[04.05.26 23:17:28] Pickup 57 Adena (25)[268520413] RogueThorn[268476311] 25 
[04.05.26 23:17:30] Pickup 57 Adena (25)[268520452] StormRidge[268466473] 25 
[04.05.26 23:17:30] Pickup 1868 Thread (1)[268520453] StormRidge[268466473] 1 
[04.05.26 23:17:31] Pickup 57 Adena (15)[268520473] TioFang[268490851] 15 
[04.05.26 23:17:31] Pickup 118 Magic Necklace (1)[268520474] TioFang[268490851] 1 
[04.05.26 23:17:32] Pickup 57 Adena (4)[268520475] MysticCreek[268477686] 4 
[04.05.26 23:17:32] Pickup 21 Shirt (1)[268520476] MysticCreek[268477686] 1 
[04.05.26 23:17:32] Pickup 57 Adena (13)[268520477] VenomWind[268478360] 13 
[04.05.26 23:17:34] Pickup 57 Adena (23)[268520521] ShadowCore[268462499] 23 
[04.05.26 23:17:34] Pickup 57 Adena (6)[268520538] VenomRidge[268479126] 6 
[04.05.26 23:17:37] Pickup 57 Adena (14)[268520598] GrimVeil[268474911] 14 
[04.05.26 23:17:37] Pickup 57 Adena (6)[268520599] SkullStar[268481903] 6 
[04.05.26 23:17:38] Pickup 57 Adena (15)[268520605] BlazeFlash[268481366] 15 
[04.05.26 23:17:38] Pickup 57 Adena (12)[268520614] VoidZone[268466634] 12 
[04.05.26 23:17:38] Pickup 17 Wooden Arrow (22)[268520615] VoidZone[268466634] 22 
[04.05.26 23:17:39] Pickup 57 Adena (20)[268520641] DarkBloom[268464240] 20 
[04.05.26 23:17:40] Pickup 57 Adena (21)[268520647] LunarStone[268471449] 21 
[04.05.26 23:17:42] Pickup 57 Adena (10)[268520728] BlazeDrake[268481681] 10 
[04.05.26 23:17:43] PvEPlayerDieDrop 1867 Animal Skin (1)[268518908] RapidHawk[268470088] 1 
[04.05.26 23:17:43] Pickup 57 Adena (12)[268520740] SteelSerpent[268483102] 12 
[04.05.26 23:17:43] Pickup 57 Adena (5)[268520741] RogueCrest[268476627] 5 
[04.05.26 23:17:43] Pickup 57 Adena (7)[268520750] DuskBlade[268484532] 7 
[04.05.26 23:17:45] Pickup 57 Adena (21)[268520791] DarkStrike[268464043] 21 
[04.05.26 23:17:45] Pickup 116 Magic Ring (1)[268520792] DarkStrike[268464043] 1 
[04.05.26 23:17:45] Pickup 57 Adena (5)[268520802] DuskCrown[268484928] 5 
[04.05.26 23:17:45] Pickup 57 Adena (6)[268520803] VenomFang[268478046] 6 
[04.05.26 23:17:46] Pickup 57 Adena (17)[268520804] VenomWind[268478360] 17 
[04.05.26 23:17:46] Pickup 57 Adena (9)[268520805] ZanSpark[268487785] 9 
[04.05.26 23:17:48] Pickup 57 Adena (5)[268520856] KexSerpent[268489401] 5 
[04.05.26 23:17:48] Pickup 1060 Healing Potion (1)[268520857] KexSerpent[268489401] 1 
[04.05.26 23:17:49] Pickup 57 Adena (10)[268520895] DarkDrake[268464407] 10 
[04.05.26 23:17:52] Pickup 57 Adena (10)[268520966] SolarBloom[268472827] 10 
[04.05.26 23:17:54] Pickup 57 Adena (19)[268520992] DarkBloom[268464240] 19 
[04.05.26 23:17:55] Pickup 57 Adena (5)[268521028] SkullStar[268481903] 5 
[04.05.26 23:17:56] Pickup 57 Adena (8)[268521054] DuskBlade[268484532] 8 
[04.05.26 23:17:58] Pickup 1786 Recipe: Broadsword (1)[268521083] RogueCrest[268476627] 1 
[04.05.26 23:17:59] PvEPlayerDieDrop 1871 Charcoal (2)[268510238] DarkBloom[268464240] 2 
[04.05.26 23:18:00] Pickup 57 Adena (13)[268521133] FrostWolf[268465435] 13 
[04.05.26 23:18:03] Pickup 57 Adena (9)[268521177] ShadowCore[268462499] 9 
[04.05.26 23:18:04] Pickup 57 Adena (17)[268521208] DuskRidge[268485159] 17 
[04.05.26 23:18:04] Pickup 2136 Recipe: Cokes (1)[268521209] DuskRidge[268485159] 1 
[04.05.26 23:18:05] Pickup 57 Adena (10)[268521222] VenomRage[268478392] 10 
[04.05.26 23:18:05] Pickup 57 Adena (25)[268521242] ShadowSerpent[268463045] 25 
[04.05.26 23:18:05] Pickup 112 Apprentice\'s Earring (1)[268521243] ShadowSerpent[268463045] 1 
[04.05.26 23:18:08] Pickup 57 Adena (8)[268521281] RapidDrake[268470744] 8 
[04.05.26 23:18:09] Pickup 57 Adena (21)[268521324] StormFang[268465860] 21 
[04.05.26 23:18:09] Pickup 1868 Thread (1)[268521325] StormFang[268465860] 1 
[04.05.26 23:18:09] Pickup 1788 Recipe: Bow (1)[268521326] StormFang[268465860] 1 
[04.05.26 23:18:11] Pickup 57 Adena (17)[268521360] VenomWind[268478360] 17 
[04.05.26 23:18:14] Pickup 57 Adena (18)[268521412] LunarStone[268471449] 18 
[04.05.26 23:18:15] Pickup 57 Adena (8)[268521444] TioBlade[268490832] 8 
[04.05.26 23:18:17] Pickup 57 Adena (20)[268521480] BlazeCore[268480624] 20 
[04.05.26 23:18:17] Pickup 57 Adena (30)[268521481] NeonSpark[268468176] 30 
[04.05.26 23:18:17] Pickup 57 Adena (7)[268521482] FrostField[268465712] 7 
[04.05.26 23:18:17] Pickup 57 Adena (6)[268521490] VenomWind[268478360] 6 
[04.05.26 23:18:22] Pickup 57 Adena (7)[268521585] FrostField[268465712] 7 
[04.05.26 23:18:24] Pickup 57 Adena (14)[268521631] StormFang[268465860] 14 
[04.05.26 23:18:27] Pickup 57 Adena (29)[268521702] NeonSpark[268468176] 29 
[04.05.26 23:18:27] Pickup 1868 Thread (1)[268521714] RuneSpark[268486385] 1 
[04.05.26 23:18:29] Pickup 57 Adena (17)[268521736] DarkStrike[268464043] 17 
[04.05.26 23:18:29] Pickup 1833 Bandage (1)[268521737] DarkStrike[268464043] 1 
[04.05.26 23:18:29] Pickup 57 Adena (13)[268521760] ZanSpark[268487785] 13 
[04.05.26 23:18:29] Pickup 308 Buffalo\'s Horn (1)[268521761] ZanSpark[268487785] 1 
[04.05.26 23:18:31] Pickup 57 Adena (5)[268521797] KexSerpent[268489401] 5 
[04.05.26 23:18:31] Pickup 57 Adena (8)[268521798] NeonSpark[268468176] 8 
[04.05.26 23:18:32] Pickup 1121 Apprentice\'s Shoes (1)[268521816] FrostField[268465712] 1 
[04.05.26 23:18:35] Pickup 57 Adena (14)[268521872] NeonSpark[268468176] 14 
[04.05.26 23:18:37] Pickup 57 Adena (7)[268521928] DuskCrown[268484928] 7 
[04.05.26 23:18:37] Pickup 57 Adena (19)[268521929] RogueThorn[268476311] 19 
[04.05.26 23:18:38] Pickup 57 Adena (17)[268521958] BlazeCore[268480624] 17 
[04.05.26 23:18:38] Pickup 118 Magic Necklace (1)[268521959] BlazeCore[268480624] 1 
[04.05.26 23:18:40] Pickup 57 Adena (35)[268521977] KexZone[268488819] 35 
[04.05.26 23:18:41] Pickup 57 Adena (7)[268522009] DarkCrest[268464362] 7 
[04.05.26 23:18:41] Pickup 17 Wooden Arrow (12)[268522010] DarkCrest[268464362] 12 
[04.05.26 23:18:41] Pickup 57 Adena (19)[268522011] RogueFang[268475622] 19 
[04.05.26 23:18:41] Pickup 1788 Recipe: Bow (1)[268522012] RogueFang[268475622] 1 
[04.05.26 23:18:41] Pickup 57 Adena (11)[268522019] DuskBlade[268484532] 11 
[04.05.26 23:18:42] Pickup 57 Adena (13)[268522020] RuneSpark[268486385] 13 
[04.05.26 23:18:42] Pickup 1788 Recipe: Bow (1)[268522021] RuneSpark[268486385] 1 
[04.05.26 23:18:43] Pickup 57 Adena (6)[268522044] GaleBloom[268484326] 6 
[04.05.26 23:18:44] Pickup 57 Adena (13)[268522078] DarkZone[268463837] 13 
[04.05.26 23:18:44] Pickup 118 Magic Necklace (1)[268522079] DarkZone[268463837] 1 
[04.05.26 23:18:45] Pickup 57 Adena (6)[268522105] FrostField[268465712] 6 
[04.05.26 23:18:47] Pickup 28 Pants (1)[268522147] RogueCrest[268476627] 1 
[04.05.26 23:18:47] Pickup 57 Adena (10)[268522148] ShadowThorn[268462825] 10 
[04.05.26 23:18:48] Pickup 57 Adena (13)[268522158] ShadowCore[268462499] 13 
[04.05.26 23:18:49] Pickup 57 Adena (23)[268522212] ShadowSerpent[268463045] 23 
[04.05.26 23:18:50] Pickup 57 Adena (13)[268522224] DuskCrown[268484928] 13 
[04.05.26 23:18:50] Pickup 1868 Thread (1)[268522225] DuskCrown[268484928] 1 
[04.05.26 23:18:52] Pickup 57 Adena (11)[268522252] ShadowThorn[268462825] 11 
[04.05.26 23:18:52] Pickup 57 Adena (13)[268522261] GrimVeil[268474911] 13 
[04.05.26 23:18:53] Pickup 13 Short Bow (1)[268522285] ShadowRage[268462640] 1 
[04.05.26 23:18:53] Pickup 57 Adena (6)[268522286] ZanSpark[268487785] 6 
[04.05.26 23:18:55] Pickup 57 Adena (22)[268522324] DuskRidge[268485159] 22 
[04.05.26 23:18:56] Pickup 57 Adena (8)[268522333] FrostField[268465712] 8 
[04.05.26 23:18:57] Pickup 57 Adena (8)[268522370] ShadowFlash[268462865] 8 
[04.05.26 23:18:58] Pickup 57 Adena (10)[268522395] TioBlade[268490832] 10 
[04.05.26 23:19:00] Pickup 57 Adena (14)[268522424] NeonSpark[268468176] 14 
[04.05.26 23:19:01] Pickup 57 Adena (4)[268522459] MysticCreek[268477686] 4 
[04.05.26 23:19:01] Pickup 57 Adena (4)[268522460] FrostField[268465712] 4 
[04.05.26 23:19:03] Pickup 57 Adena (12)[268522505] DarkZone[268463837] 12 
[04.05.26 23:19:03] Pickup 57 Adena (9)[268522513] NioGrove[268490025] 9 
[04.05.26 23:19:04] Pickup 57 Adena (22)[268522525] StormRage[268466068] 22 
[04.05.26 23:19:04] Pickup 116 Magic Ring (1)[268522526] StormRage[268466068] 1 
[04.05.26 23:19:04] Pickup 1868 Thread (1)[268522527] DarkBloom[268464240] 1 
[04.05.26 23:19:04] Pickup 57 Adena (7)[268522540] RogueCrest[268476627] 7 
[04.05.26 23:19:04] Pickup 57 Adena (26)[268522541] KexBloom[268489219] 26 
[04.05.26 23:19:06] Pickup 57 Adena (6)[268522572] FrostField[268465712] 6 
[04.05.26 23:19:06] Pickup 1121 Apprentice\'s Shoes (1)[268522573] FrostField[268465712] 1 
[04.05.26 23:19:07] Pickup 57 Adena (18)[268522596] BlazeFlash[268481366] 18 
[04.05.26 23:19:09] Pickup 57 Adena (7)[268522649] VexGloom[268488392] 7 
[04.05.26 23:19:09] Pickup 1060 Healing Potion (1)[268522650] VexGloom[268488392] 1 
[04.05.26 23:19:11] Pickup 57 Adena (27)[268522682] DarkStrike[268464043] 27 
[04.05.26 23:19:13] Pickup 57 Adena (9)[268522733] GaleZone[268483910] 9 
[04.05.26 23:19:13] Pickup 1060 Healing Potion (1)[268522734] GaleZone[268483910] 1 
[04.05.26 23:19:15] Pickup 57 Adena (13)[268522790] DuskRidge[268485159] 13 
[04.05.26 23:19:15] Pickup 1833 Bandage (1)[268522791] DuskRidge[268485159] 1 
[04.05.26 23:19:16] Pickup 57 Adena (8)[268522798] FrostField[268465712] 8 
[04.05.26 23:19:17] Pickup 57 Adena (14)[268522810] DarkCrest[268464362] 14 
[04.05.26 23:19:17] Pickup 57 Adena (13)[268522824] NightStrike[268463352] 13 
[04.05.26 23:19:18] Pickup 57 Adena (8)[268522860] ArcMarsh[268487163] 8 
[04.05.26 23:19:20] Pickup 57 Adena (7)[268522887] BlazeHawk[268480957] 7 
[04.05.26 23:19:20] Pickup 21 Shirt (1)[268522888] BlazeHawk[268480957] 1 
[04.05.26 23:19:20] Pickup 57 Adena (20)[268522900] ShadowThorn[268462825] 20 
[04.05.26 23:19:24] Pickup 57 Adena (12)[268522967] DarkZone[268463837] 12 
[04.05.26 23:19:24] Pickup 1867 Animal Skin (1)[268522968] DarkZone[268463837] 1 
[04.05.26 23:19:25] Pickup 57 Adena (6)[268522984] ZanHawk[268487575] 6 
[04.05.26 23:19:25] Pickup 1867 Animal Skin (1)[268523007] ShadowRage[268462640] 1 
[04.05.26 23:19:25] Pickup 1787 Recipe: Willow Staff (1)[268523008] ShadowRage[268462640] 1 
[04.05.26 23:19:25] Pickup 57 Adena (26)[268523009] ShadowFlash[268462865] 26 
[04.05.26 23:19:27] Pickup 57 Adena (28)[268523056] RogueThorn[268476311] 28 
[04.05.26 23:19:28] Pickup 57 Adena (8)[268523072] SteelSerpent[268483102] 8 
[04.05.26 23:19:28] Pickup 28 Pants (1)[268523073] SteelSerpent[268483102] 1 
[04.05.26 23:19:30] Pickup 57 Adena (4)[268523096] KexSerpent[268489401] 4 
[04.05.26 23:19:30] Pickup 1868 Thread (1)[268523097] KexSerpent[268489401] 1 
[04.05.26 23:19:31] Pickup 57 Adena (4)[268523130] FrostField[268465712] 4 
[04.05.26 23:19:33] Pickup 57 Adena (9)[268523157] BlazeHawk[268480957] 9 
[04.05.26 23:19:33] Pickup 28 Pants (1)[268523158] BlazeHawk[268480957] 1 
[04.05.26 23:19:33] Pickup 57 Adena (6)[268523174] VexGloom[268488392] 6 
[04.05.26 23:19:34] Pickup 57 Adena (10)[268523193] NioFire[268489617] 10 
[04.05.26 23:19:35] Pickup 57 Adena (13)[268523223] IronGloom[268464828] 13 
[04.05.26 23:19:37] Pickup 57 Adena (33)[268523265] BlazeFlash[268481366] 33 
[04.05.26 23:19:37] Pickup 57 Adena (27)[268523264] GhostGloom[268479895] 27 
[04.05.26 23:19:37] Pickup 19 Small Shield (1)[268523266] BlazeFlash[268481366] 1 
[04.05.26 23:19:37] Pickup 57 Adena (13)[268523274] DuskCrown[268484928] 13 
[04.05.26 23:19:38] Pickup 57 Adena (17)[268523286] NioCrown[268489853] 17 
[04.05.26 23:19:40] Pickup 57 Adena (21)[268523334] DarkZone[268463837] 21 
[04.05.26 23:19:41] Pickup 57 Adena (19)[268523362] ZanSerpent[268488017] 19 
[04.05.26 23:19:42] Pickup 57 Adena (15)[268523381] RogueThorn[268476311] 15 
[04.05.26 23:19:42] Pickup 57 Adena (30)[268523382] ShadowWolf[268462676] 30 
[04.05.26 23:19:44] Pickup 1833 Bandage (1)[268523420] DuskRidge[268485159] 1 
[04.05.26 23:19:44] Pickup 57 Adena (6)[268523440] KexSerpent[268489401] 6 
[04.05.26 23:19:47] Pickup 1867 Animal Skin (1)[268523502] NioFire[268489617] 1 
[04.05.26 23:19:47] Pickup 57 Adena (8)[268523503] RapidDrake[268470744] 8 
[04.05.26 23:19:48] Pickup 57 Adena (24)[268523509] LunarStone[268471449] 24 
[04.05.26 23:19:48] Pickup 57 Adena (10)[268523510] RogueCrest[268476627] 10 
[04.05.26 23:19:51] Pickup 57 Adena (9)[268523579] DarkCrest[268464362] 9 
[04.05.26 23:19:51] Pickup 57 Adena (13)[268523580] ZanSerpent[268488017] 13 
[04.05.26 23:19:52] Pickup 57 Adena (33)[268523598] ShadowCore[268462499] 33 
[04.05.26 23:19:53] Pickup 57 Adena (12)[268523623] StormFire[268466016] 12 
[04.05.26 23:19:53] Pickup 57 Adena (32)[268523624] GhostGloom[268479895] 32 
[04.05.26 23:19:53] Pickup 57 Adena (9)[268523625] SteelHawk[268482676] 9 
[04.05.26 23:19:53] Pickup 17 Wooden Arrow (27)[268523626] SteelHawk[268482676] 27 
[04.05.26 23:19:53] Pickup 57 Adena (18)[268523627] DarkZone[268463837] 18 
[04.05.26 23:19:53] Pickup 118 Magic Necklace (1)[268523628] DarkZone[268463837] 1 
[04.05.26 23:19:53] Pickup 57 Adena (17)[268523637] StormThorn[268466273] 17 
[04.05.26 23:19:54] Pickup 57 Adena (8)[268523669] KexBloom[268489219] 8 
[04.05.26 23:19:54] Pickup 426 Tunic (1)[268523670] KexBloom[268489219] 1 
[04.05.26 23:19:55] Pickup 57 Adena (10)[268523684] ZanSerpent[268488017] 10 
[04.05.26 23:19:56] Pickup 57 Adena (14)[268523713] DuskRidge[268485159] 14 
[04.05.26 23:19:57] Pickup 57 Adena (8)[268523725] FrostField[268465712] 8 
[04.05.26 23:19:58] Pickup 57 Adena (10)[268523745] SteelHawk[268482676] 10 
[04.05.26 23:19:59] Pickup 57 Adena (16)[268523769] LunarStone[268471449] 16 
[04.05.26 23:19:59] Pickup 57 Adena (18)[268523770] StormRage[268466068] 18 
[04.05.26 23:19:59] Pickup 57 Adena (15)[268523771] StormFire[268466016] 15 
[04.05.26 23:20:00] Pickup 57 Adena (25)[268523777] NightStrike[268463352] 25 
[04.05.26 23:20:00] Pickup 17 Wooden Arrow (11)[268523778] NightStrike[268463352] 11 
[04.05.26 23:20:00] Pickup 57 Adena (37)[268523792] ShadowCore[268462499] 37 
[04.05.26 23:20:01] Pickup 1060 Healing Potion (1)[268523804] VenomRage[268478392] 1 
[04.05.26 23:20:02] Pickup 57 Adena (5)[268523828] NioFire[268489617] 5 
[04.05.26 23:20:02] Pickup 57 Adena (15)[268523839] RogueThorn[268476311] 15 
[04.05.26 23:20:02] Pickup 57 Adena (5)[268523840] RogueCrest[268476627] 5 
[04.05.26 23:20:07] Pickup 57 Adena (6)[268523945] FrostField[268465712] 6 
[04.05.26 23:20:08] Pickup 57 Adena (14)[268523966] ShadowCore[268462499] 14 
[04.05.26 23:20:08] Pickup 118 Magic Necklace (1)[268523967] ShadowCore[268462499] 1 
[04.05.26 23:20:09] Pickup 57 Adena (9)[268523990] SkullStrike[268482024] 9 
[04.05.26 23:20:09] Pickup 57 Adena (24)[268523991] NeonHawk[268467854] 24 
[04.05.26 23:20:09] PvEPlayerDieDrop 1868 Thread (1)[268514108] NightStrike[268463352] 1 
[04.05.26 23:20:10] Pickup 57 Adena (11)[268524003] DarkStrike[268464043] 11 
[04.05.26 23:20:10] Pickup 57 Adena (23)[268524004] NeonEdge[268467545] 23 
[04.05.26 23:20:10] Pickup 1868 Thread (1)[268524005] NeonEdge[268467545] 1 
[04.05.26 23:20:11] Pickup 57 Adena (29)[268524028] VenomHawk[268478442] 29 
[04.05.26 23:20:11] Pickup 57 Adena (7)[268524029] DuskCrown[268484928] 7 
[04.05.26 23:20:11] Pickup 28 Pants (1)[268524030] DuskCrown[268484928] 1 
[04.05.26 23:20:13] Pickup 57 Adena (8)[268524071] SteelHawk[268482676] 8 
[04.05.26 23:20:13] Pickup 57 Adena (28)[268524083] RuneSpark[268486385] 28 
[04.05.26 23:20:13] Pickup 116 Magic Ring (1)[268524084] RuneSpark[268486385] 1 
[04.05.26 23:20:14] Pickup 57 Adena (17)[268524092] KexZone[268488819] 17 
[04.05.26 23:20:15] Pickup 57 Adena (34)[268524115] NeonSpark[268468176] 34 
[04.05.26 23:20:16] Pickup 57 Adena (10)[268524149] ArcMarsh[268487163] 10 
[04.05.26 23:20:17] Pickup 57 Adena (7)[268524170] FrostField[268465712] 7 
[04.05.26 23:20:19] Pickup 1871 Charcoal (1)[268524209] DarkCrown[268464155] 1 
[04.05.26 23:20:19] Pickup 57 Adena (4)[268524210] BlazeHawk[268480957] 4 
[04.05.26 23:20:19] Pickup 57 Adena (10)[268524224] KexSerpent[268489401] 10 
[04.05.26 23:20:20] Pickup 57 Adena (7)[268524234] SteelSerpent[268483102] 7 
[04.05.26 23:20:20] Pickup 57 Adena (16)[268524248] StormThorn[268466273] 16 
[04.05.26 23:20:24] Pickup 57 Adena (18)[268524329] ZanSerpent[268488017] 18 
[04.05.26 23:20:25] Pickup 57 Adena (29)[268524349] ShadowCore[268462499] 29 
[04.05.26 23:20:28] Pickup 1788 Recipe: Bow (1)[268524408] DarkStrike[268464043] 1 
[04.05.26 23:20:28] Pickup 57 Adena (6)[268524409] FrostField[268465712] 6 
[04.05.26 23:20:30] Pickup 57 Adena (10)[268524450] RapidDrake[268470744] 10 
[04.05.26 23:20:30] Pickup 1060 Healing Potion (1)[268524451] RapidDrake[268470744] 1 
[04.05.26 23:20:30] Pickup 57 Adena (14)[268524452] NightFire[268463237] 14 
[04.05.26 23:20:30] Pickup 57 Adena (7)[268524453] SkullStrike[268482024] 7 
[04.05.26 23:20:30] Pickup 17 Wooden Arrow (23)[268524454] SkullStrike[268482024] 23 
[04.05.26 23:20:30] Pickup 57 Adena (5)[268524465] TioBlade[268490832] 5 
[04.05.26 23:20:31] Pickup 57 Adena (17)[268524475] SteelHawk[268482676] 17 
[04.05.26 23:20:31] Pickup 57 Adena (12)[268524488] NeonHawk[268467854] 12 
[04.05.26 23:20:32] Pickup 57 Adena (12)[268524489] DarkCrest[268464362] 12 
[04.05.26 23:20:32] Pickup 57 Adena (9)[268524490] NioFire[268489617] 9 
[04.05.26 23:20:32] Pickup 1867 Animal Skin (1)[268524491] NioFire[268489617] 1 
[04.05.26 23:20:33] Pickup 57 Adena (10)[268524528] BlazeHawk[268480957] 10 
[04.05.26 23:20:37] Pickup 57 Adena (15)[268524614] GhostGloom[268479895] 15 
[04.05.26 23:20:39] Pickup 57 Adena (18)[268524661] NioCrown[268489853] 18 
[04.05.26 23:20:40] Pickup 57 Adena (4)[268524678] ZanHawk[268487575] 4 
[04.05.26 23:20:40] Pickup 21 Shirt (1)[268524679] ZanHawk[268487575] 1 
[04.05.26 23:20:40] Pickup 57 Adena (10)[268524680] SteelHawk[268482676] 10 
[04.05.26 23:20:43] Pickup 57 Adena (22)[268524743] BlazeCore[268480624] 22 
[04.05.26 23:20:43] Pickup 57 Adena (4)[268524747] FrostField[268465712] 4 
[04.05.26 23:20:43] Pickup 57 Adena (5)[268524748] TioBlade[268490832] 5 
[04.05.26 23:20:44] Pickup 57 Adena (4)[268524761] SteelSerpent[268483102] 4 
[04.05.26 23:20:44] Pickup 1867 Animal Skin (1)[268524762] SteelSerpent[268483102] 1 
[04.05.26 23:20:44] Pickup 57 Adena (5)[268524779] VenomCreek[268478941] 5 
[04.05.26 23:20:45] Pickup 57 Adena (35)[268524795] BlazeFlash[268481366] 35 
[04.05.26 23:20:45] Pickup 57 Adena (6)[268524800] DarkCrest[268464362] 6 
[04.05.26 23:20:47] Pickup 57 Adena (28)[268524829] StormFang[268465860] 28 
[04.05.26 23:20:48] Pickup 462 Stockings (1)[268524846] VoidMarsh[268467231] 1 
[04.05.26 23:20:49] Pickup 1 Short Sword (1)[268524862] DarkStrike[268464043] 1 
[04.05.26 23:20:49] Pickup 57 Adena (15)[268524863] SteelHawk[268482676] 15 
[04.05.26 23:20:51] Pickup 57 Adena (6)[268524909] DarkCrown[268464155] 6 
[04.05.26 23:20:52] Pickup 57 Adena (10)[268524945] KexSerpent[268489401] 10 
[04.05.26 23:20:53] Pickup 57 Adena (18)[268524954] ShadowWolf[268462676] 18 
[04.05.26 23:20:54] Pickup 57 Adena (5)[268524966] NioCrown[268489853] 5 
[04.05.26 23:20:54] Pickup 116 Magic Ring (1)[268524967] NeonSpark[268468176] 1 
[04.05.26 23:20:56] Pickup 57 Adena (6)[268525014] NightBloom[268463551] 6 
[04.05.26 23:20:56] Pickup 17 Wooden Arrow (14)[268525015] NightBloom[268463551] 14 
[04.05.26 23:20:56] Pickup 57 Adena (6)[268525016] NioFire[268489617] 6 
[04.05.26 23:20:56] Pickup 57 Adena (14)[268525024] GhostGloom[268479895] 14 
[04.05.26 23:20:59] Pickup 57 Adena (16)[268525093] VoidWisp[268466912] 16 
[04.05.26 23:20:59] Pickup 1868 Thread (1)[268525094] VoidWisp[268466912] 1 
[04.05.26 23:21:00] Pickup 1868 Thread (1)[268525118] RapidCore[268469795] 1 
[04.05.26 23:21:03] Pickup 57 Adena (9)[268525187] ArcWisp[268486971] 9 
[04.05.26 23:21:04] Pickup 1868 Thread (1)[268525218] ShadowCore[268462499] 1 
[04.05.26 23:21:04] Pickup 1802 Recipe: Necklace of Anguish (1)[268525219] ShadowCore[268462499] 1 
[04.05.26 23:21:04] Pickup 57 Adena (7)[268525220] VenomCreek[268478941] 7 
[04.05.26 23:21:04] Pickup 57 Adena (6)[268525221] BlazeHawk[268480957] 6 
[04.05.26 23:21:05] Pickup 57 Adena (32)[268525241] BlazeFlash[268481366] 32 
[04.05.26 23:21:05] Pickup 57 Adena (20)[268525242] DarkStrike[268464043] 20 
[04.05.26 23:21:06] Pickup 57 Adena (10)[268525253] GrimVeil[268474911] 10 
[04.05.26 23:21:06] Pickup 57 Adena (7)[268525264] GaleBloom[268484326] 7 
[04.05.26 23:21:06] Pickup 57 Adena (17)[268525265] SteelHawk[268482676] 17 
[04.05.26 23:21:06] Pickup 57 Adena (7)[268525274] StormWolf[268466107] 7 
[04.05.26 23:21:07] Pickup 57 Adena (22)[268525281] RogueThorn[268476311] 22 
[04.05.26 23:21:08] Pickup 57 Adena (6)[268525317] DarkCrest[268464362] 6 
[04.05.26 23:21:09] Pickup 57 Adena (19)[268525325] NightStrike[268463352] 19 
[04.05.26 23:21:09] Pickup 57 Adena (4)[268525336] FrostField[268465712] 4 
[04.05.26 23:21:13] Pickup 57 Adena (27)[268525410] GrimClaw[268474564] 27 
[04.05.26 23:21:13] Pickup 57 Adena (14)[268525411] SteelSerpent[268483102] 14 
[04.05.26 23:21:14] Pickup 57 Adena (6)[268525424] NightFire[268463237] 6 
[04.05.26 23:21:16] Pickup 57 Adena (13)[268525473] BlazeFang[268480533] 13 
[04.05.26 23:21:17] Pickup 57 Adena (7)[268525503] DuskCrown[268484928] 7 
[04.05.26 23:21:17] Pickup 57 Adena (19)[268525504] GhostGloom[268479895] 19 
[04.05.26 23:21:17] Pickup 57 Adena (10)[268525509] StormWolf[268466107] 10 
[04.05.26 23:21:17] Pickup 1788 Recipe: Bow (1)[268525510] StormWolf[268466107] 1 
[04.05.26 23:21:17] Pickup 116 Magic Ring (1)[268525511] NeonHawk[268467854] 1 
[04.05.26 23:21:17] Pickup 57 Adena (14)[268525512] BlazeCore[268480624] 14 
[04.05.26 23:21:18] Pickup 57 Adena (9)[268525536] RioGrove[268490714] 9 
[04.05.26 23:21:19] Pickup 57 Adena (6)[268525551] StormRidge[268466473] 6 
[04.05.26 23:21:19] Pickup 57 Adena (14)[268525552] SteelHawk[268482676] 14 
[04.05.26 23:21:21] Pickup 57 Adena (6)[268525582] GaleRidge[268484452] 6 
[04.05.26 23:21:21] Pickup 36 Leather Sandals (1)[268525593] FrostField[268465712] 1 
[04.05.26 23:21:24] Pickup 57 Adena (25)[268525644] BlazeFlash[268481366] 25 
[04.05.26 23:21:24] Pickup 57 Adena (7)[268525664] DuskCrown[268484928] 7 
[04.05.26 23:21:26] Pickup 57 Adena (7)[268525694] DarkCrest[268464362] 7 
[04.05.26 23:21:30] Pickup 57 Adena (9)[268525771] ArcMarsh[268487163] 9 
[04.05.26 23:21:30] Pickup 57 Adena (4)[268525772] StormWolf[268466107] 4 
[04.05.26 23:21:30] Pickup 1121 Apprentice\'s Shoes (1)[268525773] StormWolf[268466107] 1 
[04.05.26 23:21:31] Pickup 57 Adena (26)[268525795] LunarStone[268471449] 26 
[04.05.26 23:21:31] Pickup 1868 Thread (1)[268525796] LunarStone[268471449] 1 
[04.05.26 23:21:31] Pickup 57 Adena (16)[268525797] RogueThorn[268476311] 16 
[04.05.26 23:21:32] Pickup 57 Adena (14)[268525818] BoneGloom[268483498] 14 
[04.05.26 23:21:33] Pickup 57 Adena (4)[268525819] VenomCreek[268478941] 4 
[04.05.26 23:21:33] Pickup 57 Adena (4)[268525843] FrostField[268465712] 4 
[04.05.26 23:21:33] Pickup 57 Adena (8)[268525844] SkullStrike[268482024] 8 
[04.05.26 23:21:34] Pickup 57 Adena (4)[268525866] NioCrown[268489853] 4 
[04.05.26 23:21:35] Pickup 57 Adena (7)[268525881] GaleBloom[268484326] 7 
[04.05.26 23:21:35] Pickup 57 Adena (20)[268525882] ZanSerpent[268488017] 20 
[04.05.26 23:21:35] Pickup 1833 Bandage (1)[268525883] ZanSerpent[268488017] 1 
[04.05.26 23:21:36] Pickup 57 Adena (12)[268525903] NioFire[268489617] 12 
[04.05.26 23:21:37] Pickup 57 Adena (8)[268525917] DawnStrike[268485516] 8 
[04.05.26 23:21:37] Pickup 57 Adena (7)[268525936] ArcWisp[268486971] 7 
[04.05.26 23:21:39] Pickup 28 Pants (1)[268525962] DarkBloom[268464240] 1 
[04.05.26 23:21:39] Pickup 57 Adena (18)[268525977] GrimClaw[268474564] 18 
[04.05.26 23:21:39] Pickup 57 Adena (20)[268525978] DarkZone[268463837] 20 
[04.05.26 23:21:42] Pickup 57 Adena (23)[268526024] NightStone[268463441] 23 
[04.05.26 23:21:42] Pickup 57 Adena (13)[268526035] NeonHawk[268467854] 13 
[04.05.26 23:21:42] Pickup 1 Short Sword (1)[268526036] NeonHawk[268467854] 1 
[04.05.26 23:21:43] Pickup 57 Adena (7)[268526050] SolarBloom[268472827] 7 
[04.05.26 23:21:43] Pickup 118 Magic Necklace (1)[268526060] IronCrown[268464877] 1 
[04.05.26 23:21:45] Pickup 57 Adena (18)[268526105] DuskRidge[268485159] 18 
[04.05.26 23:21:46] Pickup 57 Adena (5)[268526119] DawnStrike[268485516] 5 
[04.05.26 23:21:46] Pickup 57 Adena (6)[268526133] DuskCrown[268484928] 6 
[04.05.26 23:21:46] Pickup 462 Stockings (1)[268526134] DuskCrown[268484928] 1 
[04.05.26 23:21:46] Pickup 57 Adena (14)[268526135] KexBloom[268489219] 14 
[04.05.26 23:21:46] Pickup 57 Adena (24)[268526150] BoneBlade[268483130] 24 
[04.05.26 23:21:46] Pickup 116 Magic Ring (1)[268526151] BoneBlade[268483130] 1 
[04.05.26 23:21:47] Pickup 57 Adena (4)[268526160] BoneGloom[268483498] 4 
[04.05.26 23:21:47] Pickup 1867 Animal Skin (1)[268526161] BoneGloom[268483498] 1 
[04.05.26 23:21:47] Pickup 57 Adena (26)[268526167] ShadowFlash[268462865] 26 
[04.05.26 23:21:48] Pickup 57 Adena (4)[268526168] GrimVeil[268474911] 4 
[04.05.26 23:21:48] Pickup 57 Adena (12)[268526192] BlazeThorn[268481279] 12 
[04.05.26 23:21:49] Pickup 57 Adena (13)[268526205] GrimBloom[268475219] 13 
[04.05.26 23:21:49] Pickup 57 Adena (11)[268526206] KexZone[268488819] 11 
[04.05.26 23:21:49] Pickup 57 Adena (14)[268526207] RioGrove[268490714] 14 
[04.05.26 23:21:49] Pickup 57 Adena (9)[268526208] NioFire[268489617] 9 
[04.05.26 23:21:49] Pickup 57 Adena (15)[268526209] ShadowWolf[268462676] 15 
[04.05.26 23:21:49] Pickup 36 Leather Sandals (1)[268526217] StormWolf[268466107] 1 
[04.05.26 23:21:49] Pickup 57 Adena (6)[268526218] VoidStrike[268466846] 6 
[04.05.26 23:21:51] Pickup 57 Adena (13)[268526243] GhostGloom[268479895] 13 
[04.05.26 23:21:52] Pickup 57 Adena (29)[268526272] DarkStrike[268464043] 29 
[04.05.26 23:21:53] Pickup 57 Adena (13)[268526303] FrostField[268465712] 13 
[04.05.26 23:21:53] Pickup 57 Adena (13)[268526304] BlazeThorn[268481279] 13 
[04.05.26 23:21:55] Pickup 57 Adena (30)[268526331] TioFang[268490851] 30 
[04.05.26 23:21:55] Pickup 1867 Animal Skin (1)[268526332] TioFang[268490851] 1 
[04.05.26 23:21:56] Pickup 57 Adena (15)[268526359] NeonSpark[268468176] 15 
[04.05.26 23:21:56] Pickup 57 Adena (14)[268526360] BoneGloom[268483498] 14 
[04.05.26 23:21:59] Pickup 57 Adena (8)[268526411] DawnStrike[268485516] 8 
[04.05.26 23:21:59] Pickup 57 Adena (10)[268526422] StormWolf[268466107] 10 
[04.05.26 23:22:01] Pickup 57 Adena (20)[268526471] VenomEdge[268478082] 20 
[04.05.26 23:22:02] Pickup 57 Adena (9)[268526483] NioFire[268489617] 9 
[04.05.26 23:22:03] Pickup 57 Adena (8)[268526496] RioGrove[268490714] 8 
[04.05.26 23:22:03] Pickup 57 Adena (5)[268526507] ArcWisp[268486971] 5 
[04.05.26 23:22:03] Pickup 1788 Recipe: Bow (1)[268526508] IronCrown[268464877] 1 
[04.05.26 23:22:04] Pickup 57 Adena (4)[268526534] StormWolf[268466107] 4 
[04.05.26 23:22:04] Pickup 57 Adena (4)[268526535] DarkThorn[268464178] 4 
[04.05.26 23:22:05] Pickup 57 Adena (9)[268526563] RapidDrake[268470744] 9 
[04.05.26 23:22:08] Pickup 57 Adena (13)[268526598] DawnStrike[268485516] 13 
[04.05.26 23:22:10] Pickup 57 Adena (13)[268526643] BoneGloom[268483498] 13 
[04.05.26 23:22:12] Pickup 57 Adena (10)[268526662] RogueCrest[268476627] 10 
[04.05.26 23:22:12] Pickup 57 Adena (7)[268526672] GaleBloom[268484326] 7 
[04.05.26 23:22:12] Pickup 57 Adena (11)[268526673] NightBloom[268463551] 11 
[04.05.26 23:22:13] Pickup 57 Adena (14)[268526688] BlazeCore[268480624] 14 
[04.05.26 23:22:13] Pickup 57 Adena (8)[268526696] NioFire[268489617] 8 
[04.05.26 23:22:14] Pickup 57 Adena (18)[268526717] ShadowWolf[268462676] 18 
[04.05.26 23:22:14] Pickup 57 Adena (16)[268526718] NeonSpark[268468176] 16 
[04.05.26 23:22:18] Pickup 57 Adena (16)[268526795] ShadowCore[268462499] 16 
[04.05.26 23:22:18] Pickup 57 Adena (7)[268526809] KexSerpent[268489401] 7 
[04.05.26 23:22:19] Pickup 57 Adena (18)[268526827] BlazeThorn[268481279] 18 
[04.05.26 23:22:20] Pickup 57 Adena (6)[268526836] BlazeWolf[268480991] 6 
[04.05.26 23:22:21] Pickup 57 Adena (30)[268526863] FrostClaw[268465289] 30 
[04.05.26 23:22:22] Pickup 57 Adena (9)[268526875] DarkCrown[268464155] 9 
[04.05.26 23:22:23] Pickup 21 Shirt (1)[268526896] DawnStrike[268485516] 1 
[04.05.26 23:22:23] Pickup 57 Adena (9)[268526916] StormWolf[268466107] 9 
[04.05.26 23:22:23] Pickup 41 Cloth Cap (1)[268526917] StormWolf[268466107] 1 
[04.05.26 23:22:24] Pickup 57 Adena (4)[268526925] DuskCrown[268484928] 4 
[04.05.26 23:22:25] Pickup 57 Adena (19)[268526950] ShadowSerpent[268463045] 19 
[04.05.26 23:22:25] Pickup 118 Magic Necklace (1)[268526951] ShadowSerpent[268463045] 1 
[04.05.26 23:22:26] Pickup 57 Adena (16)[268526960] NightGrove[268463635] 16 
[04.05.26 23:22:26] Pickup 57 Adena (4)[268526980] IronField[268465042] 4 
[04.05.26 23:22:28] Pickup 1867 Animal Skin (1)[268527005] DawnStrike[268485516] 1 
[04.05.26 23:22:29] Pickup 57 Adena (37)[268527040] VoidWisp[268466912] 37 
[04.05.26 23:22:29] Pickup 253 Spiked Gloves (1)[268527041] NightBloom[268463551] 1 
[04.05.26 23:22:29] Pickup 57 Adena (7)[268527042] BlazeWolf[268480991] 7 
[04.05.26 23:22:30] Pickup 57 Adena (7)[268527066] ArcWisp[268486971] 7 
[04.05.26 23:22:30] Pickup 57 Adena (28)[268527067] SolarBloom[268472827] 28 
[04.05.26 23:22:31] Pickup 1833 Bandage (1)[268527077] KexBloom[268489219] 1 
[04.05.26 23:22:32] Pickup 57 Adena (10)[268527093] ArcMarsh[268487163] 10 
[04.05.26 23:22:33] Pickup 57 Adena (17)[268527104] BlazeThorn[268481279] 17 
[04.05.26 23:22:33] Pickup 57 Adena (9)[268527118] VenomCrest[268479085] 9 
[04.05.26 23:22:33] Pickup 57 Adena (26)[268527119] NioCrest[268490041] 26 
[04.05.26 23:22:37] Pickup 57 Adena (24)[268527197] NeonSpark[268468176] 24 
[04.05.26 23:22:37] Pickup 57 Adena (10)[268527198] BlazeWolf[268480991] 10 
[04.05.26 23:22:37] Pickup 57 Adena (12)[268527199] DarkBloom[268464240] 12 
[04.05.26 23:22:38] Pickup 57 Adena (8)[268527223] StormWolf[268466107] 8 
[04.05.26 23:22:38] Pickup 28 Pants (1)[268527224] ShadowHawk[268462654] 1 
[04.05.26 23:22:39] Pickup 57 Adena (8)[268527225] DawnStrike[268485516] 8 
[04.05.26 23:22:40] Pickup 57 Adena (9)[268527248] GaleRidge[268484452] 9 
[04.05.26 23:22:42] Pickup 1868 Thread (1)[268527305] DarkStrike[268464043] 1 
[04.05.26 23:22:42] Pickup 57 Adena (7)[268527306] FrostStrike[268465454] 7 
[04.05.26 23:22:43] Pickup 57 Adena (8)[268527307] DarkHawk[268463997] 8 
[04.05.26 23:22:43] Pickup 57 Adena (21)[268527313] BoneBlade[268483130] 21 
[04.05.26 23:22:43] Pickup 57 Adena (5)[268527325] RapidDrake[268470744] 5 
[04.05.26 23:22:43] Pickup 57 Adena (5)[268527326] StormWolf[268466107] 5 
[04.05.26 23:22:43] Pickup 18 Leather Shield (1)[268527327] StormWolf[268466107] 1 
[04.05.26 23:22:44] Pickup 57 Adena (11)[268527338] StormRage[268466068] 11 
[04.05.26 23:22:44] Pickup 1871 Charcoal (1)[268527339] StormRage[268466068] 1 
[04.05.26 23:22:44] Pickup 1833 Bandage (1)[268527340] StormRage[268466068] 1 
[04.05.26 23:22:44] Pickup 57 Adena (12)[268527341] NioFire[268489617] 12 
[04.05.26 23:22:44] Pickup 57 Adena (10)[268527342] DawnCreek[268485739] 10 
[04.05.26 23:22:45] Pickup 57 Adena (7)[268527362] RioGrove[268490714] 7 
[04.05.26 23:22:45] Pickup 1868 Thread (1)[268527363] RioGrove[268490714] 1 
[04.05.26 23:22:47] Pickup 116 Magic Ring (1)[268527412] NioCrest[268490041] 1 
[04.05.26 23:22:48] Pickup 57 Adena (19)[268527439] NeonSpark[268468176] 19 
[04.05.26 23:22:48] Pickup 1871 Charcoal (1)[268527440] FrostField[268465712] 1 
[04.05.26 23:22:48] Pickup 57 Adena (15)[268527441] DawnStrike[268485516] 15 
[04.05.26 23:22:50] Pickup 57 Adena (13)[268527465] ZanWolf[268487597] 13 
[04.05.26 23:22:52] Pickup 57 Adena (11)[268527502] ArcWisp[268486971] 11 
[04.05.26 23:22:52] Pickup 1868 Thread (1)[268527503] ArcWisp[268486971] 1 
[04.05.26 23:22:52] Pickup 57 Adena (21)[268527515] DarkZone[268463837] 21 
[04.05.26 23:22:53] Pickup 57 Adena (26)[268527530] GrimCreek[268475252] 26 
[04.05.26 23:22:53] Pickup 112 Apprentice\'s Earring (1)[268527531] GrimCreek[268475252] 1 
[04.05.26 23:22:53] Pickup 57 Adena (8)[268527532] BlazeWolf[268480991] 8 
[04.05.26 23:22:53] Pickup 57 Adena (13)[268527533] IronGloom[268464828] 13 
[04.05.26 23:22:53] Pickup 57 Adena (8)[268527537] StormWolf[268466107] 8 
[04.05.26 23:22:55] Pickup 57 Adena (25)[268527563] BlazeCore[268480624] 25 
[04.05.26 23:22:55] Pickup 1867 Animal Skin (1)[268527564] ShadowFlash[268462865] 1 
[04.05.26 23:22:56] Pickup 57 Adena (8)[268527580] RapidHawk[268470088] 8 
[04.05.26 23:22:56] Pickup 1060 Healing Potion (1)[268527581] RapidHawk[268470088] 1 
[04.05.26 23:22:56] Pickup 57 Adena (4)[268527589] ArcMarsh[268487163] 4 
[04.05.26 23:22:57] Pickup 57 Adena (14)[268527604] StormRage[268466068] 14 
[04.05.26 23:22:58] Pickup 57 Adena (7)[268527613] GaleBloom[268484326] 7 
[04.05.26 23:22:58] Pickup 57 Adena (21)[268527614] ShadowCore[268462499] 21 
[04.05.26 23:22:58] Pickup 57 Adena (9)[268527623] VenomCreek[268478941] 9 
[04.05.26 23:22:58] Pickup 57 Adena (9)[268527624] DarkHawk[268463997] 9 
[04.05.26 23:22:58] Pickup 13 Short Bow (1)[268527625] DarkHawk[268463997] 1 
[04.05.26 23:22:58] Pickup 57 Adena (7)[268527634] FrostField[268465712] 7 
[04.05.26 23:22:58] Pickup 57 Adena (4)[268527635] StormWolf[268466107] 4 
[04.05.26 23:22:59] Pickup 57 Adena (16)[268527647] BlazeFlash[268481366] 16 
[04.05.26 23:22:59] Pickup 57 Adena (8)[268527648] RapidCore[268469795] 8 
[04.05.26 23:23:03] Pickup 57 Adena (6)[268527718] DarkWind[268463951] 6 
[04.05.26 23:23:03] Pickup 57 Adena (20)[268527726] VenomDrake[268479161] 20 
[04.05.26 23:23:03] Pickup 57 Adena (8)[268527738] FrostField[268465712] 8 
[04.05.26 23:23:05] Pickup 57 Adena (10)[268527758] FrostCore[268465247] 10 
[04.05.26 23:23:05] Pickup 1868 Thread (1)[268527768] TioFang[268490851] 1 
[04.05.26 23:23:05] Pickup 57 Adena (14)[268527776] IronGloom[268464828] 14 
[04.05.26 23:23:05] Pickup 1871 Charcoal (1)[268527777] IronGloom[268464828] 1 
[04.05.26 23:23:07] Pickup 57 Adena (28)[268527824] ShadowWolf[268462676] 28 
[04.05.26 23:23:08] Pickup 57 Adena (36)[268527835] VoidWisp[268466912] 36 
[04.05.26 23:23:08] Pickup 1868 Thread (1)[268527836] VoidWisp[268466912] 1 
[04.05.26 23:23:08] Pickup 57 Adena (6)[268527844] GaleBloom[268484326] 6 
[04.05.26 23:23:09] Pickup 57 Adena (5)[268527861] StormWolf[268466107] 5 
[04.05.26 23:23:10] Pickup 57 Adena (14)[268527879] NeonCrown[268468106] 14 
[04.05.26 23:23:10] Pickup 28 Pants (1)[268527880] NeonCrown[268468106] 1 
[04.05.26 23:23:11] Pickup 57 Adena (10)[268527889] DarkCrest[268464362] 10 
[04.05.26 23:23:11] Pickup 57 Adena (16)[268527890] NeonSpark[268468176] 16 
[04.05.26 23:23:12] Pickup 57 Adena (4)[268527909] TioFang[268490851] 4 
[04.05.26 23:23:12] Pickup 57 Adena (16)[268527924] RuneSpark[268486385] 16 
[04.05.26 23:23:12] Pickup 57 Adena (13)[268527925] GhostGloom[268479895] 13 
[04.05.26 23:23:13] Pickup 57 Adena (9)[268527934] NightBloom[268463551] 9 
[04.05.26 23:23:13] Pickup 1871 Charcoal (1)[268527935] NightBloom[268463551] 1 
[04.05.26 23:23:14] Pickup 57 Adena (7)[268527949] DarkWind[268463951] 7 
[04.05.26 23:23:14] Pickup 1868 Thread (1)[268527950] DarkWind[268463951] 1 
[04.05.26 23:23:15] Pickup 57 Adena (10)[268527969] BoneBlade[268483130] 10 
[04.05.26 23:23:15] Pickup 57 Adena (8)[268527970] RioGrove[268490714] 8 
[04.05.26 23:23:15] Pickup 57 Adena (6)[268527971] FrostStrike[268465454] 6 
[04.05.26 23:23:15] Pickup 426 Tunic (1)[268527982] NeonCrown[268468106] 1 
[04.05.26 23:23:15] Pickup 57 Adena (9)[268527983] FrostField[268465712] 9 
[04.05.26 23:23:16] Pickup 57 Adena (21)[268527994] DarkZone[268463837] 21 
[04.05.26 23:23:16] Pickup 118 Magic Necklace (1)[268527995] DarkZone[268463837] 1 
[04.05.26 23:23:17] Pickup 13 Short Bow (1)[268528016] DarkHawk[268463997] 1 
[04.05.26 23:23:17] Pickup 57 Adena (22)[268528017] RapidFlash[268470447] 22 
[04.05.26 23:23:17] Pickup 116 Magic Ring (1)[268528018] RapidFlash[268470447] 1 
[04.05.26 23:23:17] Pickup 57 Adena (18)[268528023] ZanWolf[268487597] 18 
[04.05.26 23:23:19] Pickup 57 Adena (17)[268528052] SkullGrove[268482317] 17 
[04.05.26 23:23:19] Pickup 57 Adena (9)[268528061] StormWolf[268466107] 9 
[04.05.26 23:23:19] Pickup 18 Leather Shield (1)[268528062] StormWolf[268466107] 1 
[04.05.26 23:23:21] Pickup 57 Adena (12)[268528098] ArcWisp[268486971] 12 
[04.05.26 23:23:21] Pickup 308 Buffalo\'s Horn (1)[268528099] ArcWisp[268486971] 1 
[04.05.26 23:23:21] Pickup 57 Adena (30)[268528110] ZanWolf[268487597] 30 
[04.05.26 23:23:22] Pickup 57 Adena (7)[268528123] KexEdge[268488769] 7 
[04.05.26 23:23:22] Pickup 57 Adena (12)[268528124] DawnZone[268485316] 12 
[04.05.26 23:23:23] Pickup 57 Adena (19)[268528136] DawnStrike[268485516] 19 
[04.05.26 23:23:23] Pickup 57 Adena (15)[268528150] StormRage[268466068] 15 
[04.05.26 23:23:25] Pickup 57 Adena (34)[268528171] StormThorn[268466273] 34 
[04.05.26 23:23:25] Pickup 17 Wooden Arrow (11)[268528178] GaleRidge[268484452] 11 
[04.05.26 23:23:27] Pickup 57 Adena (25)[268528217] NeonSpark[268468176] 25 
[04.05.26 23:23:27] Pickup 57 Adena (18)[268528218] VoidMarsh[268467231] 18 
[04.05.26 23:23:27] Pickup 1871 Charcoal (1)[268528219] FrostClaw[268465289] 1 
[04.05.26 23:23:29] Pickup 57 Adena (10)[268528266] VenomCreek[268478941] 10 
[04.05.26 23:23:29] Pickup 57 Adena (14)[268528276] BlazeThorn[268481279] 14 
[04.05.26 23:23:29] Pickup 57 Adena (7)[268528277] ArcWisp[268486971] 7 
[04.05.26 23:23:30] Pickup 57 Adena (6)[268528292] FrostField[268465712] 6 
[04.05.26 23:23:30] Pickup 1867 Animal Skin (1)[268528293] FrostField[268465712] 1 
[04.05.26 23:23:30] Pickup 57 Adena (4)[268528294] ArcMarsh[268487163] 4 
[04.05.26 23:23:32] Pickup 57 Adena (19)[268528317] SolarStrike[268472492] 19 
[04.05.26 23:23:32] Pickup 57 Adena (10)[268528332] VoidStrike[268466846] 10 
[04.05.26 23:23:33] Pickup 57 Adena (17)[268528333] RapidCore[268469795] 17 
[04.05.26 23:23:33] Pickup 1867 Animal Skin (1)[268528336] RapidCore[268469795] 1 
[04.05.26 23:23:33] Pickup 57 Adena (14)[268528342] NioCrown[268489853] 14 
[04.05.26 23:23:33] Pickup 1867 Animal Skin (1)[268528343] NioCrown[268489853] 1 
[04.05.26 23:23:35] Pickup 57 Adena (9)[268528389] FrostField[268465712] 9 
[04.05.26 23:23:37] Pickup 57 Adena (10)[268528424] SkullGrove[268482317] 10 
[04.05.26 23:23:37] Pickup 1 Short Sword (1)[268528425] SkullGrove[268482317] 1 
[04.05.26 23:23:37] Pickup 57 Adena (6)[268528426] IronGloom[268464828] 6 
[04.05.26 23:23:39] Pickup 57 Adena (10)[268528460] NioFire[268489617] 10 
[04.05.26 23:23:39] Pickup 57 Adena (4)[268528469] StormWolf[268466107] 4 
[04.05.26 23:23:40] Pickup 57 Adena (13)[268528477] DarkCrown[268464155] 13 
[04.05.26 23:23:40] Pickup 253 Spiked Gloves (1)[268528478] DarkCrown[268464155] 1 
[04.05.26 23:23:40] Pickup 17 Wooden Arrow (28)[268528479] DarkCrown[268464155] 28 
[04.05.26 23:23:41] Pickup 57 Adena (23)[268528504] FrostVeil[268465472] 23 
[04.05.26 23:23:41] Pickup 1868 Thread (1)[268528505] FrostVeil[268465472] 1 
[04.05.26 23:23:41] Pickup 57 Adena (19)[268528506] KexEdge[268488769] 19 
[04.05.26 23:23:41] Pickup 57 Adena (16)[268528515] GaleCreek[268484345] 16 
[04.05.26 23:23:41] Pickup 57 Adena (14)[268528516] BlazeThorn[268481279] 14 
[04.05.26 23:23:41] Pickup 21 Shirt (1)[268528517] BlazeThorn[268481279] 1 
[04.05.26 23:23:42] Pickup 57 Adena (4)[268528518] GaleBloom[268484326] 4 
[04.05.26 23:23:44] Pickup 57 Adena (7)[268528554] ShadowStone[268462775] 7 
[04.05.26 23:23:46] Pickup 57 Adena (11)[268528613] ArcCreek[268487148] 11 
[04.05.26 23:23:47] Pickup 57 Adena (4)[268528623] SolarZone[268472146] 4 
[04.05.26 23:23:49] Pickup 57 Adena (12)[268528666] RuneCreek[268486445] 12 
[04.05.26 23:23:50] Pickup 57 Adena (4)[268528689] NioFire[268489617] 4 
[04.05.26 23:23:50] Pickup 1060 Healing Potion (1)[268528690] NioFire[268489617] 1 
[04.05.26 23:23:50] Pickup 57 Adena (20)[268528691] NeonHawk[268467854] 20 
[04.05.26 23:23:50] Pickup 57 Adena (14)[268528692] IronCrest[268465089] 14 
[04.05.26 23:23:50] Pickup 1871 Charcoal (1)[268528693] IronCrest[268465089] 1 
[04.05.26 23:23:51] Pickup 57 Adena (10)[268528712] KexSerpent[268489401] 10 
[04.05.26 23:23:51] Pickup 21 Shirt (1)[268528713] KexSerpent[268489401] 1 
[04.05.26 23:23:51] Pickup 57 Adena (9)[268528714] ArcVeil[268486955] 9 
[04.05.26 23:23:51] Pickup 57 Adena (7)[268528723] RogueCrest[268476627] 7 
[04.05.26 23:23:52] Pickup 57 Adena (18)[268528730] NightStone[268463441] 18 
[04.05.26 23:23:53] Pickup 57 Adena (5)[268528742] DarkCrown[268464155] 5 
[04.05.26 23:23:54] Pickup 57 Adena (4)[268528767] VenomCreek[268478941] 4 
[04.05.26 23:23:54] Pickup 57 Adena (10)[268528768] RioGrove[268490714] 10 
[04.05.26 23:23:54] Pickup 57 Adena (4)[268528769] ApexWolf[268473644] 4 
[04.05.26 23:23:54] Pickup 1060 Healing Potion (1)[268528770] ApexWolf[268473644] 1 
[04.05.26 23:23:54] Pickup 1 Short Sword (1)[268528771] DuskRage[268484753] 1 
[04.05.26 23:23:55] Pickup 57 Adena (22)[268528795] BlazeThorn[268481279] 22 
[04.05.26 23:23:56] Pickup 57 Adena (12)[268528813] NightSoul[268463193] 12 
[04.05.26 23:23:56] Pickup 17 Wooden Arrow (17)[268528814] NightSoul[268463193] 17 
[04.05.26 23:23:57] Pickup 57 Adena (14)[268528831] ShadowStone[268462775] 14 
[04.05.26 23:23:57] Pickup 17 Wooden Arrow (21)[268528832] ShadowStone[268462775] 21 
[04.05.26 23:23:57] Pickup 1867 Animal Skin (1)[268528842] BoneBlade[268483130] 1 
[04.05.26 23:23:57] Pickup 1788 Recipe: Bow (1)[268528843] BoneBlade[268483130] 1 
[04.05.26 23:23:58] Pickup 57 Adena (14)[268528855] LunarFire[268471136] 14 
[04.05.26 23:23:58] Pickup 57 Adena (9)[268528865] NioFire[268489617] 9 
[04.05.26 23:23:59] Pickup 426 Tunic (1)[268528873] VoidCore[268466605] 1 
[04.05.26 23:23:59] Pickup 57 Adena (18)[268528881] KexZone[268488819] 18 
[04.05.26 23:24:00] Pickup 57 Adena (12)[268528900] IronGloom[268464828] 12 
[04.05.26 23:24:00] Pickup 21 Shirt (1)[268528901] IronGloom[268464828] 1 
[04.05.26 23:24:01] Pickup 57 Adena (6)[268528921] GaleThorn[268484245] 6 
[04.05.26 23:24:02] Pickup 57 Adena (8)[268528937] ArcWisp[268486971] 8 
[04.05.26 23:24:04] Pickup 57 Adena (26)[268528975] ZanSerpent[268488017] 26 
[04.05.26 23:24:04] Pickup 57 Adena (11)[268528976] GaleCreek[268484345] 11 
[04.05.26 23:24:05] Pickup 57 Adena (13)[268528989] IronCrest[268465089] 13 
[04.05.26 23:24:05] Pickup 57 Adena (14)[268529003] DawnZone[268485316] 14 
[04.05.26 23:24:05] Pickup 28 Pants (1)[268529004] DawnZone[268485316] 1 
[04.05.26 23:24:07] Pickup 28 Pants (1)[268529028] ApexWolf[268473644] 1 
[04.05.26 23:24:07] Pickup 57 Adena (7)[268529042] KexSerpent[268489401] 7 
[04.05.26 23:24:09] Pickup 57 Adena (19)[268529087] BlazeThorn[268481279] 19 
[04.05.26 23:24:10] Pickup 57 Adena (19)[268529109] IronGloom[268464828] 19 
[04.05.26 23:24:10] Pickup 57 Adena (20)[268529110] RogueThorn[268476311] 20 
[04.05.26 23:24:11] Pickup 57 Adena (9)[268529111] ArcWisp[268486971] 9 
[04.05.26 23:24:11] Pickup 57 Adena (24)[268529130] KexStrike[268489030] 24 
[04.05.26 23:24:11] Pickup 118 Magic Necklace (1)[268529131] KexStrike[268489030] 1 
[04.05.26 23:24:12] Pickup 17 Wooden Arrow (29)[268529132] GaleRidge[268484452] 29 
[04.05.26 23:24:12] Pickup 57 Adena (6)[268529140] BoneCore[268483196] 6 
[04.05.26 23:24:13] Pickup 57 Adena (16)[268529157] NeonSpark[268468176] 16 
[04.05.26 23:24:13] Pickup 57 Adena (10)[268529158] GhostRage[268479642] 10 
[04.05.26 23:24:14] Pickup 57 Adena (18)[268529183] VenomCrest[268479085] 18 
[04.05.26 23:24:15] Pickup 57 Adena (11)[268529209] RapidHawk[268470088] 11 
[04.05.26 23:24:16] Pickup 57 Adena (29)[268529222] KexStrike[268489030] 29 
[04.05.26 23:24:19] Pickup 57 Adena (4)[268529260] KexBloom[268489219] 4 
[04.05.26 23:24:19] Pickup 57 Adena (20)[268529274] FrostVeil[268465472] 20 
[04.05.26 23:24:19] Pickup 116 Magic Ring (1)[268529275] IronCrown[268464877] 1 
[04.05.26 23:24:19] Pickup 1788 Recipe: Bow (1)[268529276] IronCrown[268464877] 1 
[04.05.26 23:24:19] Pickup 57 Adena (9)[268529286] ArcVeil[268486955] 9 
[04.05.26 23:24:20] Pickup 57 Adena (5)[268529311] ApexWolf[268473644] 5 
[04.05.26 23:24:21] Pickup 57 Adena (19)[268529329] ApexWind[268473531] 19 
[04.05.26 23:24:22] Pickup 57 Adena (9)[268529337] DarkWind[268463951] 9 
[04.05.26 23:24:23] Pickup 57 Adena (14)[268529353] NeonCreek[268468288] 14 
[04.05.26 23:24:23] Pickup 57 Adena (28)[268529365] LunarStone[268471449] 28 
[04.05.26 23:24:23] Pickup 57 Adena (7)[268529378] StormWolf[268466107] 7 
[04.05.26 23:24:24] Pickup 57 Adena (21)[268529395] NeonEdge[268467545] 21 
[04.05.26 23:24:24] Pickup 1868 Thread (1)[268529396] NeonEdge[268467545] 1 
[04.05.26 23:24:24] Pickup 57 Adena (36)[268529397] RuneEdge[268485977] 36 
[04.05.26 23:24:25] Pickup 57 Adena (5)[268529408] GaleBloom[268484326] 5 
[04.05.26 23:24:25] Pickup 57 Adena (6)[268529409] VenomCrest[268479085] 6 
[04.05.26 23:24:25] Pickup 57 Adena (10)[268529418] ZanFlash[268487807] 10 
[04.05.26 23:24:25] Pickup 57 Adena (8)[268529419] NioFire[268489617] 8 
[04.05.26 23:24:26] Pickup 57 Adena (5)[268529420] SkullHawk[268481991] 5 
[04.05.26 23:24:26] Pickup 57 Adena (6)[268529434] DawnCrown[268485628] 6 
[04.05.26 23:24:26] Pickup 13 Short Bow (1)[268529435] IronGloom[268464828] 1 
[04.05.26 23:24:27] Pickup 57 Adena (8)[268529460] KexSerpent[268489401] 8 
[04.05.26 23:24:27] Pickup 426 Tunic (1)[268529461] KexSerpent[268489401] 1 
[04.05.26 23:24:28] Pickup 57 Adena (30)[268529488] GrimClaw[268474564] 30 
[04.05.26 23:24:28] Pickup 1868 Thread (1)[268529489] GrimClaw[268474564] 1 
[04.05.26 23:24:28] Pickup 1788 Recipe: Bow (1)[268529490] GrimClaw[268474564] 1 
[04.05.26 23:24:28] Pickup 57 Adena (6)[268529491] GhostVeil[268479818] 6 
[04.05.26 23:24:28] Pickup 1867 Animal Skin (1)[268529492] GhostVeil[268479818] 1 
[04.05.26 23:24:28] Pickup 57 Adena (7)[268529493] StormWolf[268466107] 7 
[04.05.26 23:24:29] Pickup 57 Adena (29)[268529502] VenomDrake[268479161] 29 
[04.05.26 23:24:30] Pickup 57 Adena (26)[268529518] GrimVeil[268474911] 26 
[04.05.26 23:24:30] Pickup 112 Apprentice\'s Earring (1)[268529519] GrimVeil[268474911] 1 
[04.05.26 23:24:30] Pickup 57 Adena (4)[268529530] RuneCreek[268486445] 4 
[04.05.26 23:24:30] Pickup 57 Adena (16)[268529531] DarkCrest[268464362] 16 
[04.05.26 23:24:31] Pickup 57 Adena (33)[268529541] RapidFlash[268470447] 33 
[04.05.26 23:24:31] Pickup 1868 Thread (1)[268529542] RapidFlash[268470447] 1 
[04.05.26 23:24:31] Pickup 57 Adena (7)[268529543] IronGloom[268464828] 7 
[04.05.26 23:24:32] Pickup 57 Adena (17)[268529577] StormStar[268465993] 17 
[04.05.26 23:24:32] Pickup 57 Adena (11)[268529578] ArcVeil[268486955] 11 
[04.05.26 23:24:34] Pickup 57 Adena (8)[268529614] DawnZone[268485316] 8 
[04.05.26 23:24:37] Pickup 57 Adena (8)[268529670] ShadowStone[268462775] 8 
[04.05.26 23:24:38] Pickup 57 Adena (12)[268529695] NeonEdge[268467545] 12 
[04.05.26 23:24:38] Pickup 57 Adena (16)[268529696] DarkStrike[268464043] 16 
[04.05.26 23:24:38] Pickup 116 Magic Ring (1)[268529697] DarkStrike[268464043] 1 
[04.05.26 23:24:38] Pickup 1788 Recipe: Bow (1)[268529698] DarkStrike[268464043] 1 
[04.05.26 23:24:39] Pickup 57 Adena (4)[268529699] KexBloom[268489219] 4 
[04.05.26 23:24:39] Pickup 57 Adena (15)[268529714] StormFang[268465860] 15 
[04.05.26 23:24:40] Pickup 17 Wooden Arrow (24)[268529727] VoidStrike[268466846] 24 
[04.05.26 23:24:40] Pickup 57 Adena (8)[268529746] ArcFang[268486650] 8 
[04.05.26 23:24:41] Pickup 57 Adena (12)[268529753] NightFire[268463237] 12 
[04.05.26 23:24:41] Pickup 57 Adena (9)[268529759] BoneCore[268483196] 9 
[04.05.26 23:24:44] Pickup 57 Adena (13)[268529797] BlazeThorn[268481279] 13 
[04.05.26 23:24:44] Pickup 7 Apprentice\'s Rod (1)[268529798] BlazeThorn[268481279] 1 
[04.05.26 23:24:44] Pickup 57 Adena (9)[268529799] ArcMarsh[268487163] 9 
[04.05.26 23:24:44] Pickup 28 Pants (1)[268529800] ArcMarsh[268487163] 1 
[04.05.26 23:24:45] Pickup 28 Pants (1)[268529831] KexSerpent[268489401] 1 
[04.05.26 23:24:46] Pickup 57 Adena (7)[268529850] DawnCrest[268485822] 7 
[04.05.26 23:24:46] Pickup 57 Adena (20)[268529862] DawnZone[268485316] 20 
[04.05.26 23:24:48] Pickup 57 Adena (10)[268529892] VenomCreek[268478941] 10 
[04.05.26 23:24:48] Pickup 57 Adena (6)[268529893] BoneCore[268483196] 6 
[04.05.26 23:24:49] Pickup 57 Adena (5)[268529902] KexBloom[268489219] 5 
[04.05.26 23:24:49] Pickup 57 Adena (12)[268529914] SkullStrike[268482024] 12 
[04.05.26 23:24:49] Pickup 253 Spiked Gloves (1)[268529915] SkullStrike[268482024] 1 
[04.05.26 23:24:50] Pickup 57 Adena (25)[268529942] StormThorn[268466273] 25 
[04.05.26 23:24:50] Pickup 116 Magic Ring (1)[268529943] StormThorn[268466273] 1 
[04.05.26 23:24:50] Pickup 1788 Recipe: Bow (1)[268529944] StormThorn[268466273] 1 
[04.05.26 23:24:51] Pickup 57 Adena (7)[268529953] SolarField[268472941] 7 
[04.05.26 23:24:51] Pickup 57 Adena (12)[268529960] NightBloom[268463551] 12 
[04.05.26 23:24:52] Pickup 57 Adena (8)[268529970] IronGloom[268464828] 8 
[04.05.26 23:24:53] Pickup 57 Adena (20)[268529992] GaleVeil[268484147] 20 
[04.05.26 23:24:53] Pickup 118 Magic Necklace (1)[268529993] GaleVeil[268484147] 1 
[04.05.26 23:24:53] Pickup 57 Adena (6)[268529994] DawnCrown[268485628] 6 
[04.05.26 23:24:53] Pickup 1868 Thread (1)[268529995] DawnCrown[268485628] 1 
[04.05.26 23:24:55] Pickup 57 Adena (20)[268530031] RuneSpark[268486385] 20 
[04.05.26 23:24:55] Pickup 57 Adena (13)[268530032] RogueThorn[268476311] 13 
[04.05.26 23:24:55] Pickup 57 Adena (37)[268530033] KexZone[268488819] 37 
[04.05.26 23:24:56] Pickup 57 Adena (11)[268530050] StormFang[268465860] 11 
[04.05.26 23:24:56] Pickup 57 Adena (8)[268530060] DawnCreek[268485739] 8 
[04.05.26 23:24:57] Pickup 57 Adena (16)[268530068] MysticSoul[268477015] 16 
[04.05.26 23:24:57] Pickup 57 Adena (10)[268530076] ArcWisp[268486971] 10 
[04.05.26 23:24:57] Pickup 57 Adena (10)[268530077] BoneCore[268483196] 10 
[04.05.26 23:24:57] Pickup 57 Adena (4)[268530078] VoidStrike[268466846] 4 
[04.05.26 23:24:58] Pickup 57 Adena (4)[268530079] KexBloom[268489219] 4 
[04.05.26 23:24:58] Pickup 57 Adena (12)[268530088] NightSpark[268463508] 12 
[04.05.26 23:24:58] Pickup 57 Adena (10)[268530098] GaleBloom[268484326] 10 
[04.05.26 23:24:59] Pickup 57 Adena (6)[268530099] RapidRidge[268470714] 6 
[04.05.26 23:25:00] Pickup 57 Adena (16)[268530128] ApexWind[268473531] 16 
[04.05.26 23:25:01] Pickup 57 Adena (8)[268530148] ShadowWind[268462619] 8 
[04.05.26 23:25:02] Pickup 57 Adena (14)[268530156] ZanWolf[268487597] 14 
[04.05.26 23:25:02] Pickup 28 Pants (1)[268530157] RioGrove[268490714] 1 
[04.05.26 23:25:02] Pickup 57 Adena (10)[268530179] VoidHawk[268466801] 10 
[04.05.26 23:25:03] Pickup 57 Adena (15)[268530192] VexFire[268488225] 15 
[04.05.26 23:25:03] Pickup 57 Adena (7)[268530204] VenomCrest[268479085] 7 
[04.05.26 23:25:03] Pickup 426 Tunic (1)[268530205] VenomCrest[268479085] 1 
[04.05.26 23:25:04] Pickup 57 Adena (13)[268530218] StormFang[268465860] 13 
[04.05.26 23:25:04] Pickup 118 Magic Necklace (1)[268530219] StormFang[268465860] 1 
[04.05.26 23:25:05] Pickup 57 Adena (18)[268530240] DarkCrest[268464362] 18 
[04.05.26 23:25:05] Pickup 57 Adena (9)[268530241] FrostThorn[268465580] 9 
[04.05.26 23:25:05] Pickup 57 Adena (31)[268530242] IronCrest[268465089] 31 
[04.05.26 23:25:06] Pickup 57 Adena (17)[268530273] NioField[268490000] 17 
[04.05.26 23:25:06] Pickup 57 Adena (17)[268530274] RuneEdge[268485977] 17 
[04.05.26 23:25:07] Pickup 57 Adena (14)[268530281] IronBlade[268464452] 14 
[04.05.26 23:25:07] Pickup 1868 Thread (1)[268530282] IronBlade[268464452] 1 
[04.05.26 23:25:08] Pickup 21 Shirt (1)[268530290] ArcFang[268486650] 1 
[04.05.26 23:25:08] Pickup 57 Adena (7)[268530308] ShadowHawk[268462654] 7 
[04.05.26 23:25:09] Pickup 57 Adena (6)[268530324] IronSerpent[268465157] 6 
[04.05.26 23:25:09] Pickup 21 Shirt (1)[268530325] IronSerpent[268465157] 1 
[04.05.26 23:25:11] Pickup 57 Adena (7)[268530346] DawnCreek[268485739] 7 
[04.05.26 23:25:12] Pickup 57 Adena (11)[268530369] NightStone[268463441] 11 
[04.05.26 23:25:12] Pickup 1868 Thread (1)[268530370] NightStone[268463441] 1 
[04.05.26 23:25:12] Pickup 57 Adena (6)[268530377] RuneCreek[268486445] 6 
[04.05.26 23:25:13] Pickup 57 Adena (4)[268530391] KexBloom[268489219] 4 
[04.05.26 23:25:13] Pickup 1060 Healing Potion (1)[268530392] KexBloom[268489219] 1 
[04.05.26 23:25:13] Pickup 57 Adena (17)[268530404] SolarStrike[268472492] 17 
[04.05.26 23:25:14] Pickup 57 Adena (7)[268530418] KexField[268489290] 7 
[04.05.26 23:25:14] Pickup 57 Adena (13)[268530427] VoidStrike[268466846] 13 
[04.05.26 23:25:16] Pickup 57 Adena (13)[268530470] FrostFire[268465345] 13 
[04.05.26 23:25:16] Pickup 1 Short Sword (1)[268530471] FrostFire[268465345] 1 
[04.05.26 23:25:16] Pickup 57 Adena (8)[268530472] SolarField[268472941] 8 
[04.05.26 23:25:17] Pickup 57 Adena (14)[268530478] GhostVeil[268479818] 14 
[04.05.26 23:25:18] Pickup 57 Adena (4)[268530489] ShadowHawk[268462654] 4 
[04.05.26 23:25:18] Pickup 28 Pants (1)[268530490] ShadowHawk[268462654] 1 
[04.05.26 23:25:19] Pickup 57 Adena (17)[268530508] StormFang[268465860] 17 
[04.05.26 23:25:19] Pickup 116 Magic Ring (1)[268530509] StormFang[268465860] 1 
[04.05.26 23:25:19] Pickup 57 Adena (4)[268530518] GhostRage[268479642] 4 
[04.05.26 23:25:20] Pickup 57 Adena (7)[268530519] NioField[268490000] 7 
[04.05.26 23:25:21] Pickup 57 Adena (4)[268530553] IronSerpent[268465157] 4 
[04.05.26 23:25:21] Pickup 57 Adena (24)[268530562] NightGrove[268463635] 24 
[04.05.26 23:25:23] Pickup 57 Adena (14)[268530595] IronGloom[268464828] 14 
[04.05.26 23:25:23] Pickup 57 Adena (7)[268530596] StormWolf[268466107] 7 
[04.05.26 23:25:24] Pickup 57 Adena (13)[268530615] StormFang[268465860] 13 
[04.05.26 23:25:24] Pickup 57 Adena (25)[268530616] StormThorn[268466273] 25 
[04.05.26 23:25:25] Pickup 57 Adena (26)[268530626] NeonHawk[268467854] 26 
[04.05.26 23:25:26] Pickup 1788 Recipe: Bow (1)[268530638] StormRage[268466068] 1 
[04.05.26 23:25:26] Pickup 57 Adena (9)[268530664] RuneWind[268486140] 9 
[04.05.26 23:25:26] Pickup 28 Pants (1)[268530665] RuneWind[268486140] 1 
[04.05.26 23:25:27] Pickup 57 Adena (29)[268530676] GrimVeil[268474911] 29 
[04.05.26 23:25:27] Pickup 1871 Charcoal (1)[268530677] GrimVeil[268474911] 1 
[04.05.26 23:25:27] Pickup 57 Adena (6)[268530678] VenomCrest[268479085] 6 
[04.05.26 23:25:27] Pickup 1868 Thread (1)[268530679] VenomCrest[268479085] 1 
[04.05.26 23:25:27] Pickup 57 Adena (12)[268530680] ArcMarsh[268487163] 12 
[04.05.26 23:25:28] Pickup 57 Adena (19)[268530709] NioCrest[268490041] 19 
[04.05.26 23:25:28] Pickup 112 Apprentice\'s Earring (1)[268530710] NioCrest[268490041] 1 
[04.05.26 23:25:29] Pickup 57 Adena (4)[268530718] KexBloom[268489219] 4 
[04.05.26 23:25:29] Pickup 57 Adena (14)[268530725] SkullVeil[268482046] 14 
[04.05.26 23:25:30] Pickup 57 Adena (10)[268530726] FrostClaw[268465289] 10 
[04.05.26 23:25:30] Pickup 57 Adena (14)[268530732] NeonField[268468357] 14 
[04.05.26 23:25:30] Pickup 57 Adena (9)[268530743] NioField[268490000] 9 
[04.05.26 23:25:30] Pickup 1868 Thread (1)[268530744] NioField[268490000] 1 
[04.05.26 23:25:31] Pickup 57 Adena (25)[268530751] RuneHawk[268486179] 25 
[04.05.26 23:25:33] Pickup 57 Adena (8)[268530791] KexField[268489290] 8 
[04.05.26 23:25:33] Pickup 57 Adena (4)[268530792] GaleRidge[268484452] 4 
[04.05.26 23:25:33] Pickup 57 Adena (7)[268530802] StormWolf[268466107] 7 
[04.05.26 23:25:34] Pickup 57 Adena (12)[268530814] DawnZone[268485316] 12 
[04.05.26 23:25:34] Pickup 57 Adena (5)[268530829] GhostVeil[268479818] 5 
[04.05.26 23:25:34] Pickup 462 Stockings (1)[268530830] GhostVeil[268479818] 1 
[04.05.26 23:25:35] Pickup 57 Adena (9)[268530837] GrimFire[268474684] 9 
[04.05.26 23:25:35] Pickup 57 Adena (10)[268530838] DarkCrest[268464362] 10 
[04.05.26 23:25:36] Pickup 57 Adena (6)[268530854] ShadowGrove[268462961] 6 
[04.05.26 23:25:37] Pickup 57 Adena (8)[268530877] ArcFang[268486650] 8 
[04.05.26 23:25:38] Pickup 57 Adena (11)[268530886] RapidRidge[268470714] 11 
[04.05.26 23:25:38] Pickup 1868 Thread (1)[268530887] RapidRidge[268470714] 1 
[04.05.26 23:25:39] Pickup 57 Adena (20)[268530907] StormRage[268466068] 20 
[04.05.26 23:25:39] Pickup 116 Magic Ring (1)[268530913] StormRage[268466068] 1 
[04.05.26 23:25:39] Pickup 57 Adena (27)[268530914] ApexWind[268473531] 27 
[04.05.26 23:25:39] Pickup 112 Apprentice\'s Earring (1)[268530915] ApexWind[268473531] 1 
[04.05.26 23:25:40] Pickup 57 Adena (8)[268530946] ShadowCore[268462499] 8 
[04.05.26 23:25:41] Pickup 57 Adena (16)[268530955] DarkZone[268463837] 16 
[04.05.26 23:25:43] Pickup 57 Adena (9)[268530992] VenomCrest[268479085] 9 
[04.05.26 23:25:43] Pickup 57 Adena (20)[268531004] GhostVeil[268479818] 20 
[04.05.26 23:25:44] Pickup 57 Adena (29)[268531005] GrimCreek[268475252] 29 
[04.05.26 23:25:44] Pickup 57 Adena (28)[268531012] NightStrike[268463352] 28 
[04.05.26 23:25:44] Pickup 118 Magic Necklace (1)[268531013] NightStrike[268463352] 1 
[04.05.26 23:25:44] Pickup 17 Wooden Arrow (21)[268531014] NightStrike[268463352] 21 
[04.05.26 23:25:44] Pickup 21 Shirt (1)[268531023] ArcWisp[268486971] 1 
[04.05.26 23:25:45] Pickup 57 Adena (6)[268531031] GaleBloom[268484326] 6 
[04.05.26 23:25:46] Pickup 57 Adena (4)[268531037] VexField[268488591] 4 
[04.05.26 23:25:46] Pickup 57 Adena (6)[268531053] ShadowWind[268462619] 6 
[04.05.26 23:25:46] Pickup 57 Adena (6)[268531054] MysticCrown[268477479] 6 
[04.05.26 23:25:46] Pickup 57 Adena (9)[268531061] IronCrest[268465089] 9 
[04.05.26 23:25:47] Pickup 57 Adena (12)[268531062] SolarField[268472941] 12 
[04.05.26 23:25:47] Pickup 57 Adena (9)[268531063] BoneBlade[268483130] 9 
[04.05.26 23:25:48] Pickup 57 Adena (26)[268531096] ApexBlade[268473192] 26 
[04.05.26 23:25:48] Pickup 1867 Animal Skin (1)[268531097] ApexBlade[268473192] 1 
[04.05.26 23:25:50] Pickup 57 Adena (8)[268531137] DarkCrown[268464155] 8 
[04.05.26 23:25:50] Pickup 17 Wooden Arrow (12)[268531138] DarkCrown[268464155] 12 
[04.05.26 23:25:51] Pickup 57 Adena (11)[268531161] GhostCreek[268480180] 11 
[04.05.26 23:25:51] Pickup 57 Adena (5)[268531162] ArcMarsh[268487163] 5 
[04.05.26 23:25:53] Pickup 57 Adena (15)[268531192] RapidSerpent[268470780] 15 
[04.05.26 23:25:53] Pickup 57 Adena (26)[268531207] NightWisp[268463398] 26 
[04.05.26 23:25:53] Pickup 57 Adena (27)[268531208] NightFire[268463237] 27 
[04.05.26 23:25:53] Pickup 1871 Charcoal (1)[268531209] NightFire[268463237] 1 
[04.05.26 23:25:54] Pickup 21 Shirt (1)[268531225] GhostVeil[268479818] 1 
[04.05.26 23:25:55] Pickup 57 Adena (10)[268531231] VoidMarsh[268467231] 10 
[04.05.26 23:25:55] Pickup 28 Pants (1)[268531232] VoidMarsh[268467231] 1 
[04.05.26 23:25:55] Pickup 57 Adena (9)[268531244] IronGloom[268464828] 9 
[04.05.26 23:25:55] Pickup 13 Short Bow (1)[268531245] IronGloom[268464828] 1 
[04.05.26 23:25:56] Pickup 57 Adena (15)[268531251] WildField[268469464] 15 
[04.05.26 23:25:56] Pickup 57 Adena (11)[268531252] RogueRage[268475967] 11 
[04.05.26 23:25:56] Pickup 57 Adena (16)[268531265] RuneWind[268486140] 16 
[04.05.26 23:25:57] Pickup 1867 Animal Skin (1)[268531272] LunarFire[268471136] 1 
[04.05.26 23:25:58] Pickup 57 Adena (8)[268531310] VenomCrest[268479085] 8 
[04.05.26 23:26:01] Pickup 57 Adena (4)[268531341] RogueFang[268475622] 4 
[04.05.26 23:26:01] Pickup 57 Adena (21)[268531342] NightWisp[268463398] 21 
[04.05.26 23:26:01] Pickup 1871 Charcoal (1)[268531343] NightWisp[268463398] 1 
[04.05.26 23:26:01] Pickup 57 Adena (6)[268531351] GrimStone[268475028] 6 
[04.05.26 23:26:01] Pickup 1868 Thread (1)[268531360] ZanFlash[268487807] 1 
[04.05.26 23:26:02] Pickup 57 Adena (10)[268531372] SteelSerpent[268483102] 10 
[04.05.26 23:26:02] Pickup 28 Pants (1)[268531373] SteelSerpent[268483102] 1 
[04.05.26 23:26:02] Pickup 57 Adena (5)[268531381] GaleRidge[268484452] 5 
[04.05.26 23:26:03] Pickup 1833 Bandage (1)[268531393] NightGrove[268463635] 1 
[04.05.26 23:26:03] Pickup 57 Adena (8)[268531402] GhostVeil[268479818] 8 
[04.05.26 23:26:04] Pickup 57 Adena (16)[268531403] SolarStrike[268472492] 16 
[04.05.26 23:26:04] Pickup 57 Adena (10)[268531415] ApexWolf[268473644] 10 
[04.05.26 23:26:05] Pickup 1060 Healing Potion (1)[268531437] StormWolf[268466107] 1 
[04.05.26 23:26:06] Pickup 57 Adena (27)[268531448] GaleClaw[268483933] 27 
[04.05.26 23:26:07] Pickup 57 Adena (6)[268531477] NightGrove[268463635] 6 
[04.05.26 23:26:07] Pickup 57 Adena (9)[268531484] GhostVeil[268479818] 9 
[04.05.26 23:26:08] Pickup 57 Adena (6)[268531504] FrostRidge[268465769] 6 
[04.05.26 23:26:09] Pickup 57 Adena (10)[268531515] DawnHawk[268485468] 10 
[04.05.26 23:26:10] Pickup 57 Adena (8)[268531544] RuneWind[268486140] 8 
[04.05.26 23:26:11] Pickup 57 Adena (6)[268531555] DarkCrown[268464155] 6 
[04.05.26 23:26:11] Pickup 57 Adena (4)[268531556] StormWolf[268466107] 4 
[04.05.26 23:26:11] Pickup 28 Pants (1)[268531557] VenomCreek[268478941] 1 
[04.05.26 23:26:11] Pickup 57 Adena (5)[268531562] WildThorn[268469249] 5 
[04.05.26 23:26:12] Pickup 57 Adena (10)[268531576] VexField[268488591] 10 
[04.05.26 23:26:12] Pickup 28 Pants (1)[268531577] VexField[268488591] 1 
[04.05.26 23:26:12] Pickup 57 Adena (15)[268531578] RogueRage[268475967] 15 
[04.05.26 23:26:12] Pickup 1868 Thread (1)[268531579] RogueRage[268475967] 1 
[04.05.26 23:26:12] Pickup 57 Adena (7)[268531589] NioCore[268489495] 7 
[04.05.26 23:26:13] Pickup 57 Adena (18)[268531595] RapidSerpent[268470780] 18 
[04.05.26 23:26:13] Pickup 57 Adena (9)[268531596] SolarField[268472941] 9 
[04.05.26 23:26:13] Pickup 57 Adena (8)[268531603] FrostCreek[268465669] 8 
[04.05.26 23:26:13] Pickup 1868 Thread (1)[268531604] FrostCreek[268465669] 1 
[04.05.26 23:26:16] PvEPlayerDieDrop 17 Wooden Arrow (12)[268522010] DarkCrest[268464362] 12 
[04.05.26 23:26:17] Pickup 57 Adena (19)[268531670] GrimVeil[268474911] 19 
[04.05.26 23:26:18] Pickup 57 Adena (8)[268531680] GrimFire[268474684] 8 
[04.05.26 23:26:19] Pickup 57 Adena (13)[268531699] NioFire[268489617] 13 
[04.05.26 23:26:19] Pickup 57 Adena (14)[268531705] ApexWolf[268473644] 14 
[04.05.26 23:26:19] Pickup 57 Adena (13)[268531709] StormGloom[268466205] 13 
[04.05.26 23:26:20] Pickup 57 Adena (7)[268531719] RogueFang[268475622] 7 
[04.05.26 23:26:20] Pickup 1868 Thread (1)[268531720] RogueFang[268475622] 1 
[04.05.26 23:26:21] Pickup 57 Adena (8)[268531731] GaleBloom[268484326] 8 
[04.05.26 23:26:21] Pickup 57 Adena (6)[268531739] NioHawk[268489686] 6 
[04.05.26 23:26:22] Pickup 57 Adena (6)[268531757] DuskRage[268484753] 6 
[04.05.26 23:26:22] Pickup 21 Shirt (1)[268531758] DuskRage[268484753] 1 
[04.05.26 23:26:23] Pickup 57 Adena (19)[268531778] StormFang[268465860] 19 
[04.05.26 23:26:24] Pickup 57 Adena (6)[268531799] WildStar[268468819] 6 
[04.05.26 23:26:25] Pickup 57 Adena (12)[268531808] ArcWisp[268486971] 12 
[04.05.26 23:26:25] Pickup 57 Adena (28)[268531816] NioCrest[268490041] 28 
[04.05.26 23:26:26] Pickup 57 Adena (24)[268531833] NightWisp[268463398] 24 
[04.05.26 23:26:26] Pickup 1060 Healing Potion (1)[268531834] NightWisp[268463398] 1 
[04.05.26 23:26:27] Pickup 57 Adena (8)[268531846] VoidHawk[268466801] 8 
[04.05.26 23:26:27] Pickup 57 Adena (10)[268531857] RioGrove[268490714] 10 
[04.05.26 23:26:27] Pickup 28 Pants (1)[268531858] RioGrove[268490714] 1 
[04.05.26 23:26:28] Pickup 57 Adena (32)[268531871] FrostField[268465712] 32 
[04.05.26 23:26:28] Pickup 1871 Charcoal (1)[268531872] FrostField[268465712] 1 
[04.05.26 23:26:30] Pickup 57 Adena (13)[268531913] VexGrove[268488616] 13 
[04.05.26 23:26:30] Pickup 1867 Animal Skin (1)[268531914] VexGrove[268488616] 1 
[04.05.26 23:26:31] Pickup 57 Adena (6)[268531923] IronCrest[268465089] 6 
[04.05.26 23:26:31] Pickup 57 Adena (9)[268531929] GhostVeil[268479818] 9 
[04.05.26 23:26:32] Pickup 57 Adena (5)[268531940] StormGloom[268466205] 5 
[04.05.26 23:26:32] Pickup 57 Adena (4)[268531941] NioWind[268489641] 4 
[04.05.26 23:26:33] Pickup 57 Adena (7)[268531953] NioHawk[268489686] 7 
[04.05.26 23:26:33] Pickup 35 Cloth Shoes (1)[268531954] NioHawk[268489686] 1 
[04.05.26 23:26:35] Pickup 57 Adena (18)[268531986] GaleCreek[268484345] 18 
[04.05.26 23:26:35] Pickup 57 Adena (12)[268531995] SkullGrove[268482317] 12 
[04.05.26 23:26:35] Pickup 57 Adena (5)[268531996] VoidMarsh[268467231] 5 
[04.05.26 23:26:36] Pickup 57 Adena (12)[268532008] ArcFang[268486650] 12 
[04.05.26 23:26:37] Pickup 57 Adena (7)[268532019] DuskZone[268484619] 7 
[04.05.26 23:26:37] Pickup 462 Stockings (1)[268532028] SteelStar[268482582] 1 
[04.05.26 23:26:37] Pickup 57 Adena (14)[268532029] DarkZone[268463837] 14 
[04.05.26 23:26:37] Pickup 118 Magic Necklace (1)[268532030] DarkZone[268463837] 1 
[04.05.26 23:26:37] Pickup 57 Adena (4)[268532031] VenomCreek[268478941] 4 
[04.05.26 23:26:37] Pickup 57 Adena (9)[268532032] DawnCrown[268485628] 9 
[04.05.26 23:26:37] Pickup 28 Pants (1)[268532033] DawnCrown[268485628] 1 
[04.05.26 23:26:37] Pickup 57 Adena (15)[268532039] NioField[268490000] 15 
[04.05.26 23:26:37] Pickup 57 Adena (7)[268532040] SkullStrike[268482024] 7 
[04.05.26 23:26:38] Pickup 57 Adena (22)[268532047] FrostField[268465712] 22 
[04.05.26 23:26:39] Pickup 57 Adena (5)[268532064] SolarField[268472941] 5 
[04.05.26 23:26:39] Pickup 426 Tunic (1)[268532065] SolarField[268472941] 1 
[04.05.26 23:26:39] Pickup 57 Adena (11)[268532066] NightGrove[268463635] 11 
[04.05.26 23:26:39] Pickup 57 Adena (21)[268532076] RioCreek[268490654] 21 
[04.05.26 23:26:39] Pickup 1867 Animal Skin (1)[268532077] RioCreek[268490654] 1 
[04.05.26 23:26:40] Pickup 57 Adena (4)[268532092] NeonField[268468357] 4 
[04.05.26 23:26:41] Pickup 57 Adena (9)[268532093] ArcWisp[268486971] 9 
[04.05.26 23:26:41] Pickup 1 Short Sword (1)[268532106] SolarBloom[268472827] 1 
[04.05.26 23:26:42] Pickup 57 Adena (8)[268532129] ShadowWind[268462619] 8 
[04.05.26 23:26:43] Pickup 57 Adena (15)[268532138] GaleVeil[268484147] 15 
[04.05.26 23:26:43] Pickup 57 Adena (4)[268532139] NioHawk[268489686] 4 
[04.05.26 23:26:44] Pickup 57 Adena (7)[268532169] FrostThorn[268465580] 7 
[04.05.26 23:26:44] Pickup 57 Adena (12)[268532170] FrostFang[268465204] 12 
[04.05.26 23:26:44] Pickup 1868 Thread (1)[268532171] FrostFang[268465204] 1 
[04.05.26 23:26:45] Pickup 57 Adena (22)[268532181] RogueRage[268475967] 22 
[04.05.26 23:26:46] Pickup 57 Adena (7)[268532208] GaleRidge[268484452] 7 
[04.05.26 23:26:46] Pickup 1871 Charcoal (1)[268532209] GaleRidge[268484452] 1 
[04.05.26 23:26:47] Pickup 118 Magic Necklace (1)[268532219] GaleVeil[268484147] 1 
[04.05.26 23:26:47] Pickup 57 Adena (20)[268532227] NioCrown[268489853] 20 
[04.05.26 23:26:47] Pickup 57 Adena (22)[268532228] DarkCrest[268464362] 22 
[04.05.26 23:26:48] Pickup 57 Adena (11)[268532229] VoidWind[268466745] 11 
[04.05.26 23:26:48] Pickup 57 Adena (7)[268532239] NioWind[268489641] 7 
[04.05.26 23:26:48] Pickup 57 Adena (4)[268532240] NioHawk[268489686] 4 
[04.05.26 23:26:48] Pickup 1121 Apprentice\'s Shoes (1)[268532241] NioHawk[268489686] 1 
[04.05.26 23:26:49] Pickup 57 Adena (12)[268532259] GhostVeil[268479818] 12 
[04.05.26 23:26:50] Pickup 57 Adena (6)[268532271] ApexWolf[268473644] 6 
[04.05.26 23:26:50] Pickup 57 Adena (15)[268532288] NioCrest[268490041] 15 
[04.05.26 23:26:51] Pickup 57 Adena (17)[268532297] VoidSerpent[268467443] 17 
[04.05.26 23:26:51] Pickup 57 Adena (7)[268532298] NightGrove[268463635] 7 
[04.05.26 23:26:52] Pickup 57 Adena (7)[268532326] BoneStar[268483283] 7 
[04.05.26 23:26:53] Pickup 57 Adena (4)[268532327] VenomCreek[268478941] 4 
[04.05.26 23:26:53] Pickup 57 Adena (6)[268532335] ArcWisp[268486971] 6 
[04.05.26 23:26:53] Pickup 57 Adena (35)[268532336] FrostField[268465712] 35 
[04.05.26 23:26:53] Pickup 57 Adena (11)[268532337] DuskRage[268484753] 11 
[04.05.26 23:26:53] Pickup 57 Adena (6)[268532338] NioHawk[268489686] 6 
[04.05.26 23:26:53] Pickup 57 Adena (6)[268532339] NioFire[268489617] 6 
[04.05.26 23:26:53] Pickup 57 Adena (12)[268532351] GhostRage[268479642] 12 
[04.05.26 23:26:54] Pickup 57 Adena (11)[268532352] NioWind[268489641] 11 
[04.05.26 23:26:54] Pickup 1868 Thread (1)[268532364] RioGrove[268490714] 1 
[04.05.26 23:26:55] Pickup 57 Adena (6)[268532380] ArcMarsh[268487163] 6 
[04.05.26 23:26:55] Pickup 57 Adena (13)[268532387] GhostVeil[268479818] 13 
[04.05.26 23:26:55] Pickup 21 Shirt (1)[268532388] GhostVeil[268479818] 1 
[04.05.26 23:26:57] Pickup 57 Adena (14)[268532417] BoneStar[268483283] 14 
[04.05.26 23:26:58] Pickup 57 Adena (20)[268532429] StormRage[268466068] 20 
[04.05.26 23:26:58] Pickup 1 Short Sword (1)[268532430] StormRage[268466068] 1 
[04.05.26 23:26:58] Pickup 57 Adena (7)[268532431] NioHawk[268489686] 7 
[04.05.26 23:26:59] Pickup 57 Adena (5)[268532449] DuskStrike[268484814] 5 
[04.05.26 23:27:01] Pickup 57 Adena (7)[268532491] SolarField[268472941] 7 
[04.05.26 23:27:01] Pickup 1867 Animal Skin (1)[268532492] SolarField[268472941] 1 
[04.05.26 23:27:01] Pickup 57 Adena (22)[268532493] SkullGrove[268482317] 22 
[04.05.26 23:27:02] Pickup 57 Adena (7)[268532499] KexField[268489290] 7 
[04.05.26 23:27:02] Pickup 57 Adena (21)[268532505] LunarStone[268471449] 21 
[04.05.26 23:27:02] Pickup 57 Adena (26)[268532513] NightWisp[268463398] 26 
[04.05.26 23:27:04] Pickup 57 Adena (8)[268532546] RogueBloom[268476443] 8 
[04.05.26 23:27:04] Pickup 426 Tunic (1)[268532547] RogueBloom[268476443] 1 
[04.05.26 23:27:04] Pickup 57 Adena (13)[268532548] ShadowWind[268462619] 13 
[04.05.26 23:27:04] Pickup 21 Shirt (1)[268532549] ShadowWind[268462619] 1 
[04.05.26 23:27:05] Pickup 57 Adena (11)[268532556] DuskZone[268484619] 11 
[04.05.26 23:27:06] Pickup 57 Adena (5)[268532564] ArcWisp[268486971] 5 
[04.05.26 23:27:06] Pickup 57 Adena (8)[268532565] GhostRage[268479642] 8 
[04.05.26 23:27:07] Pickup 57 Adena (19)[268532588] IronBlade[268464452] 19 
[04.05.26 23:27:07] Pickup 1868 Thread (1)[268532589] IronBlade[268464452] 1 
[04.05.26 23:27:08] Pickup 57 Adena (5)[268532605] ShadowSerpent[268463045] 5 
[04.05.26 23:27:08] Pickup 28 Pants (1)[268532606] ShadowSerpent[268463045] 1 
[04.05.26 23:27:08] Pickup 57 Adena (6)[268532607] NioWind[268489641] 6 
[04.05.26 23:27:08] Pickup 57 Adena (13)[268532608] NioHawk[268489686] 13 
[04.05.26 23:27:08] Pickup 1871 Charcoal (1)[268532619] NioHawk[268489686] 1 
[04.05.26 23:27:09] Pickup 57 Adena (18)[268532630] DuskRage[268484753] 18 
[04.05.26 23:27:09] Pickup 57 Adena (8)[268532631] VenomClaw[268478201] 8 
[04.05.26 23:27:09] Pickup 57 Adena (4)[268532640] WildFlash[268469324] 4 
[04.05.26 23:27:09] Pickup 17 Wooden Arrow (22)[268532641] WildFlash[268469324] 22 
[04.05.26 23:27:10] Pickup 57 Adena (11)[268532647] VenomEdge[268478082] 11 
[04.05.26 23:27:11] Pickup 57 Adena (10)[268532667] LunarStone[268471449] 10 
[04.05.26 23:27:11] Pickup 57 Adena (6)[268532678] StormZone[268465925] 6 
[04.05.26 23:27:13] Pickup 57 Adena (29)[268532710] NeonDrake[268468502] 29 
[04.05.26 23:27:14] Pickup 57 Adena (13)[268532723] VoidMarsh[268467231] 13 
[04.05.26 23:27:14] Pickup 1 Short Sword (1)[268532724] VoidMarsh[268467231] 1 
[04.05.26 23:27:14] Pickup 57 Adena (16)[268532735] NioField[268490000] 16 
[04.05.26 23:27:14] Pickup 1868 Thread (1)[268532736] NioField[268490000] 1 
[04.05.26 23:27:14] Pickup 57 Adena (7)[268532737] DuskStrike[268484814] 7 
[04.05.26 23:27:15] Pickup 57 Adena (29)[268532743] LunarStone[268471449] 29 
[04.05.26 23:27:16] Pickup 57 Adena (23)[268532757] BoneBlade[268483130] 23 
[04.05.26 23:27:17] Pickup 57 Adena (8)[268532775] SolarField[268472941] 8 
[04.05.26 23:27:17] Pickup 57 Adena (34)[268532776] FrostField[268465712] 34 
[04.05.26 23:27:18] Pickup 57 Adena (17)[268532795] SolarBloom[268472827] 17 
[04.05.26 23:27:18] Pickup 57 Adena (4)[268532796] NioWind[268489641] 4 
[04.05.26 23:27:19] Pickup 1871 Charcoal (1)[268532814] ShadowCore[268462499] 1 
[04.05.26 23:27:19] Pickup 57 Adena (10)[268532823] RioGrove[268490714] 10 
[04.05.26 23:27:19] Pickup 1060 Healing Potion (1)[268532824] RioGrove[268490714] 1 
[04.05.26 23:27:20] Pickup 57 Adena (7)[268532840] NioHawk[268489686] 7 
[04.05.26 23:27:20] Pickup 1121 Apprentice\'s Shoes (1)[268532841] NioHawk[268489686] 1 
[04.05.26 23:27:21] Pickup 57 Adena (9)[268532849] SteelSerpent[268483102] 9 
[04.05.26 23:27:22] Pickup 57 Adena (10)[268532860] MysticCrown[268477479] 10 
[04.05.26 23:27:22] Pickup 57 Adena (9)[268532871] ShadowGrove[268462961] 9 
[04.05.26 23:27:22] Pickup 57 Adena (10)[268532872] DarkCrest[268464362] 10 
[04.05.26 23:27:22] Pickup 57 Adena (10)[268532880] VoidWind[268466745] 10 
[04.05.26 23:27:24] Pickup 57 Adena (5)[268532905] ArcMarsh[268487163] 5 
[04.05.26 23:27:24] Pickup 1871 Charcoal (1)[268532906] ArcMarsh[268487163] 1 
[04.05.26 23:27:24] Pickup 57 Adena (18)[268532907] VenomEdge[268478082] 18 
[04.05.26 23:27:24] Pickup 57 Adena (17)[268532908] DuskRage[268484753] 17 
[04.05.26 23:27:24] Pickup 1871 Charcoal (1)[268532909] DuskRage[268484753] 1 
[04.05.26 23:27:25] Pickup 57 Adena (6)[268532932] NioHawk[268489686] 6 
[04.05.26 23:27:25] Pickup 57 Adena (18)[268532933] GhostGloom[268479895] 18 
[04.05.26 23:27:26] Pickup 57 Adena (4)[268532949] GhostRage[268479642] 4 
[04.05.26 23:27:28] Pickup 1871 Charcoal (1)[268532975] VoidSerpent[268467443] 1 
[04.05.26 23:27:28] Pickup 57 Adena (5)[268532976] NioWind[268489641] 5 
[04.05.26 23:27:28] Pickup 28 Pants (1)[268532977] NioWind[268489641] 1 
[04.05.26 23:27:28] Pickup 1868 Thread (1)[268532987] DarkThorn[268464178] 1 
[04.05.26 23:27:28] Pickup 57 Adena (4)[268532988] RogueRidge[268476663] 4 
[04.05.26 23:27:28] Pickup 28 Pants (1)[268532989] RogueRidge[268476663] 1 
[04.05.26 23:27:29] Pickup 57 Adena (30)[268533000] VexStone[268488409] 30 
[04.05.26 23:27:30] Pickup 57 Adena (4)[268533020] NioHawk[268489686] 4 
[04.05.26 23:27:30] Pickup 1868 Thread (1)[268533021] NioHawk[268489686] 1 
[04.05.26 23:27:32] Pickup 57 Adena (7)[268533050] RapidStone[268470306] 7 
[04.05.26 23:27:33] Pickup 57 Adena (6)[268533065] NioWind[268489641] 6 
[04.05.26 23:27:33] Pickup 21 Shirt (1)[268533066] NioWind[268489641] 1 
[04.05.26 23:27:34] Pickup 57 Adena (14)[268533075] VenomStar[268478277] 14 
[04.05.26 23:27:34] Pickup 57 Adena (8)[268533086] VexSpark[268488475] 8 
[04.05.26 23:27:34] Pickup 17 Wooden Arrow (24)[268533087] VexSpark[268488475] 24 
[04.05.26 23:27:34] Pickup 57 Adena (9)[268533093] SteelSerpent[268483102] 9 
[04.05.26 23:27:35] Pickup 57 Adena (20)[268533099] ShadowWolf[268462676] 20 
[04.05.26 23:27:35] Pickup 57 Adena (8)[268533100] DawnCrown[268485628] 8 
[04.05.26 23:27:36] Pickup 112 Apprentice\'s Earring (1)[268533116] FrostField[268465712] 1 
[04.05.26 23:27:36] Pickup 57 Adena (13)[268533128] GhostVeil[268479818] 13 
[04.05.26 23:27:36] Pickup 57 Adena (14)[268533129] RapidWolf[268470138] 14 
[04.05.26 23:27:37] Pickup 462 Stockings (1)[268533139] GhostFang[268479282] 1 
[04.05.26 23:27:38] Pickup 57 Adena (4)[268533150] VexGrove[268488616] 4 
[04.05.26 23:27:38] Pickup 28 Pants (1)[268533151] VexGrove[268488616] 1 
[04.05.26 23:27:39] Pickup 57 Adena (10)[268533160] SolarStar[268472261] 10 
[04.05.26 23:27:39] Pickup 28 Pants (1)[268533161] SolarStar[268472261] 1 
[04.05.26 23:27:39] Pickup 1788 Recipe: Bow (1)[268533173] FrostClaw[268465289] 1 
[04.05.26 23:27:40] Pickup 57 Adena (13)[268533189] RapidRidge[268470714] 13 
[04.05.26 23:27:40] Pickup 57 Adena (9)[268533190] FrostRidge[268465769] 9 
[04.05.26 23:27:40] Pickup 57 Adena (19)[268533203] MysticWisp[268477384] 19 
[04.05.26 23:27:41] Pickup 112 Apprentice\'s Earring (1)[268533213] WildStar[268468819] 1 
[04.05.26 23:27:41] Pickup 57 Adena (10)[268533224] NightBloom[268463551] 10 
[04.05.26 23:27:41] Pickup 1868 Thread (1)[268533225] NightBloom[268463551] 1 
[04.05.26 23:27:43] Pickup 57 Adena (14)[268533248] ArcStar[268486794] 14 
[04.05.26 23:27:43] Pickup 57 Adena (19)[268533249] ApexCrest[268474211] 19 
[04.05.26 23:27:43] Pickup 118 Magic Necklace (1)[268533250] ApexCrest[268474211] 1 
[04.05.26 23:27:43] Pickup 57 Adena (4)[268533259] NioHawk[268489686] 4 
[04.05.26 23:27:44] Pickup 57 Adena (6)[268533260] SteelSerpent[268483102] 6 
[04.05.26 23:27:44] Pickup 57 Adena (6)[268533270] GrimFire[268474684] 6 
[04.05.26 23:27:45] Pickup 57 Adena (9)[268533280] RioGrove[268490714] 9 
[04.05.26 23:27:45] Pickup 21 Shirt (1)[268533281] RioGrove[268490714] 1 
[04.05.26 23:27:45] Pickup 57 Adena (35)[268533289] MysticWisp[268477384] 35 
[04.05.26 23:27:46] Pickup 57 Adena (9)[268533310] GhostVeil[268479818] 9 
[04.05.26 23:27:46] Pickup 57 Adena (15)[268533311] VoidSerpent[268467443] 15 
[04.05.26 23:27:46] Pickup 57 Adena (24)[268533312] SteelStrike[268482723] 24 
[04.05.26 23:27:47] Pickup 57 Adena (10)[268533313] BoneVeil[268483446] 10 
[04.05.26 23:27:47] Pickup 253 Spiked Gloves (1)[268533314] BoneVeil[268483446] 1 
[04.05.26 23:27:47] Pickup 1 Short Sword (1)[268533324] ArcRidge[268487250] 1 
[04.05.26 23:27:48] Pickup 57 Adena (19)[268533340] MysticMarsh[268477730] 19 
[04.05.26 23:27:48] Pickup 57 Adena (16)[268533341] IronBlade[268464452] 16 
[04.05.26 23:27:48] Pickup 57 Adena (7)[268533348] StormSoul[268465969] 7 
[04.05.26 23:27:49] Pickup 57 Adena (17)[268533361] NioCrest[268490041] 17 
[04.05.26 23:27:49] Pickup 57 Adena (7)[268533362] VenomEdge[268478082] 7 
[04.05.26 23:27:51] Pickup 57 Adena (10)[268533396] VenomStar[268478277] 10 
[04.05.26 23:27:52] Pickup 57 Adena (9)[268533406] ShadowFire[268462595] 9 
[04.05.26 23:27:52] Pickup 57 Adena (9)[268533416] ZanMarsh[268487875] 9 
[04.05.26 23:27:52] Pickup 57 Adena (4)[268533417] LunarFire[268471136] 4 
[04.05.26 23:27:52] Pickup 21 Shirt (1)[268533418] LunarFire[268471136] 1 
[04.05.26 23:27:55] Pickup 1868 Thread (1)[268533462] RogueThorn[268476311] 1 
[04.05.26 23:27:55] Pickup 57 Adena (9)[268533467] GhostVeil[268479818] 9 
[04.05.26 23:27:56] Pickup 57 Adena (10)[268533481] VenomEdge[268478082] 10 
[04.05.26 23:27:56] Pickup 57 Adena (14)[268533482] KexField[268489290] 14 
[04.05.26 23:27:56] Pickup 57 Adena (6)[268533494] RogueRidge[268476663] 6 
[04.05.26 23:27:57] Pickup 57 Adena (7)[268533504] ArcWisp[268486971] 7 
[04.05.26 23:27:57] Pickup 28 Pants (1)[268533505] ArcWisp[268486971] 1 
[04.05.26 23:27:57] Pickup 57 Adena (8)[268533506] IronClaw[268464570] 8 
[04.05.26 23:27:57] Pickup 57 Adena (9)[268533507] GhostGloom[268479895] 9 
[04.05.26 23:27:58] Pickup 57 Adena (5)[268533508] RapidStone[268470306] 5 
[04.05.26 23:27:59] Pickup 57 Adena (18)[268533521] IronWind[268464671] 18 
[04.05.26 23:27:59] Pickup 57 Adena (29)[268533531] RuneHawk[268486179] 29 
[04.05.26 23:27:59] Pickup 57 Adena (8)[268533540] NioHawk[268489686] 8 
[04.05.26 23:28:01] Pickup 57 Adena (8)[268533561] DarkThorn[268464178] 8 
[04.05.26 23:28:01] Pickup 57 Adena (4)[268533562] VenomCreek[268478941] 4 
[04.05.26 23:28:01] Pickup 57 Adena (6)[268533570] GhostRage[268479642] 6 
[04.05.26 23:28:02] Pickup 57 Adena (30)[268533582] KexZone[268488819] 30 
[04.05.26 23:28:03] Pickup 1871 Charcoal (1)[268533589] MysticCrown[268477479] 1 
[04.05.26 23:28:03] Pickup 57 Adena (11)[268533590] SteelStrike[268482723] 11 
[04.05.26 23:28:03] Pickup 1 Short Sword (1)[268533591] SteelStrike[268482723] 1 
[04.05.26 23:28:03] Pickup 57 Adena (10)[268533603] RapidRidge[268470714] 10 
[04.05.26 23:28:03] Pickup 1868 Thread (1)[268533604] RapidRidge[268470714] 1 
[04.05.26 23:28:04] Pickup 57 Adena (9)[268533615] RogueRidge[268476663] 9 
[04.05.26 23:28:06] Pickup 1 Short Sword (1)[268533653] NightStrike[268463352] 1 
[04.05.26 23:28:07] Pickup 57 Adena (10)[268533657] KexField[268489290] 10 
[04.05.26 23:28:07] Pickup 57 Adena (17)[268533658] VexFire[268488225] 17 
[04.05.26 23:28:08] Pickup 57 Adena (4)[268533670] SkullGrove[268482317] 4 
[04.05.26 23:28:09] Pickup 57 Adena (27)[268533687] NeonSpark[268468176] 27 
[04.05.26 23:28:09] Pickup 1871 Charcoal (1)[268533688] NeonSpark[268468176] 1 
[04.05.26 23:28:09] Pickup 57 Adena (5)[268533689] NightBloom[268463551] 5 
[04.05.26 23:28:09] Pickup 1867 Animal Skin (1)[268533690] NightBloom[268463551] 1 
[04.05.26 23:28:09] Pickup 57 Adena (6)[268533697] RapidStone[268470306] 6 
[04.05.26 23:28:10] Pickup 57 Adena (6)[268533707] ArcRidge[268487250] 6 
[04.05.26 23:28:10] Pickup 28 Pants (1)[268533708] ArcRidge[268487250] 1 
[04.05.26 23:28:10] Pickup 57 Adena (6)[268533716] ArcWisp[268486971] 6 
[04.05.26 23:28:10] Pickup 57 Adena (8)[268533717] BoneVeil[268483446] 8 
[04.05.26 23:28:11] Pickup 57 Adena (5)[268533728] GrimFire[268474684] 5 
[04.05.26 23:28:12] Pickup 57 Adena (20)[268533743] GhostGloom[268479895] 20 
[04.05.26 23:28:13] Pickup 57 Adena (25)[268533744] SolarStrike[268472492] 25 
[04.05.26 23:28:13] Pickup 57 Adena (25)[268533753] StormThorn[268466273] 25 
[04.05.26 23:28:13] Pickup 1 Short Sword (1)[268533754] IronBlade[268464452] 1 
[04.05.26 23:28:13] Pickup 57 Adena (6)[268533760] GhostVeil[268479818] 6 
[04.05.26 23:28:13] Pickup 57 Adena (16)[268533761] RapidRidge[268470714] 16 
[04.05.26 23:28:14] Pickup 57 Adena (7)[268533772] LunarFire[268471136] 7 
[04.05.26 23:28:14] Pickup 57 Adena (8)[268533778] NioHawk[268489686] 8 
[04.05.26 23:28:14] Pickup 57 Adena (6)[268533779] FrostRidge[268465769] 6 
[04.05.26 23:28:15] Pickup 57 Adena (5)[268533782] VexGrove[268488616] 5 
[04.05.26 23:28:15] Pickup 57 Adena (16)[268533783] GrimVeil[268474911] 16 
[04.05.26 23:28:15] Pickup 57 Adena (7)[268533784] GhostRage[268479642] 7 
[04.05.26 23:28:16] Pickup 57 Adena (14)[268533791] RuneEdge[268485977] 14 
[04.05.26 23:28:16] Pickup 57 Adena (14)[268533806] RuneSpark[268486385] 14 
[04.05.26 23:28:17] Pickup 57 Adena (7)[268533837] SteelStar[268482582] 7 
[04.05.26 23:28:18] Pickup 57 Adena (4)[268533838] StormZone[268465925] 4 
[04.05.26 23:28:19] Pickup 57 Adena (12)[268533852] DawnCrown[268485628] 12 
[04.05.26 23:28:20] Pickup 57 Adena (17)[268533883] GhostGloom[268479895] 17 
[04.05.26 23:28:22] Pickup 57 Adena (17)[268533899] VoidMarsh[268467231] 17 
[04.05.26 23:28:23] Pickup 57 Adena (9)[268533913] VoidWind[268466745] 9 
[04.05.26 23:28:23] Pickup 28 Pants (1)[268533914] VoidWind[268466745] 1 
[04.05.26 23:28:23] Pickup 57 Adena (21)[268533915] FrostField[268465712] 21 
[04.05.26 23:28:23] Pickup 57 Adena (13)[268533916] VexGrove[268488616] 13 
[04.05.26 23:28:23] Pickup 57 Adena (6)[268533917] VoidDrake[268467408] 6 
[04.05.26 23:28:23] Pickup 13 Short Bow (1)[268533918] DarkThorn[268464178] 1 
[04.05.26 23:28:23] Pickup 116 Magic Ring (1)[268533919] FrostVeil[268465472] 1 
[04.05.26 23:28:23] Pickup 57 Adena (11)[268533920] VenomSpark[268478807] 11 
[04.05.26 23:28:23] Pickup 57 Adena (9)[268533931] SteelSerpent[268483102] 9 
[04.05.26 23:28:23] Pickup 57 Adena (10)[268533932] IronClaw[268464570] 10 
[04.05.26 23:28:23] Pickup 57 Adena (12)[268533933] GhostVeil[268479818] 12 
[04.05.26 23:28:23] Pickup 1871 Charcoal (1)[268533934] GhostVeil[268479818] 1 
[04.05.26 23:28:24] Pickup 57 Adena (5)[268533940] DuskZone[268484619] 5 
[04.05.26 23:28:24] Pickup 57 Adena (10)[268533950] NioHawk[268489686] 10 
[04.05.26 23:28:26] Pickup 57 Adena (7)[268533970] VenomStar[268478277] 7 
[04.05.26 23:28:27] Pickup 57 Adena (20)[268533983] RuneHawk[268486179] 20 
[04.05.26 23:28:27] Pickup 57 Adena (9)[268533991] RogueRidge[268476663] 9 
[04.05.26 23:28:29] Pickup 57 Adena (6)[268534014] FrostThorn[268465580] 6 
[04.05.26 23:28:29] Pickup 253 Spiked Gloves (1)[268534015] FrostThorn[268465580] 1 
[04.05.26 23:28:29] Pickup 17 Wooden Arrow (21)[268534016] FrostThorn[268465580] 21 
[04.05.26 23:28:29] Pickup 57 Adena (8)[268534019] NioHawk[268489686] 8 
[04.05.26 23:28:29] Pickup 48 Short Gloves (1)[268534020] NioHawk[268489686] 1 
[04.05.26 23:28:30] Pickup 57 Adena (10)[268534034] KexField[268489290] 10 
[04.05.26 23:28:31] Pickup 57 Adena (17)[268534059] RapidRidge[268470714] 17 
[04.05.26 23:28:31] Pickup 1060 Healing Potion (1)[268534060] RapidRidge[268470714] 1 
[04.05.26 23:28:32] Pickup 57 Adena (19)[268534072] GhostVeil[268479818] 19 
[04.05.26 23:28:33] Pickup 57 Adena (8)[268534073] RuneEdge[268485977] 8 
[04.05.26 23:28:34] Pickup 57 Adena (7)[268534107] GrimFire[268474684] 7 
[04.05.26 23:28:34] Pickup 57 Adena (25)[268534108] IronBlade[268464452] 25 
[04.05.26 23:28:35] Pickup 57 Adena (17)[268534124] ShadowSerpent[268463045] 17 
[04.05.26 23:28:35] Pickup 57 Adena (6)[268534125] NioFire[268489617] 6 
[04.05.26 23:28:38] Pickup 57 Adena (4)[268534156] RogueRidge[268476663] 4 
[04.05.26 23:28:38] Pickup 57 Adena (26)[268534163] VexStone[268488409] 26 
[04.05.26 23:28:39] Pickup 57 Adena (6)[268534170] DuskZone[268484619] 6 
[04.05.26 23:28:39] Pickup 57 Adena (10)[268534181] NightBloom[268463551] 10 
[04.05.26 23:28:39] Pickup 57 Adena (13)[268534182] KexHawk[268488979] 13 
[04.05.26 23:28:40] Pickup 57 Adena (14)[268534187] DarkThorn[268464178] 14 
[04.05.26 23:28:40] Pickup 17 Wooden Arrow (15)[268534195] DarkThorn[268464178] 15 
[04.05.26 23:28:40] Pickup 57 Adena (9)[268534196] NioHawk[268489686] 9 
[04.05.26 23:28:40] Pickup 57 Adena (9)[268534197] RapidRidge[268470714] 9 
[04.05.26 23:28:41] Pickup 57 Adena (7)[268534198] RogueBloom[268476443] 7 
[04.05.26 23:28:41] Pickup 57 Adena (13)[268534199] RuneEdge[268485977] 13 
[04.05.26 23:28:41] Pickup 57 Adena (20)[268534209] WildStar[268468819] 20 
[04.05.26 23:28:41] Pickup 1868 Thread (1)[268534213] WildStar[268468819] 1 
[04.05.26 23:28:43] Pickup 1868 Thread (1)[268534228] SolarStar[268472261] 1 
[04.05.26 23:28:44] Pickup 57 Adena (7)[268534243] NioFire[268489617] 7 
[04.05.26 23:28:45] Pickup 57 Adena (13)[268534260] VenomDrake[268479161] 13 
[04.05.26 23:28:45] Pickup 112 Apprentice\'s Earring (1)[268534261] VenomDrake[268479161] 1 
[04.05.26 23:28:45] Pickup 18 Leather Shield (1)[268534272] NioHawk[268489686] 1 
[04.05.26 23:28:47] Pickup 57 Adena (10)[268534296] VexGrove[268488616] 10 
[04.05.26 23:28:47] Pickup 21 Shirt (1)[268534305] VoidBlade[268466541] 1 
[04.05.26 23:28:49] Pickup 57 Adena (5)[268534319] RogueRidge[268476663] 5 
[04.05.26 23:28:49] Pickup 426 Tunic (1)[268534320] RogueRidge[268476663] 1 
[04.05.26 23:28:49] Pickup 116 Magic Ring (1)[268534333] DawnWisp[268485562] 1 
[04.05.26 23:28:50] Pickup 57 Adena (13)[268534344] IronBlade[268464452] 13 
[04.05.26 23:28:51] Pickup 57 Adena (20)[268534355] NightStone[268463441] 20 
[04.05.26 23:28:51] Pickup 1867 Animal Skin (1)[268534356] NightStone[268463441] 1 
[04.05.26 23:28:51] Pickup 57 Adena (9)[268534364] WildFlash[268469324] 9 
[04.05.26 23:28:51] Pickup 17 Wooden Arrow (26)[268534365] WildFlash[268469324] 26 
[04.05.26 23:28:54] Pickup 57 Adena (6)[268534413] FrostRage[268465388] 6 
[04.05.26 23:28:54] Pickup 57 Adena (10)[268534414] IronBlade[268464452] 10 
[04.05.26 23:28:55] Pickup 57 Adena (6)[268534422] VoidSerpent[268467443] 6 
[04.05.26 23:28:55] Pickup 57 Adena (8)[268534431] NioHawk[268489686] 8 
[04.05.26 23:28:55] Pickup 1868 Thread (1)[268534432] RogueBloom[268476443] 1 
[04.05.26 23:28:56] Pickup 57 Adena (10)[268534433] KexField[268489290] 10 
[04.05.26 23:28:56] Pickup 1 Short Sword (1)[268534434] KexField[268489290] 1 
[04.05.26 23:28:57] Pickup 57 Adena (16)[268534460] GaleCreek[268484345] 16 
[04.05.26 23:28:57] Pickup 1833 Bandage (1)[268534461] GaleCreek[268484345] 1 
[04.05.26 23:28:58] Pickup 22 Leather Shirt (1)[268534474] NightStrike[268463352] 1 
[04.05.26 23:28:58] Pickup 57 Adena (6)[268534482] RapidStone[268470306] 6 
[04.05.26 23:29:00] Pickup 57 Adena (4)[268534502] NioHawk[268489686] 4 
[04.05.26 23:29:01] Pickup 57 Adena (4)[268534503] GrimFire[268474684] 4 
[04.05.26 23:29:01] Pickup 17 Wooden Arrow (26)[268534504] GrimFire[268474684] 26 
[04.05.26 23:29:01] Pickup 57 Adena (6)[268534512] NioFlash[268489905] 6 
[04.05.26 23:29:01] Pickup 57 Adena (5)[268534513] VoidGrove[268467294] 5 
[04.05.26 23:29:01] Pickup 57 Adena (8)[268534522] VoidWind[268466745] 8 
[04.05.26 23:29:02] Pickup 57 Adena (8)[268534529] MysticCrown[268477479] 8 
[04.05.26 23:29:02] Pickup 57 Adena (6)[268534530] DuskStrike[268484814] 6 
[04.05.26 23:29:03] Pickup 57 Adena (18)[268534539] GaleVeil[268484147] 18 
[04.05.26 23:29:04] Pickup 57 Adena (12)[268534550] NioCreek[268489947] 12 
[04.05.26 23:29:06] Pickup 57 Adena (6)[268534590] GaleRidge[268484452] 6 
[04.05.26 23:29:09] Pickup 57 Adena (12)[268534631] VexGrove[268488616] 12 
[04.05.26 23:29:09] Pickup 1868 Thread (1)[268534632] VexGrove[268488616] 1 
[04.05.26 23:29:09] Pickup 57 Adena (27)[268534633] IronBlade[268464452] 27 
[04.05.26 23:29:10] Pickup 57 Adena (16)[268534642] NioBlade[268489422] 16 
[04.05.26 23:29:10] Pickup 57 Adena (15)[268534643] SolarStrike[268472492] 15 
[04.05.26 23:29:10] Pickup 1868 Thread (1)[268534644] SolarStrike[268472492] 1 
[04.05.26 23:29:11] Pickup 57 Adena (7)[268534661] VoidGrove[268467294] 7 
[04.05.26 23:29:11] Pickup 57 Adena (6)[268534662] ZanMarsh[268487875] 6 
[04.05.26 23:29:11] Pickup 57 Adena (8)[268534668] VoidSerpent[268467443] 8 
[04.05.26 23:29:11] Pickup 57 Adena (10)[268534669] SolarStar[268472261] 10 
[04.05.26 23:29:11] Pickup 21 Shirt (1)[268534670] SolarStar[268472261] 1 
[04.05.26 23:29:13] Pickup 57 Adena (24)[268534700] SolarStrike[268472492] 24 
[04.05.26 23:29:13] Pickup 57 Adena (13)[268534701] ArcWisp[268486971] 13 
[04.05.26 23:29:13] Pickup 57 Adena (19)[268534708] ShadowSerpent[268463045] 19 
[04.05.26 23:29:13] Pickup 57 Adena (6)[268534709] DawnCrown[268485628] 6 
[04.05.26 23:29:15] Pickup 57 Adena (14)[268534730] FrostThorn[268465580] 14 
[04.05.26 23:29:15] Pickup 1868 Thread (1)[268534731] FrostThorn[268465580] 1 
[04.05.26 23:29:15] Pickup 17 Wooden Arrow (22)[268534732] FrostThorn[268465580] 22 
[04.05.26 23:29:15] Pickup 57 Adena (21)[268534733] ApexCrest[268474211] 21 
[04.05.26 23:29:15] Pickup 112 Apprentice\'s Earring (1)[268534734] ApexCrest[268474211] 1 
[04.05.26 23:29:16] Pickup 57 Adena (7)[268534744] VoidBlade[268466541] 7 
[04.05.26 23:29:17] Pickup 57 Adena (10)[268534757] MysticSpark[268477564] 10 
[04.05.26 23:29:18] Pickup 57 Adena (6)[268534768] MysticCrown[268477479] 6 
[04.05.26 23:29:19] Pickup 57 Adena (16)[268534790] RuneDrake[268486590] 16 
[04.05.26 23:29:19] Pickup 57 Adena (31)[268534791] FrostField[268465712] 31 
[04.05.26 23:29:20] Pickup 57 Adena (33)[268534802] StormThorn[268466273] 33 
[04.05.26 23:29:23] Pickup 17 Wooden Arrow (12)[268534846] StormSoul[268465969] 12 
[04.05.26 23:29:24] Pickup 57 Adena (8)[268534856] IronClaw[268464570] 8 
[04.05.26 23:29:24] Pickup 57 Adena (10)[268534857] NioCore[268489495] 10 
[04.05.26 23:29:24] Pickup 57 Adena (10)[268534858] NightStone[268463441] 10 
[04.05.26 23:29:24] Pickup 57 Adena (6)[268534869] NioHawk[268489686] 6 
[04.05.26 23:29:24] Pickup 1060 Healing Potion (1)[268534870] NioHawk[268489686] 1 
[04.05.26 23:29:25] Pickup 57 Adena (18)[268534876] SkullGrove[268482317] 18 
[04.05.26 23:29:26] Pickup 57 Adena (9)[268534897] GrimFire[268474684] 9 
[04.05.26 23:29:26] Pickup 28 Pants (1)[268534898] GrimFire[268474684] 1 
[04.05.26 23:29:27] Pickup 57 Adena (10)[268534903] GrimStone[268475028] 10 
[04.05.26 23:29:27] Pickup 1060 Healing Potion (1)[268534904] GrimStone[268475028] 1 
[04.05.26 23:29:27] Pickup 57 Adena (6)[268534905] VoidSerpent[268467443] 6 
[04.05.26 23:29:27] Pickup 17 Wooden Arrow (18)[268534906] VoidSerpent[268467443] 18 
[04.05.26 23:29:28] Pickup 57 Adena (12)[268534908] SolarField[268472941] 12 
[04.05.26 23:29:28] Pickup 1868 Thread (1)[268534909] SolarField[268472941] 1 
[04.05.26 23:29:28] Pickup 57 Adena (14)[268534930] NightStrike[268463352] 14 
[04.05.26 23:29:29] Pickup 57 Adena (22)[268534935] BlazeCore[268480624] 22 
[04.05.26 23:29:29] Pickup 1871 Charcoal (1)[268534936] BlazeCore[268480624] 1 
[04.05.26 23:29:30] Pickup 57 Adena (12)[268534948] ShadowGrove[268462961] 12 
[04.05.26 23:29:30] Pickup 57 Adena (12)[268534949] MysticEdge[268476853] 12 
[04.05.26 23:29:31] Pickup 57 Adena (20)[268534963] FrostClaw[268465289] 20 
[04.05.26 23:29:31] Pickup 1868 Thread (1)[268534964] FrostClaw[268465289] 1 
[04.05.26 23:29:31] Pickup 57 Adena (17)[268534965] NeonSpark[268468176] 17 
[04.05.26 23:29:32] Pickup 57 Adena (24)[268534977] ZanWolf[268487597] 24 
[04.05.26 23:29:32] Pickup 1788 Recipe: Bow (1)[268534978] ZanWolf[268487597] 1 
[04.05.26 23:29:34] Pickup 57 Adena (7)[268535005] GrimStone[268475028] 7 
[04.05.26 23:29:34] Pickup 57 Adena (8)[268535021] NioHawk[268489686] 8 
[04.05.26 23:29:34] Pickup 1060 Healing Potion (1)[268535022] NioHawk[268489686] 1 
[04.05.26 23:29:35] Pickup 57 Adena (13)[268535032] VoidSoul[268466676] 13 
[04.05.26 23:29:36] Pickup 57 Adena (5)[268535042] FrostBlade[268465181] 5 
[04.05.26 23:29:38] Pickup 57 Adena (30)[268535067] ApexCrest[268474211] 30 
[04.05.26 23:29:39] Pickup 57 Adena (14)[268535080] VoidDrake[268467408] 14 
[04.05.26 23:29:39] Pickup 57 Adena (14)[268535081] FrostField[268465712] 14 
[04.05.26 23:29:39] Pickup 57 Adena (29)[268535082] GaleVeil[268484147] 29 
[04.05.26 23:29:40] Pickup 57 Adena (30)[268535089] MysticMarsh[268477730] 30 
[04.05.26 23:29:41] Pickup 57 Adena (10)[268535109] NightBloom[268463551] 10 
[04.05.26 23:29:41] Pickup 57 Adena (14)[268535110] VenomEdge[268478082] 14 
[04.05.26 23:29:41] Pickup 57 Adena (7)[268535116] GaleSpark[268484262] 7 
[04.05.26 23:29:42] Pickup 57 Adena (10)[268535117] IronDrake[268465142] 10 
[04.05.26 23:29:42] Pickup 57 Adena (8)[268535126] NioFlash[268489905] 8 
[04.05.26 23:29:42] Pickup 462 Stockings (1)[268535127] NioFlash[268489905] 1 
[04.05.26 23:29:44] Pickup 57 Adena (11)[268535155] ZanSerpent[268488017] 11 
[04.05.26 23:29:46] Pickup 28 Pants (1)[268535164] DuskStrike[268484814] 1 
[04.05.26 23:29:46] Pickup 57 Adena (8)[268535174] VoidSerpent[268467443] 8 
[04.05.26 23:29:46] Pickup 57 Adena (12)[268535175] NioCreek[268489947] 12 
[04.05.26 23:29:46] Pickup 57 Adena (16)[268535176] SkullStone[268482114] 16 
[04.05.26 23:29:47] Pickup 57 Adena (18)[268535192] ArcField[268487188] 18 
[04.05.26 23:29:47] Pickup 57 Adena (9)[268535193] VoidWind[268466745] 9 
[04.05.26 23:29:47] Pickup 57 Adena (12)[268535194] VoidBlade[268466541] 12 
[04.05.26 23:29:47] Pickup 57 Adena (5)[268535198] SolarStar[268472261] 5 
[04.05.26 23:29:49] Pickup 57 Adena (9)[268535233] SteelSerpent[268483102] 9 
[04.05.26 23:29:50] Pickup 57 Adena (8)[268535244] GrimCrown[268475061] 8 
[04.05.26 23:29:50] Pickup 57 Adena (14)[268535245] NioCore[268489495] 14 
[04.05.26 23:29:51] Pickup 57 Adena (12)[268535253] IronClaw[268464570] 12 
[04.05.26 23:29:54] Pickup 57 Adena (37)[268535296] SkullGrove[268482317] 37 
[04.05.26 23:29:55] Pickup 57 Adena (27)[268535310] RuneEdge[268485977] 27 
[04.05.26 23:29:55] Pickup 57 Adena (8)[268535311] VenomCreek[268478941] 8 
[04.05.26 23:29:56] Pickup 57 Adena (9)[268535315] ZanMarsh[268487875] 9 
[04.05.26 23:29:56] Pickup 57 Adena (5)[268535319] WildCore[268468668] 5 
[04.05.26 23:29:56] Pickup 17 Wooden Arrow (30)[268535320] WildCore[268468668] 30 
[04.05.26 23:29:56] Pickup 57 Adena (6)[268535321] DarkWind[268463951] 6 
[04.05.26 23:29:56] Pickup 462 Stockings (1)[268535322] VoidSerpent[268467443] 1 
[04.05.26 23:29:57] Pickup 57 Adena (4)[268535341] NioHawk[268489686] 4 
[04.05.26 23:29:58] Pickup 57 Adena (13)[268535349] WildGloom[268469129] 13 
[04.05.26 23:29:58] Pickup 1868 Thread (1)[268535350] WildGloom[268469129] 1 
[04.05.26 23:29:58] Pickup 57 Adena (24)[268535359] BoneCrest[268483734] 24 
[04.05.26 23:30:02] Pickup 57 Adena (28)[268535404] NioCrest[268490041] 28 
[04.05.26 23:30:03] Pickup 57 Adena (7)[268535410] GrimStone[268475028] 7 
[04.05.26 23:30:04] Pickup 57 Adena (4)[268535430] GaleSpark[268484262] 4 
[04.05.26 23:30:04] Pickup 426 Tunic (1)[268535431] GaleSpark[268484262] 1 
[04.05.26 23:30:04] Pickup 57 Adena (13)[268535432] ZanWolf[268487597] 13 
[04.05.26 23:30:04] Pickup 1867 Animal Skin (1)[268535433] ZanWolf[268487597] 1 
[04.05.26 23:30:04] Pickup 57 Adena (5)[268535434] GhostRage[268479642] 5 
[04.05.26 23:30:05] Pickup 57 Adena (36)[268535439] SteelBloom[268482926] 36 
[04.05.26 23:30:05] Pickup 57 Adena (32)[268535443] StormWolf[268466107] 32 
[04.05.26 23:30:05] Pickup 1868 Thread (1)[268535444] StormWolf[268466107] 1 
[04.05.26 23:30:06] Pickup 57 Adena (11)[268535452] NightStrike[268463352] 11 
[04.05.26 23:30:06] Pickup 57 Adena (4)[268535468] VoidBlade[268466541] 4 
[04.05.26 23:30:08] Pickup 57 Adena (10)[268535489] RuneSpark[268486385] 10 
[04.05.26 23:30:09] Pickup 57 Adena (6)[268535500] VoidFang[268466568] 6 
[04.05.26 23:30:09] Pickup 57 Adena (14)[268535509] VoidDrake[268467408] 14 
[04.05.26 23:30:09] Pickup 17 Wooden Arrow (17)[268535510] VoidDrake[268467408] 17 
[04.05.26 23:30:10] Pickup 57 Adena (7)[268535511] IronDrake[268465142] 7 
[04.05.26 23:30:10] Pickup 57 Adena (28)[268535516] SkullFire[268481921] 28 
[04.05.26 23:30:10] Pickup 57 Adena (8)[268535523] RapidMarsh[268470548] 8 
[04.05.26 23:30:10] Pickup 462 Stockings (1)[268535524] RapidMarsh[268470548] 1 
[04.05.26 23:30:10] Pickup 57 Adena (12)[268535525] DawnCrown[268485628] 12 
[04.05.26 23:30:11] Pickup 57 Adena (4)[268535537] NioHawk[268489686] 4 
[04.05.26 23:30:12] Pickup 57 Adena (7)[268535538] GhostRage[268479642] 7 
[04.05.26 23:30:12] Pickup 17 Wooden Arrow (16)[268535546] GrimFire[268474684] 16 
[04.05.26 23:30:13] Pickup 57 Adena (11)[268535566] FrostVeil[268465472] 11 
[04.05.26 23:30:15] Pickup 57 Adena (29)[268535582] NioCrest[268490041] 29 
[04.05.26 23:30:16] Pickup 57 Adena (16)[268535596] VoidSoul[268466676] 16 
[04.05.26 23:30:16] Pickup 57 Adena (7)[268535600] VenomStar[268478277] 7 
[04.05.26 23:30:16] Pickup 1868 Thread (1)[268535601] VenomStar[268478277] 1 
[04.05.26 23:30:16] Pickup 57 Adena (12)[268535602] ArcWisp[268486971] 12 
[04.05.26 23:30:18] Pickup 57 Adena (8)[268535622] DarkThorn[268464178] 8 
[04.05.26 23:30:19] Pickup 57 Adena (7)[268535639] DuskStrike[268484814] 7 
[04.05.26 23:30:20] Pickup 57 Adena (24)[268535650] ShadowWolf[268462676] 24 
[04.05.26 23:30:20] Pickup 116 Magic Ring (1)[268535651] ShadowWolf[268462676] 1 
[04.05.26 23:30:20] Pickup 57 Adena (4)[268535657] DarkRage[268463971] 4 
[04.05.26 23:30:20] Pickup 57 Adena (5)[268535658] GhostRage[268479642] 5 
[04.05.26 23:30:20] Pickup 57 Adena (6)[268535659] NightBloom[268463551] 6 
[04.05.26 23:30:20] Pickup 57 Adena (14)[268535660] ArcGloom[268486993] 14 
[04.05.26 23:30:21] Pickup 57 Adena (30)[268535674] VexGrove[268488616] 30 
[04.05.26 23:30:21] Pickup 57 Adena (5)[268535675] NioFire[268489617] 5 
[04.05.26 23:30:24] Pickup 57 Adena (7)[268535706] StormSoul[268465969] 7 
[04.05.26 23:30:25] Pickup 57 Adena (26)[268535718] KexZone[268488819] 26 
[04.05.26 23:30:25] Pickup 57 Adena (15)[268535719] BlazeFlash[268481366] 15 
[04.05.26 23:30:25] Pickup 1867 Animal Skin (1)[268535720] KexZone[268488819] 1 
[04.05.26 23:30:25] Pickup 1868 Thread (1)[268535721] BlazeFlash[268481366] 1 
[04.05.26 23:30:25] Pickup 57 Adena (14)[268535722] KexCrown[268489132] 14 
[04.05.26 23:30:25] Pickup 57 Adena (7)[268535723] VoidGrove[268467294] 7 
[04.05.26 23:30:26] Pickup 57 Adena (8)[268535733] MysticCrown[268477479] 8 
[04.05.26 23:30:27] Pickup 57 Adena (11)[268535755] DawnCrown[268485628] 11 
[04.05.26 23:30:28] Pickup 57 Adena (10)[268535774] VenomCreek[268478941] 10 
[04.05.26 23:30:29] Pickup 57 Adena (8)[268535775] ZanMarsh[268487875] 8 
[04.05.26 23:30:29] Pickup 118 Magic Necklace (1)[268535780] VenomDrake[268479161] 1 
[04.05.26 23:30:30] Pickup 57 Adena (11)[268535790] GaleCore[268483891] 11 
[04.05.26 23:30:30] Pickup 1868 Thread (1)[268535791] GaleCore[268483891] 1 
[04.05.26 23:30:31] Pickup 57 Adena (7)[268535803] SolarCrown[268472677] 7 
[04.05.26 23:30:32] Pickup 57 Adena (18)[268535818] SkullGrove[268482317] 18 
[04.05.26 23:30:32] Pickup 1833 Bandage (1)[268535819] SkullGrove[268482317] 1 
[04.05.26 23:30:33] Pickup 57 Adena (24)[268535838] BoneCrown[268483541] 24 
[04.05.26 23:30:33] Pickup 118 Magic Necklace (1)[268535839] BoneCrown[268483541] 1 
[04.05.26 23:30:34] Pickup 57 Adena (17)[268535848] ShadowWolf[268462676] 17 
[04.05.26 23:30:34] Pickup 57 Adena (7)[268535852] RuneCreek[268486445] 7 
[04.05.26 23:30:35] Pickup 57 Adena (11)[268535853] RapidFlash[268470447] 11 
[04.05.26 23:30:35] Pickup 57 Adena (20)[268535860] SolarStrike[268472492] 20 
[04.05.26 23:30:35] Pickup 17 Wooden Arrow (14)[268535870] GaleSpark[268484262] 14 
[04.05.26 23:30:36] Pickup 57 Adena (5)[268535880] SolarEdge[268472059] 5 
[04.05.26 23:30:38] Pickup 57 Adena (5)[268535895] DuskStrike[268484814] 5 
[04.05.26 23:30:38] Pickup 99 Apprentice\'s Spellbook (1)[268535896] IronCrest[268465089] 1 
[04.05.26 23:30:39] Pickup 57 Adena (6)[268535909] VoidGrove[268467294] 6 
[04.05.26 23:30:39] Pickup 57 Adena (7)[268535910] FrostRidge[268465769] 7 
[04.05.26 23:30:41] Pickup 57 Adena (8)[268535936] VexGrove[268488616] 8 
[04.05.26 23:30:41] Pickup 57 Adena (6)[268535945] SteelGloom[268482789] 6 
[04.05.26 23:30:42] Pickup 57 Adena (29)[268535953] DuskThorn[268484956] 29 
[04.05.26 23:30:42] Pickup 1871 Charcoal (1)[268535954] DuskThorn[268484956] 1 
[04.05.26 23:30:42] Pickup 57 Adena (17)[268535956] VexStone[268488409] 17 
[04.05.26 23:30:43] Pickup 57 Adena (20)[268535976] SolarEdge[268472059] 20 
[04.05.26 23:30:43] Pickup 1871 Charcoal (1)[268535977] SolarEdge[268472059] 1 
[04.05.26 23:30:44] Pickup 57 Adena (8)[268535981] VoidGrove[268467294] 8 
[04.05.26 23:30:45] Pickup 57 Adena (8)[268535994] VoidSerpent[268467443] 8 
[04.05.26 23:30:45] Pickup 1868 Thread (1)[268535995] VoidSerpent[268467443] 1 
[04.05.26 23:30:45] Pickup 57 Adena (6)[268536000] GhostWolf[268479722] 6 
[04.05.26 23:30:45] Pickup 17 Wooden Arrow (18)[268536001] GhostWolf[268479722] 18 
[04.05.26 23:30:46] Pickup 57 Adena (5)[268536010] ZanMarsh[268487875] 5 
[04.05.26 23:30:46] Pickup 28 Pants (1)[268536011] ZanMarsh[268487875] 1 
[04.05.26 23:30:47] Pickup 57 Adena (10)[268536018] KexCrown[268489132] 10 
[04.05.26 23:30:47] Pickup 17 Wooden Arrow (16)[268536019] KexCrown[268489132] 16 
[04.05.26 23:30:47] Pickup 57 Adena (8)[268536020] GrimFire[268474684] 8 
[04.05.26 23:30:47] Pickup 57 Adena (8)[268536025] VenomCreek[268478941] 8 
[04.05.26 23:30:48] Pickup 57 Adena (9)[268536041] NioFire[268489617] 9 
[04.05.26 23:30:49] Pickup 57 Adena (22)[268536049] DarkCrest[268464362] 22 
[04.05.26 23:30:50] Pickup 57 Adena (26)[268536050] NioCrest[268490041] 26 
[04.05.26 23:30:50] Pickup 1867 Animal Skin (1)[268536051] RuneCreek[268486445] 1 
[04.05.26 23:30:50] Pickup 57 Adena (12)[268536058] SolarZone[268472146] 12 
[04.05.26 23:30:51] Pickup 57 Adena (25)[268536078] BoneCrown[268483541] 25 
[04.05.26 23:30:51] Pickup 57 Adena (12)[268536085] GaleCore[268483891] 12 
[04.05.26 23:30:51] Pickup 1787 Recipe: Willow Staff (1)[268536086] GaleCore[268483891] 1 
[04.05.26 23:30:52] Pickup 57 Adena (16)[268536087] RapidFlash[268470447] 16 
[04.05.26 23:30:53] Pickup 21 Shirt (1)[268536104] RioGrove[268490714] 1 
[04.05.26 23:30:55] Pickup 57 Adena (7)[268536127] NeonField[268468357] 7 
[04.05.26 23:30:55] Pickup 57 Adena (6)[268536132] VoidGrove[268467294] 6 
[04.05.26 23:30:55] Pickup 1867 Animal Skin (1)[268536133] VoidGrove[268467294] 1 
[04.05.26 23:30:55] Pickup 57 Adena (28)[268536134] BoneCrest[268483734] 28 
[04.05.26 23:30:57] Pickup 57 Adena (29)[268536156] KexStrike[268489030] 29 
[04.05.26 23:30:57] Pickup 57 Adena (31)[268536157] GaleCreek[268484345] 31 
[04.05.26 23:30:57] Pickup 57 Adena (7)[268536158] KexMarsh[268489264] 7 
[04.05.26 23:30:58] Pickup 57 Adena (9)[268536163] RapidMarsh[268470548] 9 
[04.05.26 23:30:58] Pickup 1060 Healing Potion (1)[268536164] RapidMarsh[268470548] 1 
[04.05.26 23:30:59] Pickup 57 Adena (7)[268536189] MysticWolf[268477262] 7 
[04.05.26 23:30:59] Pickup 426 Tunic (1)[268536190] MysticWolf[268477262] 1 
[04.05.26 23:31:01] Pickup 57 Adena (26)[268536203] SolarZone[268472146] 26 
[04.05.26 23:31:01] Pickup 116 Magic Ring (1)[268536204] SolarZone[268472146] 1 
[04.05.26 23:31:02] Pickup 57 Adena (9)[268536224] RuneCreek[268486445] 9 
[04.05.26 23:31:04] Pickup 57 Adena (4)[268536240] SolarStar[268472261] 4 
[04.05.26 23:31:04] Pickup 57 Adena (15)[268536253] DarkThorn[268464178] 15 
[04.05.26 23:31:05] Pickup 57 Adena (26)[268536259] ShadowWolf[268462676] 26 
[04.05.26 23:31:05] Pickup 57 Adena (7)[268536265] NeonField[268468357] 7 
[04.05.26 23:31:05] Pickup 57 Adena (15)[268536266] VexStone[268488409] 15 
[04.05.26 23:31:05] Pickup 1833 Bandage (1)[268536267] VexStone[268488409] 1 
[04.05.26 23:31:05] Pickup 57 Adena (18)[268536268] VoidWisp[268466912] 18 
[04.05.26 23:31:07] Pickup 57 Adena (29)[268536292] VoidSoul[268466676] 29 
[04.05.26 23:31:07] Pickup 57 Adena (7)[268536293] IronClaw[268464570] 7 
[04.05.26 23:31:07] PvEPlayerDieDrop 1867 Animal Skin (1)[268528293] FrostField[268465712] 1 
[04.05.26 23:31:08] Pickup 57 Adena (5)[268536300] RioGrove[268490714] 5 
[04.05.26 23:31:08] Pickup 426 Tunic (1)[268536301] RioGrove[268490714] 1 
[04.05.26 23:31:08] Pickup 57 Adena (8)[268536308] GaleCore[268483891] 8 
[04.05.26 23:31:09] Pickup 57 Adena (5)[268536309] NioFire[268489617] 5 
[04.05.26 23:31:09] Pickup 57 Adena (19)[268536317] ApexCrest[268474211] 19 
[04.05.26 23:31:11] Pickup 57 Adena (9)[268536342] KexMarsh[268489264] 9 
[04.05.26 23:31:11] Pickup 18 Leather Shield (1)[268536343] KexMarsh[268489264] 1 
[04.05.26 23:31:11] Pickup 57 Adena (18)[268536350] ShadowRidge[268463002] 18 
[04.05.26 23:31:11] Pickup 57 Adena (6)[268536351] VoidGrove[268467294] 6 
[04.05.26 23:31:12] Pickup 2136 Recipe: Cokes (1)[268536369] WildGloom[268469129] 1 
[04.05.26 23:31:13] Pickup 57 Adena (10)[268536370] RioClaw[268490242] 10 
[04.05.26 23:31:13] Pickup 57 Adena (7)[268536371] KexCrown[268489132] 7 
[04.05.26 23:31:13] Pickup 57 Adena (26)[268536372] SkullGrove[268482317] 26 
[04.05.26 23:31:13] Pickup 1871 Charcoal (1)[268536378] ZanFire[268487502] 1 
[04.05.26 23:31:14] Pickup 57 Adena (10)[268536386] SolarStar[268472261] 10 
[04.05.26 23:31:15] Pickup 57 Adena (6)[268536404] GaleCore[268483891] 6 
[04.05.26 23:31:16] Pickup 57 Adena (8)[268536405] GaleSpark[268484262] 8 
[04.05.26 23:31:16] Pickup 57 Adena (26)[268536412] IronBlade[268464452] 26 
[04.05.26 23:31:16] Pickup 1867 Animal Skin (1)[268536413] IronBlade[268464452] 1 
[04.05.26 23:31:16] Pickup 57 Adena (18)[268536418] KexZone[268488819] 18 
[04.05.26 23:31:16] Pickup 1871 Charcoal (1)[268536419] KexZone[268488819] 1 
[04.05.26 23:31:16] Pickup 57 Adena (13)[268536420] BoneSoul[268483261] 13 
[04.05.26 23:31:16] Pickup 1121 Apprentice\'s Shoes (1)[268536421] NioHawk[268489686] 1 
[04.05.26 23:31:16] Pickup 57 Adena (7)[268536422] SolarGrove[268472980] 7 
[04.05.26 23:31:18] Pickup 57 Adena (5)[268536437] RogueBloom[268476443] 5 
[04.05.26 23:31:18] Pickup 57 Adena (30)[268536444] RuneEdge[268485977] 30 
[04.05.26 23:31:18] Pickup 57 Adena (6)[268536445] SolarField[268472941] 6 
[04.05.26 23:31:19] Pickup 57 Adena (6)[268536463] IronClaw[268464570] 6 
[04.05.26 23:31:20] Pickup 57 Adena (27)[268536478] KexZone[268488819] 27 
[04.05.26 23:31:20] Pickup 118 Magic Necklace (1)[268536479] KexZone[268488819] 1 
[04.05.26 23:31:20] Pickup 57 Adena (4)[268536480] SteelCrest[268483039] 4 
[04.05.26 23:31:20] Pickup 17 Wooden Arrow (28)[268536481] SteelCrest[268483039] 28 
[04.05.26 23:31:21] Pickup 57 Adena (7)[268536493] RuneCreek[268486445] 7 
[04.05.26 23:31:21] Pickup 1871 Charcoal (1)[268536494] RuneCreek[268486445] 1 
[04.05.26 23:31:22] Pickup 57 Adena (9)[268536500] NioHawk[268489686] 9 
[04.05.26 23:31:22] Pickup 57 Adena (14)[268536514] GrimVeil[268474911] 14 
[04.05.26 23:31:23] Pickup 57 Adena (9)[268536521] GaleThorn[268484245] 9 
[04.05.26 23:31:24] Pickup 57 Adena (15)[268536534] FrostClaw[268465289] 15 
[04.05.26 23:31:25] Pickup 57 Adena (21)[268536545] RuneDrake[268486590] 21 
[04.05.26 23:31:25] Pickup 57 Adena (5)[268536546] KexMarsh[268489264] 5 
[04.05.26 23:31:27] Pickup 57 Adena (6)[268536573] RuneClaw[268486044] 6 
[04.05.26 23:31:28] Pickup 57 Adena (9)[268536576] SteelGloom[268482789] 9 
[04.05.26 23:31:29] Pickup 57 Adena (4)[268536598] GaleCore[268483891] 4 
[04.05.26 23:31:30] Pickup 57 Adena (5)[268536606] StormSerpent[268466518] 5 
[04.05.26 23:31:30] Pickup 35 Cloth Shoes (1)[268536607] StormSerpent[268466518] 1 
[04.05.26 23:31:31] Pickup 57 Adena (14)[268536620] NightBloom[268463551] 14 
[04.05.26 23:31:33] Pickup 57 Adena (7)[268536636] IronDrake[268465142] 7 
[04.05.26 23:31:33] Pickup 1121 Apprentice\'s Shoes (1)[268536637] IronDrake[268465142] 1 
[04.05.26 23:31:33] Pickup 57 Adena (5)[268536638] VoidSerpent[268467443] 5 
[04.05.26 23:31:33] Pickup 57 Adena (9)[268536640] MysticWolf[268477262] 9 
[04.05.26 23:31:35] Pickup 57 Adena (7)[268536671] StormSerpent[268466518] 7 
[04.05.26 23:31:35] Pickup 57 Adena (9)[268536672] DawnCrown[268485628] 9 
[04.05.26 23:31:36] Pickup 57 Adena (8)[268536677] KexMarsh[268489264] 8 
[04.05.26 23:31:36] Pickup 48 Short Gloves (1)[268536678] KexMarsh[268489264] 1 
[04.05.26 23:31:36] Pickup 57 Adena (6)[268536684] GrimStone[268475028] 6 
[04.05.26 23:31:37] Pickup 57 Adena (19)[268536687] DuskThorn[268484956] 19 
[04.05.26 23:31:37] Pickup 1867 Animal Skin (1)[268536688] DuskThorn[268484956] 1 
[04.05.26 23:31:37] Pickup 57 Adena (6)[268536689] SolarCrown[268472677] 6 
[04.05.26 23:31:37] Pickup 57 Adena (5)[268536693] SteelStar[268482582] 5 
[04.05.26 23:31:37] Pickup 57 Adena (8)[268536694] SteelEdge[268482473] 8 
[04.05.26 23:31:38] Pickup 57 Adena (15)[268536703] VexStone[268488409] 15 
[04.05.26 23:31:39] Pickup 57 Adena (20)[268536708] SolarStrike[268472492] 20 
[04.05.26 23:31:39] Pickup 1867 Animal Skin (1)[268536709] SolarStrike[268472492] 1 
[04.05.26 23:31:39] Pickup 57 Adena (5)[268536715] ZanRidge[268487976] 5 
[04.05.26 23:31:40] Pickup 57 Adena (16)[268536723] NightStrike[268463352] 16 
[04.05.26 23:31:40] Pickup 57 Adena (7)[268536732] DuskWisp[268484865] 7 
[04.05.26 23:31:40] Pickup 57 Adena (10)[268536733] StormSerpent[268466518] 10 
[04.05.26 23:31:40] Pickup 57 Adena (6)[268536734] RuneCreek[268486445] 6 
[04.05.26 23:31:40] Pickup 57 Adena (6)[268536735] RogueBloom[268476443] 6 
[04.05.26 23:31:40] Pickup 21 Shirt (1)[268536736] RogueBloom[268476443] 1 
[04.05.26 23:31:41] Pickup 57 Adena (28)[268536745] DuskThorn[268484956] 28 
[04.05.26 23:31:42] Pickup 57 Adena (6)[268536757] StormFlash[268466309] 6 
[04.05.26 23:31:42] Pickup 18 Leather Shield (1)[268536758] StormFlash[268466309] 1 
[04.05.26 23:31:43] Pickup 57 Adena (18)[268536776] BoneCrest[268483734] 18 
[04.05.26 23:31:44] Pickup 57 Adena (16)[268536789] GaleCore[268483891] 16 
[04.05.26 23:31:44] Pickup 1868 Thread (1)[268536790] GaleCore[268483891] 1 
[04.05.26 23:31:45] Pickup 57 Adena (19)[268536791] WildField[268469464] 19 
[04.05.26 23:31:46] Pickup 57 Adena (4)[268536809] IronDrake[268465142] 4 
[04.05.26 23:31:46] Pickup 1121 Apprentice\'s Shoes (1)[268536810] IronDrake[268465142] 1 
[04.05.26 23:31:47] Pickup 57 Adena (9)[268536825] StormFlash[268466309] 9 
[04.05.26 23:31:47] Pickup 57 Adena (22)[268536826] RuneEdge[268485977] 22 
[04.05.26 23:31:47] Pickup 426 Tunic (1)[268536827] DawnCrown[268485628] 1 
[04.05.26 23:31:47] Pickup 1868 Thread (1)[268536828] RuneEdge[268485977] 1 
[04.05.26 23:31:48] Pickup 57 Adena (9)[268536847] NeonCreek[268468288] 9 
[04.05.26 23:31:49] Pickup 1868 Thread (1)[268536848] RuneCreek[268486445] 1 
[04.05.26 23:31:49] Pickup 57 Adena (14)[268536860] RuneGloom[268486287] 14 
[04.05.26 23:31:49] Pickup 57 Adena (11)[268536861] RapidFlash[268470447] 11 
[04.05.26 23:31:50] Pickup 57 Adena (9)[268536874] StormSerpent[268466518] 9 
[04.05.26 23:31:52] Pickup 57 Adena (10)[268536888] GrimStone[268475028] 10 
[04.05.26 23:31:53] Pickup 57 Adena (27)[268536894] NioCrown[268489853] 27 
[04.05.26 23:31:53] Pickup 57 Adena (4)[268536898] IronDrake[268465142] 4 
[04.05.26 23:31:53] Pickup 57 Adena (24)[268536899] IronCrest[268465089] 24 
[04.05.26 23:31:54] Pickup 57 Adena (32)[268536924] RuneHawk[268486179] 32 
[04.05.26 23:31:54] Pickup 57 Adena (19)[268536925] SteelEdge[268482473] 19 
[04.05.26 23:31:56] Pickup 17 Wooden Arrow (24)[268536939] IronClaw[268464570] 24 
[04.05.26 23:31:56] Pickup 57 Adena (14)[268536945] DarkThorn[268464178] 14 
[04.05.26 23:31:56] Pickup 1787 Recipe: Willow Staff (1)[268536946] DarkThorn[268464178] 1 
[04.05.26 23:31:57] Pickup 57 Adena (10)[268536952] GaleVeil[268484147] 10 
[04.05.26 23:31:57] Pickup 57 Adena (6)[268536953] KexMarsh[268489264] 6 
[04.05.26 23:31:58] Pickup 57 Adena (13)[268536966] ApexClaw[268473376] 13 
[04.05.26 23:31:58] Pickup 57 Adena (20)[268536971] RogueThorn[268476311] 20 
[04.05.26 23:31:58] Pickup 57 Adena (9)[268536972] VoidSpark[268467097] 9 
[04.05.26 23:31:58] Pickup 57 Adena (8)[268536973] RogueBloom[268476443] 8 
[04.05.26 23:31:59] Pickup 57 Adena (13)[268536981] RuneDrake[268486590] 13 
[04.05.26 23:32:00] Pickup 57 Adena (12)[268536995] KexEdge[268488769] 12 
[04.05.26 23:32:00] Pickup 1868 Thread (1)[268536996] KexEdge[268488769] 1 
[04.05.26 23:32:01] Pickup 57 Adena (6)[268537003] SteelStar[268482582] 6 
[04.05.26 23:32:02] Pickup 57 Adena (8)[268537014] VoidFang[268466568] 8 
[04.05.26 23:32:02] Pickup 57 Adena (8)[268537019] KexMarsh[268489264] 8 
[04.05.26 23:32:03] Pickup 57 Adena (12)[268537033] WildCore[268468668] 12 
[04.05.26 23:32:04] Pickup 57 Adena (8)[268537044] RogueWolf[268476034] 8 
[04.05.26 23:32:05] Pickup 1788 Recipe: Bow (1)[268537059] VexStrike[268488321] 1 
[04.05.26 23:32:05] Pickup 57 Adena (7)[268537060] StormSerpent[268466518] 7 
[04.05.26 23:32:05] Pickup 57 Adena (18)[268537061] GaleCore[268483891] 18 
[04.05.26 23:32:08] Pickup 57 Adena (9)[268537090] VoidRage[268466774] 9 
[04.05.26 23:32:08] Pickup 1868 Thread (1)[268537096] RapidFlash[268470447] 1 
[04.05.26 23:32:09] Pickup 57 Adena (5)[268537109] NeonField[268468357] 5 
[04.05.26 23:32:10] Pickup 57 Adena (21)[268537110] DarkStrike[268464043] 21 
[04.05.26 23:32:10] Pickup 57 Adena (4)[268537113] RogueBloom[268476443] 4 
[04.05.26 23:32:10] Pickup 28 Pants (1)[268537114] RogueBloom[268476443] 1 
[04.05.26 23:32:10] Pickup 57 Adena (25)[268537122] SkullStone[268482114] 25 
[04.05.26 23:32:10] Pickup 116 Magic Ring (1)[268537123] SkullStone[268482114] 1 
[04.05.26 23:32:10] Pickup 1121 Apprentice\'s Shoes (1)[268537124] StormSerpent[268466518] 1 
[04.05.26 23:32:12] Pickup 57 Adena (27)[268537137] ShadowFlash[268462865] 27 
[04.05.26 23:32:12] Pickup 118 Magic Necklace (1)[268537138] ShadowFlash[268462865] 1 
[04.05.26 23:32:12] Pickup 57 Adena (5)[268537139] NightBloom[268463551] 5 
[04.05.26 23:32:12] Pickup 57 Adena (6)[268537147] KexMarsh[268489264] 6 
[04.05.26 23:32:12] Pickup 57 Adena (18)[268537148] RogueThorn[268476311] 18 
[04.05.26 23:32:13] Pickup 57 Adena (18)[268537152] NioCrown[268489853] 18 
[04.05.26 23:32:13] Pickup 57 Adena (10)[268537153] GhostRage[268479642] 10 
[04.05.26 23:32:13] Pickup 28 Pants (1)[268537154] GhostRage[268479642] 1 
[04.05.26 23:32:13] Pickup 57 Adena (20)[268537155] MysticMarsh[268477730] 20 
[04.05.26 23:32:14] Pickup 57 Adena (4)[268537156] WildCore[268468668] 4 
[04.05.26 23:32:14] Pickup 57 Adena (7)[268537162] VoidBlade[268466541] 7 
[04.05.26 23:32:14] Pickup 57 Adena (13)[268537163] SolarStone[268472640] 13 
[04.05.26 23:32:14] Pickup 57 Adena (10)[268537171] KexEdge[268488769] 10 
[04.05.26 23:32:15] Pickup 57 Adena (5)[268537176] RogueWolf[268476034] 5 
[04.05.26 23:32:17] Pickup 57 Adena (9)[268537197] SolarGrove[268472980] 9 
[04.05.26 23:32:17] Pickup 57 Adena (6)[268537203] VoidBloom[268467174] 6 
[04.05.26 23:32:17] Pickup 57 Adena (18)[268537204] BoneCrown[268483541] 18 
[04.05.26 23:32:18] Pickup 57 Adena (6)[268537205] SolarField[268472941] 6 
[04.05.26 23:32:18] Pickup 426 Tunic (1)[268537206] SolarField[268472941] 1 
[04.05.26 23:32:18] Pickup 57 Adena (8)[268537211] IronField[268465042] 8 
[04.05.26 23:32:19] Pickup 57 Adena (12)[268537228] DarkThorn[268464178] 12 
[04.05.26 23:32:20] Pickup 57 Adena (8)[268537239] SteelGloom[268482789] 8 
[04.05.26 23:32:20] Pickup 57 Adena (10)[268537251] StormSerpent[268466518] 10 
[04.05.26 23:32:21] Pickup 57 Adena (9)[268537252] RogueBloom[268476443] 9 
[04.05.26 23:32:21] Pickup 28 Pants (1)[268537253] RogueBloom[268476443] 1 
[04.05.26 23:32:21] Pickup 1060 Healing Potion (1)[268537254] RogueBloom[268476443] 1 
[04.05.26 23:32:21] Pickup 57 Adena (14)[268537262] KexStrike[268489030] 14 
[04.05.26 23:32:22] Pickup 1121 Apprentice\'s Shoes (1)[268537278] KexMarsh[268489264] 1 
[04.05.26 23:32:23] Pickup 57 Adena (6)[268537289] RogueSoul[268475811] 6 
[04.05.26 23:32:24] Pickup 57 Adena (4)[268537300] GaleCore[268483891] 4 
[04.05.26 23:32:24] Pickup 57 Adena (7)[268537301] NightBloom[268463551] 7 
[04.05.26 23:32:25] Pickup 57 Adena (10)[268537309] StormSerpent[268466518] 10 
[04.05.26 23:32:26] Pickup 57 Adena (6)[268537310] GhostRage[268479642] 6 
[04.05.26 23:32:27] Pickup 57 Adena (4)[268537342] KexMarsh[268489264] 4 
[04.05.26 23:32:28] Pickup 57 Adena (5)[268537347] StormFlash[268466309] 5 
[04.05.26 23:32:30] Pickup 57 Adena (4)[268537368] ZanField[268487897] 4 
[04.05.26 23:32:30] Pickup 57 Adena (5)[268537373] StormSerpent[268466518] 5 
[04.05.26 23:32:30] Pickup 35 Cloth Shoes (1)[268537374] StormSerpent[268466518] 1 
[04.05.26 23:32:30] Pickup 57 Adena (6)[268537375] NioCore[268489495] 6 
[04.05.26 23:32:30] Pickup 426 Tunic (1)[268537376] NioCore[268489495] 1 
[04.05.26 23:32:31] Pickup 57 Adena (4)[268537380] VoidWind[268466745] 4 
[04.05.26 23:32:31] Pickup 57 Adena (10)[268537384] GrimWind[268474723] 10 
[04.05.26 23:32:32] Pickup 57 Adena (8)[268537385] DawnHawk[268485468] 8 
[04.05.26 23:32:32] Pickup 57 Adena (16)[268537386] WildGloom[268469129] 16 
[04.05.26 23:32:32] Pickup 57 Adena (13)[268537398] KexEdge[268488769] 13 
[04.05.26 23:32:33] Pickup 57 Adena (11)[268537406] BlazeCore[268480624] 11 
[04.05.26 23:32:33] Pickup 1867 Animal Skin (1)[268537407] BlazeCore[268480624] 1 
[04.05.26 23:32:34] Pickup 1871 Charcoal (1)[268537411] IronHawk[268464716] 1 
[04.05.26 23:32:36] Pickup 57 Adena (10)[268537435] DawnCrown[268485628] 10 
[04.05.26 23:32:39] Pickup 57 Adena (10)[268537476] MysticMarsh[268477730] 10 
[04.05.26 23:32:39] Pickup 1868 Thread (1)[268537477] MysticMarsh[268477730] 1 
[04.05.26 23:32:39] Pickup 1788 Recipe: Bow (1)[268537478] MysticMarsh[268477730] 1 
[04.05.26 23:32:40] Pickup 57 Adena (15)[268537479] SolarZone[268472146] 15 
[04.05.26 23:32:40] Pickup 1788 Recipe: Bow (1)[268537480] SolarZone[268472146] 1 
[04.05.26 23:32:40] Pickup 57 Adena (8)[268537496] GaleCore[268483891] 8 
[04.05.26 23:32:41] Pickup 57 Adena (6)[268537497] SolarField[268472941] 6 
[04.05.26 23:32:41] Pickup 57 Adena (9)[268537512] StormSerpent[268466518] 9 
[04.05.26 23:32:43] Pickup 57 Adena (5)[268537522] RioGloom[268490495] 5 
[04.05.26 23:32:43] Pickup 1867 Animal Skin (1)[268537523] RioGloom[268490495] 1 
[04.05.26 23:32:44] Pickup 57 Adena (10)[268537524] FrostFang[268465204] 10 
[04.05.26 23:32:44] Pickup 57 Adena (29)[268537538] StormFang[268465860] 29 
[04.05.26 23:32:44] Pickup 57 Adena (6)[268537539] NightSpark[268463508] 6 
[04.05.26 23:32:45] Pickup 57 Adena (5)[268537540] IronBloom[268464963] 5 
[04.05.26 23:32:45] Pickup 57 Adena (9)[268537549] DarkWind[268463951] 9 
[04.05.26 23:32:45] Pickup 57 Adena (14)[268537550] ArcGloom[268486993] 14 
[04.05.26 23:32:45] Pickup 116 Magic Ring (1)[268537551] ArcGloom[268486993] 1 
[04.05.26 23:32:47] Pickup 57 Adena (10)[268537573] GrimStone[268475028] 10 
[04.05.26 23:32:48] Pickup 57 Adena (19)[268537589] StormRage[268466068] 19 
[04.05.26 23:32:48] Pickup 57 Adena (11)[268537590] StormZone[268465925] 11 
[04.05.26 23:32:49] Pickup 57 Adena (7)[268537598] StormFlash[268466309] 7 
[04.05.26 23:32:49] Pickup 1868 Thread (1)[268537603] KexMarsh[268489264] 1 
[04.05.26 23:32:49] Pickup 1060 Healing Potion (1)[268537604] DawnCrown[268485628] 1 
[04.05.26 23:32:50] Pickup 57 Adena (13)[268537609] StormSerpent[268466518] 13 
[04.05.26 23:32:50] Pickup 57 Adena (16)[268537618] MysticMarsh[268477730] 16 
[04.05.26 23:32:52] Pickup 57 Adena (6)[268537634] SteelGloom[268482789] 6 
[04.05.26 23:32:52] Pickup 57 Adena (28)[268537638] VoidSoul[268466676] 28 
[04.05.26 23:32:52] Pickup 1871 Charcoal (1)[268537639] VoidSoul[268466676] 1 
[04.05.26 23:32:53] Pickup 57 Adena (4)[268537645] RioGloom[268490495] 4 
[04.05.26 23:32:53] Pickup 57 Adena (17)[268537646] DuskThorn[268484956] 17 
[04.05.26 23:32:53] Pickup 57 Adena (12)[268537647] VexGrove[268488616] 12 
[04.05.26 23:32:54] Pickup 57 Adena (14)[268537651] GhostRage[268479642] 14 
[04.05.26 23:32:54] Pickup 57 Adena (21)[268537656] GhostGloom[268479895] 21 
[04.05.26 23:32:54] Pickup 57 Adena (8)[268537657] StormFlash[268466309] 8 
[04.05.26 23:32:54] Pickup 18 Leather Shield (1)[268537658] StormFlash[268466309] 1 
[04.05.26 23:32:55] Pickup 57 Adena (6)[268537669] IronDrake[268465142] 6 
[04.05.26 23:32:55] Pickup 57 Adena (14)[268537670] DuskFire[268484706] 14 
[04.05.26 23:32:58] Pickup 57 Adena (4)[268537698] RioGloom[268490495] 4 
[04.05.26 23:32:59] Pickup 57 Adena (4)[268537706] DawnCrown[268485628] 4 
[04.05.26 23:32:59] Pickup 57 Adena (27)[268537709] DarkStrike[268464043] 27 
[04.05.26 23:32:59] Pickup 57 Adena (13)[268537710] DuskFire[268484706] 13 
[04.05.26 23:32:59] Pickup 57 Adena (8)[268537717] IronVeil[268464782] 8 
[04.05.26 23:32:59] Pickup 57 Adena (6)[268537718] FrostThorn[268465580] 6 
[04.05.26 23:33:00] Pickup 57 Adena (6)[268537727] IronDrake[268465142] 6 
[04.05.26 23:33:00] Pickup 57 Adena (35)[268537732] SkullGrove[268482317] 35 
[04.05.26 23:33:02] Pickup 57 Adena (10)[268537753] RuneGloom[268486287] 10 
[04.05.26 23:33:02] Pickup 1867 Animal Skin (1)[268537754] RuneGloom[268486287] 1 
[04.05.26 23:33:02] Pickup 57 Adena (6)[268537755] FrostBlade[268465181] 6 
[04.05.26 23:33:02] Pickup 462 Stockings (1)[268537756] FrostBlade[268465181] 1 
[04.05.26 23:33:02] Pickup 57 Adena (5)[268537765] DuskZone[268484619] 5 
[04.05.26 23:33:05] Pickup 57 Adena (11)[268537778] VenomEdge[268478082] 11 
[04.05.26 23:33:05] Pickup 57 Adena (8)[268537783] KexMarsh[268489264] 8 
[04.05.26 23:33:08] Pickup 57 Adena (9)[268537812] RogueBloom[268476443] 9 
[04.05.26 23:33:08] Pickup 1868 Thread (1)[268537813] RogueBloom[268476443] 1 
[04.05.26 23:33:08] Pickup 57 Adena (12)[268537821] ShadowWolf[268462676] 12 
[04.05.26 23:33:08] Pickup 1868 Thread (1)[268537822] ShadowWolf[268462676] 1 
[04.05.26 23:33:10] Pickup 116 Magic Ring (1)[268537833] DuskFang[268484552] 1 
[04.05.26 23:33:11] Pickup 57 Adena (7)[268537848] VoidGrove[268467294] 7 
[04.05.26 23:33:12] Pickup 1060 Healing Potion (1)[268537855] IronDrake[268465142] 1 
[04.05.26 23:33:12] Pickup 57 Adena (5)[268537861] DawnCrown[268485628] 5 
[04.05.26 23:33:12] Pickup 57 Adena (15)[268537862] RogueRage[268475967] 15 
[04.05.26 23:33:13] Pickup 57 Adena (8)[268537870] DuskFire[268484706] 8 
[04.05.26 23:33:15] Pickup 57 Adena (5)[268537886] RioGloom[268490495] 5 
[04.05.26 23:33:15] Pickup 1121 Apprentice\'s Shoes (1)[268537887] RioGloom[268490495] 1 
[04.05.26 23:33:15] Pickup 57 Adena (13)[268537888] SteelStrike[268482723] 13 
[04.05.26 23:33:16] Pickup 116 Magic Ring (1)[268537893] FrostClaw[268465289] 1 
[04.05.26 23:33:16] Pickup 57 Adena (26)[268537894] RogueFang[268475622] 26 
[04.05.26 23:33:16] Pickup 57 Adena (8)[268537895] SkullBloom[268482224] 8 
[04.05.26 23:33:16] Pickup 57 Adena (7)[268537899] GrimWind[268474723] 7 
[04.05.26 23:33:16] Pickup 57 Adena (8)[268537900] RogueThorn[268476311] 8 
[04.05.26 23:33:17] Pickup 57 Adena (16)[268537906] VenomHawk[268478442] 16 
[04.05.26 23:33:18] Pickup 57 Adena (6)[268537924] DarkWind[268463951] 6 
[04.05.26 23:33:18] Pickup 1121 Apprentice\'s Shoes (1)[268537925] KexMarsh[268489264] 1 
[04.05.26 23:33:19] Pickup 57 Adena (6)[268537929] DuskZone[268484619] 6 
[04.05.26 23:33:21] Pickup 1 Short Sword (1)[268537952] ShadowCore[268462499] 1 
[04.05.26 23:33:21] Pickup 57 Adena (7)[268537960] IronWolf[268464738] 7 
[04.05.26 23:33:22] Pickup 57 Adena (10)[268537961] FrostRidge[268465769] 10 
[04.05.26 23:33:22] Pickup 17 Wooden Arrow (10)[268537962] FrostRidge[268465769] 10 
[04.05.26 23:33:23] Pickup 57 Adena (8)[268537978] IronDrake[268465142] 8 
[04.05.26 23:33:23] Pickup 57 Adena (9)[268537983] KexMarsh[268489264] 9 
[04.05.26 23:33:23] Pickup 57 Adena (6)[268537984] RioGloom[268490495] 6 
[04.05.26 23:33:24] Pickup 57 Adena (9)[268537986] VexStrike[268488321] 9 
[04.05.26 23:33:24] Pickup 57 Adena (6)[268537987] SolarFire[268472307] 6 
[04.05.26 23:33:25] Pickup 57 Adena (14)[268537998] DawnCrown[268485628] 14 
[04.05.26 23:33:25] Pickup 1060 Healing Potion (1)[268537999] DawnCrown[268485628] 1 
[04.05.26 23:33:26] Pickup 116 Magic Ring (1)[268538024] RogueThorn[268476311] 1 
[04.05.26 23:33:26] Pickup 1788 Recipe: Bow (1)[268538025] RogueThorn[268476311] 1 
[04.05.26 23:33:27] Pickup 57 Adena (34)[268538029] DarkZone[268463837] 34 
[04.05.26 23:33:28] Pickup 57 Adena (10)[268538033] SolarStar[268472261] 10 
[04.05.26 23:33:28] Pickup 28 Pants (1)[268538034] SolarStar[268472261] 1 
[04.05.26 23:33:28] Pickup 57 Adena (8)[268538035] RapidRidge[268470714] 8 
[04.05.26 23:33:28] Pickup 1868 Thread (1)[268538036] RapidRidge[268470714] 1 
[04.05.26 23:33:28] Pickup 57 Adena (21)[268538041] DuskThorn[268484956] 21 
[04.05.26 23:33:30] Pickup 57 Adena (15)[268538056] FrostClaw[268465289] 15 
[04.05.26 23:33:31] Pickup 57 Adena (4)[268538073] RogueRidge[268476663] 4 
[04.05.26 23:33:31] Pickup 57 Adena (8)[268538074] NioBloom[268489931] 8 
[04.05.26 23:33:31] Pickup 462 Stockings (1)[268538075] NioBloom[268489931] 1 
[04.05.26 23:33:33] Pickup 57 Adena (12)[268538095] SkullBloom[268482224] 12 
[04.05.26 23:33:33] Pickup 17 Wooden Arrow (15)[268538096] SkullBloom[268482224] 15 
[04.05.26 23:33:33] Pickup 57 Adena (4)[268538097] IronHawk[268464716] 4 
[04.05.26 23:33:34] Pickup 57 Adena (14)[268538102] FrostBlade[268465181] 14 
[04.05.26 23:33:35] Pickup 57 Adena (17)[268538113] WildField[268469464] 17 
[04.05.26 23:33:35] Pickup 1871 Charcoal (1)[268538114] WildField[268469464] 1 
[04.05.26 23:33:35] Pickup 57 Adena (4)[268538115] IronDrake[268465142] 4 
[04.05.26 23:33:35] Pickup 57 Adena (22)[268538119] FrostVeil[268465472] 22 
[04.05.26 23:33:36] Pickup 41 Cloth Cap (1)[268538131] VoidGrove[268467294] 1 
[04.05.26 23:33:38] Pickup 57 Adena (5)[268538143] IronWolf[268464738] 5 
[04.05.26 23:33:38] Pickup 57 Adena (14)[268538154] GhostHawk[268479688] 14 
[04.05.26 23:33:39] Pickup 41 Cloth Cap (1)[268538161] KexMarsh[268489264] 1 
[04.05.26 23:33:40] Pickup 57 Adena (27)[268538165] FrostClaw[268465289] 27 
[04.05.26 23:33:41] Pickup 57 Adena (26)[268538178] DawnMarsh[268485765] 26 
[04.05.26 23:33:41] Pickup 1868 Thread (1)[268538179] DawnMarsh[268485765] 1 
[04.05.26 23:33:41] Pickup 57 Adena (17)[268538180] KexZone[268488819] 17 
[04.05.26 23:33:41] Pickup 57 Adena (26)[268538181] LunarFire[268471136] 26 
[04.05.26 23:33:42] Pickup 21 Shirt (1)[268538195] GrimStone[268475028] 1 
[04.05.26 23:33:44] Pickup 57 Adena (16)[268538206] SteelZone[268482522] 16 
[04.05.26 23:33:44] Pickup 57 Adena (6)[268538207] RogueRidge[268476663] 6 
[04.05.26 23:33:44] Pickup 57 Adena (8)[268538212] DarkWind[268463951] 8 
[04.05.26 23:33:45] Pickup 57 Adena (13)[268538221] DawnMarsh[268485765] 13 
[04.05.26 23:33:46] Pickup 57 Adena (8)[268538225] VoidGrove[268467294] 8 
[04.05.26 23:33:46] Pickup 57 Adena (6)[268538233] IronWolf[268464738] 6 
[04.05.26 23:33:48] Pickup 57 Adena (8)[268538252] VenomEdge[268478082] 8 
[04.05.26 23:33:48] Pickup 1868 Thread (1)[268538253] VenomEdge[268478082] 1 
[04.05.26 23:33:49] Pickup 57 Adena (6)[268538267] DuskZone[268484619] 6 
[04.05.26 23:33:49] Pickup 1 Short Sword (1)[268538268] DuskZone[268484619] 1 
[04.05.26 23:33:50] Pickup 57 Adena (7)[268538278] DuskFire[268484706] 7 
[04.05.26 23:33:50] Pickup 57 Adena (6)[268538279] RuneGloom[268486287] 6 
[04.05.26 23:33:51] Pickup 57 Adena (6)[268538284] FrostGloom[268465519] 6 
[04.05.26 23:33:51] Pickup 1121 Apprentice\'s Shoes (1)[268538285] FrostGloom[268465519] 1 
[04.05.26 23:33:51] Pickup 1060 Healing Potion (1)[268538286] FrostGloom[268465519] 1 
[04.05.26 23:33:51] Pickup 116 Magic Ring (1)[268538290] DarkZone[268463837] 1 
[04.05.26 23:33:51] Pickup 57 Adena (7)[268538291] StormZone[268465925] 7 
[04.05.26 23:33:53] Pickup 57 Adena (7)[268538311] SolarFire[268472307] 7 
[04.05.26 23:33:53] Pickup 57 Adena (10)[268538317] DuskWisp[268484865] 10 
[04.05.26 23:33:53] Pickup 1788 Recipe: Bow (1)[268538318] DuskWisp[268484865] 1 
[04.05.26 23:33:54] Pickup 57 Adena (14)[268538320] FrostCreek[268465669] 14 
[04.05.26 23:33:54] Pickup 57 Adena (9)[268538321] KexMarsh[268489264] 9 
[04.05.26 23:33:56] Pickup 57 Adena (4)[268538337] FrostGloom[268465519] 4 
[04.05.26 23:33:57] Pickup 57 Adena (6)[268538352] VoidGrove[268467294] 6 
[04.05.26 23:33:57] Pickup 57 Adena (6)[268538353] IronWolf[268464738] 6 
[04.05.26 23:33:57] Pickup 21 Shirt (1)[268538354] IronWolf[268464738] 1 
[04.05.26 23:33:57] Pickup 57 Adena (8)[268538358] SolarStar[268472261] 8 
[04.05.26 23:33:58] Pickup 57 Adena (6)[268538359] RapidRidge[268470714] 6 
[04.05.26 23:34:01] Pickup 57 Adena (8)[268538387] DuskZone[268484619] 8 
[04.05.26 23:34:01] Pickup 57 Adena (10)[268538395] RogueRidge[268476663] 10 
[04.05.26 23:34:02] Pickup 57 Adena (7)[268538402] SteelGloom[268482789] 7 
[04.05.26 23:34:02] Pickup 1868 Thread (1)[268538403] SteelGloom[268482789] 1 
[04.05.26 23:34:02] Pickup 57 Adena (8)[268538404] VoidGrove[268467294] 8 
[04.05.26 23:34:02] Pickup 48 Short Gloves (1)[268538405] VoidGrove[268467294] 1 
[04.05.26 23:34:03] Pickup 57 Adena (11)[268538416] NeonEdge[268467545] 11 
[04.05.26 23:34:03] Pickup 1 Short Sword (1)[268538417] NeonEdge[268467545] 1 
[04.05.26 23:34:05] Pickup 57 Adena (22)[268538439] NightFire[268463237] 22 
[04.05.26 23:34:05] Pickup 1867 Animal Skin (1)[268538440] NightFire[268463237] 1 
[04.05.26 23:34:05] Pickup 57 Adena (27)[268538441] NioHawk[268489686] 27 
[04.05.26 23:34:05] Pickup 118 Magic Necklace (1)[268538443] BoneCrown[268483541] 1 
[04.05.26 23:34:06] Pickup 57 Adena (9)[268538445] ArcField[268487188] 9 
[04.05.26 23:34:06] Pickup 1867 Animal Skin (1)[268538446] StormFlash[268466309] 1 
[04.05.26 23:34:06] Pickup 1871 Charcoal (1)[268538452] KexMarsh[268489264] 1 
[04.05.26 23:34:06] Pickup 1871 Charcoal (1)[268538453] FrostThorn[268465580] 1 
[04.05.26 23:34:07] Pickup 57 Adena (6)[268538459] VoidGrove[268467294] 6 
[04.05.26 23:34:07] Pickup 1868 Thread (1)[268538460] VoidGrove[268467294] 1 
[04.05.26 23:34:08] Pickup 57 Adena (6)[268538467] ApexCreek[268474057] 6 
[04.05.26 23:34:09] Pickup 57 Adena (6)[268538484] RogueRidge[268476663] 6 
[04.05.26 23:34:12] Pickup 57 Adena (21)[268538504] ApexCrest[268474211] 21 
[04.05.26 23:34:12] Pickup 1788 Recipe: Bow (1)[268538505] ApexCrest[268474211] 1 
[04.05.26 23:34:14] Pickup 57 Adena (24)[268538532] NeonSpark[268468176] 24 
[04.05.26 23:34:14] Pickup 28 Pants (1)[268538538] DuskZone[268484619] 1 
[04.05.26 23:34:17] Pickup 57 Adena (6)[268538557] VoidGrove[268467294] 6 
[04.05.26 23:34:19] Pickup 57 Adena (5)[268538571] IronDrake[268465142] 5 
[04.05.26 23:34:19] Pickup 35 Cloth Shoes (1)[268538572] IronDrake[268465142] 1 
[04.05.26 23:34:20] Pickup 57 Adena (4)[268538587] KexMarsh[268489264] 4 
[04.05.26 23:34:20] Pickup 57 Adena (7)[268538588] SolarStar[268472261] 7 
[04.05.26 23:34:20] Pickup 1868 Thread (1)[268538589] SolarStar[268472261] 1 
[04.05.26 23:34:20] Pickup 57 Adena (23)[268538590] ShadowFlash[268462865] 23 
[04.05.26 23:34:22] Pickup 57 Adena (9)[268538604] RogueRidge[268476663] 9 
[04.05.26 23:34:22] Pickup 57 Adena (6)[268538605] DuskWisp[268484865] 6 
[04.05.26 23:34:22] Pickup 57 Adena (18)[268538611] DawnWisp[268485562] 18 
[04.05.26 23:34:22] Pickup 1871 Charcoal (1)[268538612] DawnWisp[268485562] 1 
[04.05.26 23:34:23] Pickup 57 Adena (19)[268538613] NioHawk[268489686] 19 
[04.05.26 23:34:23] Pickup 57 Adena (4)[268538615] StormSerpent[268466518] 4 
[04.05.26 23:34:24] Pickup 57 Adena (6)[268538620] IronWolf[268464738] 6 
[04.05.26 23:34:24] Pickup 1868 Thread (1)[268538621] IronWolf[268464738] 1 
[04.05.26 23:34:25] Pickup 57 Adena (8)[268538628] DuskMarsh[268485069] 8 
[04.05.26 23:34:25] Pickup 1871 Charcoal (1)[268538629] DuskMarsh[268485069] 1 
[04.05.26 23:34:25] Pickup 17 Wooden Arrow (28)[268538630] DuskMarsh[268485069] 28 
[04.05.26 23:34:25] Pickup 57 Adena (13)[268538631] DarkCrown[268464155] 13 
[04.05.26 23:34:25] Pickup 57 Adena (7)[268538637] KexMarsh[268489264] 7 
[04.05.26 23:34:25] Pickup 1121 Apprentice\'s Shoes (1)[268538638] KexMarsh[268489264] 1 
[04.05.26 23:34:25] Pickup 57 Adena (10)[268538639] SteelGloom[268482789] 10 
[04.05.26 23:34:25] Pickup 1867 Animal Skin (1)[268538640] SteelGloom[268482789] 1 
[04.05.26 23:34:27] Pickup 57 Adena (4)[268538655] StormFlash[268466309] 4 
[04.05.26 23:34:27] Pickup 57 Adena (5)[268538660] GhostThorn[268480002] 5 
[04.05.26 23:34:28] Pickup 57 Adena (18)[268538665] GhostField[268480268] 18 
[04.05.26 23:34:29] Pickup 57 Adena (7)[268538671] DuskZone[268484619] 7 
[04.05.26 23:34:29] Pickup 28 Pants (1)[268538672] DuskZone[268484619] 1 
[04.05.26 23:34:29] Pickup 57 Adena (23)[268538678] StormThorn[268466273] 23 
[04.05.26 23:34:29] Pickup 112 Apprentice\'s Earring (1)[268538679] StormThorn[268466273] 1 
[04.05.26 23:34:29] Pickup 57 Adena (13)[268538680] DarkZone[268463837] 13 
[04.05.26 23:34:30] Pickup 57 Adena (5)[268538692] KexMarsh[268489264] 5 
[04.05.26 23:34:31] Pickup 57 Adena (10)[268538693] ArcField[268487188] 10 
[04.05.26 23:34:31] Pickup 1868 Thread (1)[268538694] ArcField[268487188] 1 
[04.05.26 23:34:31] Pickup 57 Adena (7)[268538701] GaleFang[268483841] 7 
[04.05.26 23:34:32] Pickup 57 Adena (7)[268538705] StormZone[268465925] 7 
[04.05.26 23:34:33] Pickup 57 Adena (30)[268538727] DawnWisp[268485562] 30 
[04.05.26 23:34:33] Pickup 57 Adena (8)[268538728] VoidWind[268466745] 8 
[04.05.26 23:34:34] Pickup 57 Adena (15)[268538734] RapidWolf[268470138] 15 
[04.05.26 23:34:36] Pickup 57 Adena (13)[268538750] SkullBloom[268482224] 13 
[04.05.26 23:34:36] Pickup 17 Wooden Arrow (18)[268538751] SkullBloom[268482224] 18 
[04.05.26 23:34:37] Pickup 57 Adena (7)[268538763] DuskStrike[268484814] 7 
[04.05.26 23:34:37] Pickup 57 Adena (5)[268538764] NioHawk[268489686] 5 
[04.05.26 23:34:38] Pickup 57 Adena (21)[268538775] DuskThorn[268484956] 21 
[04.05.26 23:34:38] Pickup 1871 Charcoal (1)[268538776] DuskThorn[268484956] 1 
[04.05.26 23:34:38] Pickup 1788 Recipe: Bow (1)[268538777] DuskThorn[268484956] 1 
[04.05.26 23:34:38] Pickup 57 Adena (8)[268538781] IronWolf[268464738] 8 
[04.05.26 23:34:39] Pickup 57 Adena (6)[268538785] DawnRage[268485445] 6 
[04.05.26 23:34:39] Pickup 57 Adena (4)[268538786] IronDrake[268465142] 4 
[04.05.26 23:34:40] Pickup 57 Adena (6)[268538789] ShadowVeil[268462716] 6 
[04.05.26 23:34:43] Pickup 57 Adena (10)[268538810] KexCrown[268489132] 10 
[04.05.26 23:34:43] Pickup 57 Adena (14)[268538812] NeonEdge[268467545] 14 
[04.05.26 23:34:47] Pickup 57 Adena (14)[268538852] NioHawk[268489686] 14 
[04.05.26 23:34:47] Pickup 1867 Animal Skin (1)[268538853] NioHawk[268489686] 1 
[04.05.26 23:34:49] Pickup 57 Adena (8)[268538868] IronDrake[268465142] 8 
[04.05.26 23:34:49] Pickup 57 Adena (25)[268538869] GrimClaw[268474564] 25 
[04.05.26 23:34:50] Pickup 57 Adena (4)[268538872] GhostField[268480268] 4 
[04.05.26 23:34:50] Pickup 21 Shirt (1)[268538877] GhostField[268480268] 1 
[04.05.26 23:34:50] Pickup 1868 Thread (1)[268538878] StormFlash[268466309] 1 
[04.05.26 23:34:51] Pickup 1871 Charcoal (1)[268538888] SolarZone[268472146] 1 
[04.05.26 23:34:52] Pickup 57 Adena (7)[268538897] RapidMarsh[268470548] 7 
[04.05.26 23:34:52] Pickup 1060 Healing Potion (1)[268538898] RapidMarsh[268470548] 1 
[04.05.26 23:34:53] Pickup 57 Adena (8)[268538906] ShadowWolf[268462676] 8 
[04.05.26 23:34:53] Pickup 57 Adena (12)[268538907] RapidWolf[268470138] 12 
[04.05.26 23:34:54] Pickup 57 Adena (14)[268538912] GhostGloom[268479895] 14 
[04.05.26 23:34:54] Pickup 116 Magic Ring (1)[268538917] GhostGloom[268479895] 1 
[04.05.26 23:34:54] Pickup 57 Adena (10)[268538918] DawnRage[268485445] 10 
[04.05.26 23:34:55] Pickup 57 Adena (17)[268538927] SkullGrove[268482317] 17 
[04.05.26 23:34:56] Pickup 57 Adena (17)[268538934] StormWolf[268466107] 17 
[04.05.26 23:34:56] Pickup 57 Adena (5)[268538942] FrostGloom[268465519] 5 
[04.05.26 23:34:56] Pickup 18 Leather Shield (1)[268538943] FrostGloom[268465519] 1 
[04.05.26 23:34:56] Pickup 57 Adena (8)[268538944] GaleRidge[268484452] 8 
[04.05.26 23:34:57] Pickup 57 Adena (22)[268538945] MysticMarsh[268477730] 22 
[04.05.26 23:34:57] Pickup 116 Magic Ring (1)[268538946] MysticMarsh[268477730] 1 
[04.05.26 23:34:59] Pickup 57 Adena (24)[268538967] SolarZone[268472146] 24 
[04.05.26 23:34:59] Pickup 118 Magic Necklace (1)[268538968] SolarZone[268472146] 1 
[04.05.26 23:34:59] Pickup 57 Adena (5)[268538969] NightRage[268463288] 5 
[04.05.26 23:34:59] Pickup 1868 Thread (1)[268538970] NightRage[268463288] 1 
[04.05.26 23:34:59] Pickup 57 Adena (8)[268538971] RogueWolf[268476034] 8 
[04.05.26 23:34:59] Pickup 1060 Healing Potion (1)[268538972] RogueWolf[268476034] 1 
[04.05.26 23:35:00] Pickup 57 Adena (7)[268538976] StormZone[268465925] 7 
[04.05.26 23:35:01] Pickup 57 Adena (6)[268538983] DawnCrest[268485822] 6 
[04.05.26 23:35:02] Pickup 57 Adena (15)[268538998] ApexCrest[268474211] 15 
[04.05.26 23:35:02] Pickup 57 Adena (13)[268538999] SolarStar[268472261] 13 
[04.05.26 23:35:04] Pickup 57 Adena (17)[268539012] RuneDrake[268486590] 17 
[04.05.26 23:35:05] Pickup 57 Adena (5)[268539017] LunarSpark[268471584] 5 
[04.05.26 23:35:05] Pickup 57 Adena (18)[268539021] DarkZone[268463837] 18 
[04.05.26 23:35:05] Pickup 1 Short Sword (1)[268539022] DarkZone[268463837] 1 
[04.05.26 23:35:05] Pickup 57 Adena (4)[268539023] IronDrake[268465142] 4 
[04.05.26 23:35:05] Pickup 57 Adena (10)[268539027] SteelCrown[268482838] 10 
[04.05.26 23:35:06] Pickup 57 Adena (10)[268539042] ShadowVeil[268462716] 10 
[04.05.26 23:35:07] Pickup 1868 Thread (1)[268539050] ArcGloom[268486993] 1 
[04.05.26 23:35:07] Pickup 57 Adena (10)[268539051] NioHawk[268489686] 10 
[04.05.26 23:35:07] Pickup 17 Wooden Arrow (30)[268539052] NioHawk[268489686] 30 
[04.05.26 23:35:08] Pickup 57 Adena (8)[268539057] MysticStone[268477444] 8 
[04.05.26 23:35:08] Pickup 57 Adena (12)[268539060] NioCrown[268489853] 12 
[04.05.26 23:35:08] Pickup 57 Adena (5)[268539064] StormFlash[268466309] 5 
[04.05.26 23:35:09] Pickup 57 Adena (6)[268539072] NightRage[268463288] 6 
[04.05.26 23:35:09] Pickup 57 Adena (7)[268539073] RogueWolf[268476034] 7 
[04.05.26 23:35:10] Pickup 57 Adena (6)[268539078] NightSpark[268463508] 6 
[04.05.26 23:35:10] Pickup 57 Adena (19)[268539079] SolarZone[268472146] 19 
[04.05.26 23:35:10] Pickup 57 Adena (5)[268539082] IronDrake[268465142] 5 
[04.05.26 23:35:11] Pickup 1788 Recipe: Bow (1)[268539091] RapidWolf[268470138] 1 
[04.05.26 23:35:11] Pickup 57 Adena (11)[268539094] SteelBlade[268482433] 11 
[04.05.26 23:35:11] Pickup 57 Adena (18)[268539095] DuskRidge[268485159] 18 
[04.05.26 23:35:11] Pickup 1833 Bandage (1)[268539096] DuskRidge[268485159] 1 
[04.05.26 23:35:13] Pickup 57 Adena (5)[268539117] KexMarsh[268489264] 5 
[04.05.26 23:35:13] Pickup 35 Cloth Shoes (1)[268539118] KexMarsh[268489264] 1 
[04.05.26 23:35:14] Pickup 17 Wooden Arrow (26)[268539125] FrostField[268465712] 26 
[04.05.26 23:35:15] Pickup 57 Adena (6)[268539131] StormZone[268465925] 6 
[04.05.26 23:35:15] Pickup 57 Adena (13)[268539137] DarkZone[268463837] 13 
[04.05.26 23:35:17] Pickup 57 Adena (7)[268539155] GrimStone[268475028] 7 
[04.05.26 23:35:17] Pickup 57 Adena (12)[268539156] KexCrown[268489132] 12 
[04.05.26 23:35:17] Pickup 57 Adena (6)[268539157] BlazeThorn[268481279] 6 
[04.05.26 23:35:18] Pickup 57 Adena (11)[268539159] GrimThorn[268475088] 11 
[04.05.26 23:35:18] Pickup 57 Adena (9)[268539163] StormWisp[268466181] 9 
[04.05.26 23:35:18] Pickup 57 Adena (4)[268539171] KexMarsh[268489264] 4 
[04.05.26 23:35:18] Pickup 57 Adena (8)[268539172] IronHawk[268464716] 8 
[04.05.26 23:35:19] Pickup 57 Adena (4)[268539175] NioHawk[268489686] 4 
[04.05.26 23:35:23] Pickup 57 Adena (26)[268539196] SolarStrike[268472492] 26 
[04.05.26 23:35:24] Pickup 57 Adena (26)[268539204] StormWolf[268466107] 26 
[04.05.26 23:35:24] Pickup 57 Adena (8)[268539210] SolarStar[268472261] 8 
[04.05.26 23:35:25] Pickup 57 Adena (10)[268539219] RuneEdge[268485977] 10 
[04.05.26 23:35:26] Pickup 1868 Thread (1)[268539226] NeonEdge[268467545] 1 
[04.05.26 23:35:27] Pickup 57 Adena (5)[268539235] FrostGloom[268465519] 5 
[04.05.26 23:35:27] Pickup 1868 Thread (1)[268539236] FrostGloom[268465519] 1 
[04.05.26 23:35:27] Pickup 57 Adena (5)[268539240] NightRage[268463288] 5 
[04.05.26 23:35:28] Pickup 57 Adena (27)[268539242] ShadowSerpent[268463045] 27 
[04.05.26 23:35:28] Pickup 57 Adena (22)[268539243] DarkZone[268463837] 22 
[04.05.26 23:35:29] Pickup 57 Adena (6)[268539251] NioHawk[268489686] 6 
[04.05.26 23:35:31] Pickup 57 Adena (19)[268539266] RioVeil[268490445] 19 
[04.05.26 23:35:31] Pickup 57 Adena (24)[268539267] SolarStrike[268472492] 24 
[04.05.26 23:35:31] Pickup 116 Magic Ring (1)[268539268] SolarStrike[268472492] 1 
[04.05.26 23:35:32] Pickup 57 Adena (7)[268539270] MysticStone[268477444] 7 
[04.05.26 23:35:32] Pickup 1868 Thread (1)[268539279] VenomEdge[268478082] 1 
[04.05.26 23:35:32] Pickup 57 Adena (6)[268539280] RapidGrove[268470632] 6 
[04.05.26 23:35:32] Pickup 1868 Thread (1)[268539281] RapidGrove[268470632] 1 
[04.05.26 23:35:32] Pickup 57 Adena (21)[268539282] SteelZone[268482522] 21 
[04.05.26 23:35:35] Pickup 57 Adena (7)[268539307] ApexEdge[268473264] 7 
[04.05.26 23:35:35] Pickup 1867 Animal Skin (1)[268539308] ApexEdge[268473264] 1 
[04.05.26 23:35:35] Pickup 57 Adena (7)[268539309] IronHawk[268464716] 7 
[04.05.26 23:35:36] Pickup 57 Adena (5)[268539315] VoidGrove[268467294] 5 
[04.05.26 23:35:36] Pickup 57 Adena (6)[268539317] GrimStone[268475028] 6 
[04.05.26 23:35:37] Pickup 57 Adena (10)[268539318] FrostGloom[268465519] 10 
[04.05.26 23:35:37] Pickup 57 Adena (7)[268539321] RapidFire[268469965] 7 
[04.05.26 23:35:37] Pickup 57 Adena (9)[268539325] RuneSoul[268486061] 9 
[04.05.26 23:35:38] Pickup 57 Adena (4)[268539329] DawnCrest[268485822] 4 
[04.05.26 23:35:38] Pickup 57 Adena (16)[268539338] StormWolf[268466107] 16 
[04.05.26 23:35:38] Pickup 57 Adena (12)[268539339] VexZone[268488135] 12 
[04.05.26 23:35:39] Pickup 57 Adena (20)[268539347] ShadowWolf[268462676] 20 
[04.05.26 23:35:39] Pickup 1871 Charcoal (1)[268539348] ShadowWolf[268462676] 1 
[04.05.26 23:35:40] Pickup 57 Adena (10)[268539356] ApexFlash[268473983] 10 
[04.05.26 23:35:40] Pickup 57 Adena (9)[268539360] ArcSerpent[268487304] 9 
[04.05.26 23:35:40] Pickup 57 Adena (5)[268539361] StormSerpent[268466518] 5 
[04.05.26 23:35:40] Pickup 1867 Animal Skin (1)[268539362] StormSerpent[268466518] 1 
[04.05.26 23:35:41] Pickup 57 Adena (18)[268539364] RioVeil[268490445] 18 
[04.05.26 23:35:41] Pickup 57 Adena (11)[268539365] IronDrake[268465142] 11 
[04.05.26 23:35:41] Pickup 57 Adena (18)[268539366] DarkStrike[268464043] 18 
[04.05.26 23:35:42] Pickup 57 Adena (9)[268539370] FrostGloom[268465519] 9 
[04.05.26 23:35:42] Pickup 57 Adena (11)[268539373] TioFang[268490851] 11 
[04.05.26 23:35:42] Pickup 1833 Bandage (1)[268539374] TioFang[268490851] 1 
[04.05.26 23:35:42] Pickup 57 Adena (10)[268539375] MysticStone[268477444] 10 
[04.05.26 23:35:42] Pickup 57 Adena (7)[268539376] NightRage[268463288] 7 
[04.05.26 23:35:42] Pickup 18 Leather Shield (1)[268539377] NightRage[268463288] 1 
[04.05.26 23:35:43] Pickup 57 Adena (11)[268539384] NightFire[268463237] 11 
[04.05.26 23:35:43] Pickup 57 Adena (25)[268539389] StormWolf[268466107] 25 
[04.05.26 23:35:44] Pickup 57 Adena (14)[268539398] DuskZone[268484619] 14 
[04.05.26 23:35:46] Pickup 1121 Apprentice\'s Shoes (1)[268539409] IronDrake[268465142] 1 
[04.05.26 23:35:46] Pickup 57 Adena (5)[268539410] ApexEdge[268473264] 5 
[04.05.26 23:35:47] Pickup 57 Adena (6)[268539417] FrostGloom[268465519] 6 
[04.05.26 23:35:47] Pickup 1121 Apprentice\'s Shoes (1)[268539418] FrostGloom[268465519] 1 
[04.05.26 23:35:48] Pickup 57 Adena (7)[268539435] IronHawk[268464716] 7 
[04.05.26 23:35:50] Pickup 57 Adena (8)[268539450] StormSerpent[268466518] 8 
[04.05.26 23:35:51] Pickup 57 Adena (8)[268539451] ApexEdge[268473264] 8 
[04.05.26 23:35:51] Pickup 1121 Apprentice\'s Shoes (1)[268539452] ApexEdge[268473264] 1 
[04.05.26 23:35:52] Pickup 57 Adena (4)[268539457] FrostGloom[268465519] 4 
[04.05.26 23:35:52] Pickup 48 Short Gloves (1)[268539458] FrostGloom[268465519] 1 
[04.05.26 23:35:54] Pickup 57 Adena (23)[268539475] DarkStrike[268464043] 23 
[04.05.26 23:35:55] Pickup 57 Adena (12)[268539479] StormWisp[268466181] 12 
[04.05.26 23:35:55] Pickup 57 Adena (19)[268539487] FrostField[268465712] 19 
[04.05.26 23:35:55] Pickup 308 Buffalo\'s Horn (1)[268539490] FrostField[268465712] 1 
[04.05.26 23:35:55] Pickup 1868 Thread (1)[268539491] StormSerpent[268466518] 1 
[04.05.26 23:35:55] Pickup 57 Adena (4)[268539492] IronHawk[268464716] 4 
[04.05.26 23:35:55] Pickup 1121 Apprentice\'s Shoes (1)[268539493] IronHawk[268464716] 1 
[04.05.26 23:35:57] Pickup 57 Adena (24)[268539501] NeonEdge[268467545] 24 
[04.05.26 23:35:57] Pickup 57 Adena (14)[268539502] ApexFlash[268473983] 14 
[04.05.26 23:35:57] Pickup 57 Adena (11)[268539505] NightRage[268463288] 11 
[04.05.26 23:35:58] Pickup 57 Adena (8)[268539512] StormZone[268465925] 8 
[04.05.26 23:35:59] Pickup 57 Adena (30)[268539528] NioCrown[268489853] 30 
[04.05.26 23:35:59] Pickup 57 Adena (9)[268539530] SolarStar[268472261] 9 
[04.05.26 23:36:02] Pickup 57 Adena (26)[268539540] BlazeSerpent[268481724] 26 
[04.05.26 23:36:02] Pickup 57 Adena (4)[268539547] ShadowVeil[268462716] 4 
[04.05.26 23:36:02] Pickup 1867 Animal Skin (1)[268539548] ShadowVeil[268462716] 1 
[04.05.26 23:36:03] Pickup 57 Adena (8)[268539553] ArcRidge[268487250] 8 
[04.05.26 23:36:04] Pickup 57 Adena (29)[268539561] StormWolf[268466107] 29 
[04.05.26 23:36:05] Pickup 1868 Thread (1)[268539564] DuskFang[268484552] 1 
[04.05.26 23:36:05] Pickup 57 Adena (4)[268539565] DarkCrown[268464155] 4 
[04.05.26 23:36:05] Pickup 57 Adena (10)[268539568] StormSerpent[268466518] 10 
[04.05.26 23:36:07] Pickup 57 Adena (10)[268539575] MysticStone[268477444] 10 
[04.05.26 23:36:07] Pickup 1871 Charcoal (1)[268539576] MysticStone[268477444] 1 
[04.05.26 23:36:09] Pickup 57 Adena (7)[268539589] StormZone[268465925] 7 
[04.05.26 23:36:09] Pickup 426 Tunic (1)[268539595] KexStar[268488887] 1 
[04.05.26 23:36:10] Pickup 57 Adena (5)[268539596] FrostGloom[268465519] 5 
[04.05.26 23:36:10] Pickup 57 Adena (6)[268539598] VexZone[268488135] 6 
[04.05.26 23:36:10] Pickup 57 Adena (8)[268539599] NightRage[268463288] 8 
[04.05.26 23:36:11] Pickup 57 Adena (5)[268539608] FrostFire[268465345] 5 
[04.05.26 23:36:12] Pickup 57 Adena (6)[268539609] MysticStone[268477444] 6 
[04.05.26 23:36:12] Pickup 1060 Healing Potion (1)[268539610] MysticStone[268477444] 1 
[04.05.26 23:36:13] Pickup 57 Adena (10)[268539623] NioClaw[268489538] 10 
[04.05.26 23:36:13] Pickup 57 Adena (13)[268539624] ShadowCore[268462499] 13 
[04.05.26 23:36:13] Pickup 57 Adena (14)[268539626] DuskZone[268484619] 14 
[04.05.26 23:36:14] Pickup 57 Adena (9)[268539627] SteelCrown[268482838] 9 
[04.05.26 23:36:14] Pickup 57 Adena (7)[268539632] ApexEdge[268473264] 7 
[04.05.26 23:36:15] Pickup 57 Adena (7)[268539633] FrostGloom[268465519] 7 
[04.05.26 23:36:15] Pickup 57 Adena (10)[268539639] WildCore[268468668] 10 
[04.05.26 23:36:15] Pickup 57 Adena (19)[268539640] NioHawk[268489686] 19 
[04.05.26 23:36:15] Pickup 1788 Recipe: Bow (1)[268539641] WildCore[268468668] 1 
[04.05.26 23:36:15] Pickup 57 Adena (8)[268539645] ZanWind[268487520] 8 
[04.05.26 23:36:16] Pickup 57 Adena (7)[268539649] KexStar[268488887] 7 
[04.05.26 23:36:21] Pickup 57 Adena (17)[268539687] BlazeHawk[268480957] 17 
[04.05.26 23:36:22] Pickup 57 Adena (5)[268539692] VoidGrove[268467294] 5 
[04.05.26 23:36:23] Pickup 57 Adena (14)[268539697] SolarWind[268472339] 14 
[04.05.26 23:36:23] Pickup 1871 Charcoal (1)[268539698] SolarWind[268472339] 1 
[04.05.26 23:36:23] Pickup 57 Adena (16)[268539699] ZanFlash[268487807] 16 
[04.05.26 23:36:23] Pickup 1867 Animal Skin (1)[268539700] ZanFlash[268487807] 1 
[04.05.26 23:36:24] Pickup 57 Adena (8)[268539707] ApexEdge[268473264] 8 
[04.05.26 23:36:24] Pickup 57 Adena (10)[268539708] FrostFire[268465345] 10 
[04.05.26 23:36:25] Pickup 57 Adena (5)[268539711] KexFlash[268489202] 5 
[04.05.26 23:36:25] Pickup 57 Adena (6)[268539712] NightRage[268463288] 6 
[04.05.26 23:36:25] Pickup 1060 Healing Potion (1)[268539713] NightRage[268463288] 1 
[04.05.26 23:36:25] Pickup 57 Adena (5)[268539714] StormFlash[268466309] 5 
[04.05.26 23:36:25] Pickup 57 Adena (9)[268539716] StormSerpent[268466518] 9 
[04.05.26 23:36:25] Pickup 18 Leather Shield (1)[268539717] StormSerpent[268466518] 1 
[04.05.26 23:36:26] Pickup 57 Adena (20)[268539719] ShadowCore[268462499] 20 
[04.05.26 23:36:26] Pickup 57 Adena (8)[268539724] KexStar[268488887] 8 
[04.05.26 23:36:27] Pickup 57 Adena (10)[268539729] FrostCore[268465247] 10 
[04.05.26 23:36:29] Pickup 57 Adena (6)[268539733] FrostGloom[268465519] 6 
[04.05.26 23:36:29] Pickup 57 Adena (5)[268539739] IronDrake[268465142] 5 
[04.05.26 23:36:30] Pickup 57 Adena (25)[268539746] GhostField[268480268] 25 
[04.05.26 23:36:30] Pickup 1867 Animal Skin (1)[268539747] GhostField[268480268] 1 
[04.05.26 23:36:30] Pickup 1867 Animal Skin (1)[268539748] DarkBloom[268464240] 1 
[04.05.26 23:36:30] Pickup 41 Cloth Cap (1)[268539749] NightRage[268463288] 1 
[04.05.26 23:36:30] Pickup 57 Adena (10)[268539750] StormFlash[268466309] 10 
[04.05.26 23:36:31] Pickup 1060 Healing Potion (1)[268539759] StormZone[268465925] 1 
[04.05.26 23:36:31] Pickup 57 Adena (9)[268539760] IronCrest[268465089] 9 
[04.05.26 23:36:31] Pickup 1788 Recipe: Bow (1)[268539761] IronCrest[268465089] 1 
[04.05.26 23:36:31] Pickup 57 Adena (8)[268539762] KexMarsh[268489264] 8 
[04.05.26 23:36:31] Pickup 1121 Apprentice\'s Shoes (1)[268539763] KexMarsh[268489264] 1 
[04.05.26 23:36:32] PvEPlayerDieDrop 17 Wooden Arrow (30)[268539052] NioHawk[268489686] 30 
[04.05.26 23:36:32] Pickup 57 Adena (7)[268539774] FrostCore[268465247] 7 
[04.05.26 23:36:33] Pickup 57 Adena (10)[268539779] ApexClaw[268473376] 10 
[04.05.26 23:36:33] Pickup 1867 Animal Skin (1)[268539780] ApexClaw[268473376] 1 
[04.05.26 23:36:35] Pickup 57 Adena (15)[268539789] RapidCore[268469795] 15 
[04.05.26 23:36:35] Pickup 1788 Recipe: Bow (1)[268539790] RapidCore[268469795] 1 
[04.05.26 23:36:35] Pickup 57 Adena (8)[268539791] NightRage[268463288] 8 
[04.05.26 23:36:35] Pickup 57 Adena (10)[268539794] IronDrake[268465142] 10 
[04.05.26 23:36:37] Pickup 57 Adena (17)[268539801] GrimBloom[268475219] 17 
[04.05.26 23:36:37] Pickup 57 Adena (7)[268539804] FrostCore[268465247] 7 
[04.05.26 23:36:38] Pickup 57 Adena (7)[268539806] TioZone[268490923] 7 
[04.05.26 23:36:38] Pickup 57 Adena (19)[268539813] StormWolf[268466107] 19 
[04.05.26 23:36:39] Pickup 57 Adena (26)[268539820] IronCrest[268465089] 26 
[04.05.26 23:36:40] Pickup 57 Adena (4)[268539826] KexStrike[268489030] 4 
[04.05.26 23:36:40] Pickup 57 Adena (6)[268539829] ApexFlash[268473983] 6 
[04.05.26 23:36:42] Pickup 57 Adena (9)[268539837] GrimThorn[268475088] 9 
[04.05.26 23:36:42] Pickup 57 Adena (7)[268539838] ApexClaw[268473376] 7 
[04.05.26 23:36:42] Pickup 57 Adena (10)[268539843] FrostCore[268465247] 10 
[04.05.26 23:36:43] Pickup 57 Adena (17)[268539844] RapidSerpent[268470780] 17 
[04.05.26 23:36:43] Pickup 57 Adena (6)[268539845] DuskCreek[268485053] 6 
[04.05.26 23:36:43] Pickup 57 Adena (6)[268539848] StormSerpent[268466518] 6 
[04.05.26 23:36:44] Pickup 57 Adena (9)[268539849] ApexCreek[268474057] 9 
[04.05.26 23:36:45] Pickup 57 Adena (8)[268539862] StormZone[268465925] 8 
[04.05.26 23:36:45] Pickup 57 Adena (8)[268539867] KexFire[268488913] 8 
[04.05.26 23:36:46] Pickup 1868 Thread (1)[268539871] NioClaw[268489538] 1 
[04.05.26 23:36:46] Pickup 1867 Animal Skin (1)[268539872] IronEdge[268464506] 1 
[04.05.26 23:36:46] Pickup 57 Adena (19)[268539873] FrostCore[268465247] 19 
[04.05.26 23:36:47] Pickup 57 Adena (27)[268539880] IronCrest[268465089] 27 
[04.05.26 23:36:47] Pickup 57 Adena (4)[268539882] ApexEdge[268473264] 4 
[04.05.26 23:36:48] Pickup 57 Adena (7)[268539884] GrimStone[268475028] 7 
[04.05.26 23:36:49] Pickup 57 Adena (6)[268539890] IronDrake[268465142] 6 
[04.05.26 23:36:50] Pickup 57 Adena (37)[268539894] LunarGrove[268471809] 37 
[04.05.26 23:36:52] Pickup 57 Adena (6)[268539905] StormWisp[268466181] 6 
[04.05.26 23:36:52] Pickup 1871 Charcoal (1)[268539906] StormWisp[268466181] 1 
[04.05.26 23:36:53] Pickup 28 Pants (1)[268539914] KexStrike[268489030] 1 
[04.05.26 23:36:54] Pickup 57 Adena (5)[268539922] RioGloom[268490495] 5 
[04.05.26 23:36:54] Pickup 57 Adena (5)[268539928] KexFlash[268489202] 5 
[04.05.26 23:36:55] Pickup 57 Adena (8)[268539934] DuskClaw[268484637] 8 
[04.05.26 23:36:55] Pickup 57 Adena (9)[268539935] KexStar[268488887] 9 
[04.05.26 23:36:55] Pickup 1867 Animal Skin (1)[268539936] KexStar[268488887] 1 
[04.05.26 23:36:56] Pickup 57 Adena (5)[268539937] SolarStar[268472261] 5 
[04.05.26 23:36:58] Pickup 57 Adena (7)[268539943] KexStrike[268489030] 7 
[04.05.26 23:36:58] Pickup 21 Shirt (1)[268539944] KexStrike[268489030] 1 
[04.05.26 23:36:58] Pickup 57 Adena (10)[268539946] TioFang[268490851] 10 
[04.05.26 23:36:58] Pickup 57 Adena (6)[268539951] BlazeGrove[268481563] 6 
[04.05.26 23:36:59] Pickup 57 Adena (21)[268539957] RapidWolf[268470138] 21 
[04.05.26 23:36:59] Pickup 57 Adena (18)[268539958] IronCrest[268465089] 18 
[04.05.26 23:36:59] Pickup 57 Adena (8)[268539959] NioWolf[268489700] 8 
[04.05.26 23:37:00] Pickup 57 Adena (9)[268539969] ShadowVeil[268462716] 9 
[04.05.26 23:37:01] Pickup 57 Adena (17)[268539970] ZanFlash[268487807] 17 
[04.05.26 23:37:01] Pickup 57 Adena (37)[268539975] StormWolf[268466107] 37 
[04.05.26 23:37:01] Pickup 1122 Cotton Shoes (1)[268539976] StormWolf[268466107] 1 
[04.05.26 23:37:02] Pickup 57 Adena (7)[268539981] DarkBloom[268464240] 7 
[04.05.26 23:37:03] Pickup 57 Adena (29)[268539985] StormRidge[268466473] 29 
[04.05.26 23:37:03] Pickup 57 Adena (6)[268539987] IronHawk[268464716] 6 
[04.05.26 23:37:04] Pickup 57 Adena (5)[268539988] RioGloom[268490495] 5 
[04.05.26 23:37:05] Pickup 57 Adena (5)[268539994] IronDrake[268465142] 5 
[04.05.26 23:37:05] Pickup 41 Cloth Cap (1)[268539995] IronDrake[268465142] 1 
[04.05.26 23:37:06] Pickup 57 Adena (6)[268540000] ApexFlash[268473983] 6 
[04.05.26 23:37:06] Pickup 57 Adena (10)[268540001] FrostDrake[268465792] 10 
[04.05.26 23:37:06] Pickup 1868 Thread (1)[268540002] FrostDrake[268465792] 1 
[04.05.26 23:37:06] Pickup 57 Adena (18)[268540006] DarkZone[268463837] 18 
[04.05.26 23:37:07] Pickup 57 Adena (5)[268540011] SolarStar[268472261] 5 
[04.05.26 23:37:08] Pickup 57 Adena (15)[268540017] LunarGrove[268471809] 15 
[04.05.26 23:37:09] Pickup 57 Adena (5)[268540022] NightRage[268463288] 5 
[04.05.26 23:37:09] Pickup 57 Adena (4)[268540023] DarkDrake[268464407] 4 
[04.05.26 23:37:10] Pickup 57 Adena (5)[268540025] IronDrake[268465142] 5 
[04.05.26 23:37:10] Pickup 57 Adena (10)[268540026] SolarBlade[268471983] 10 
[04.05.26 23:37:10] Pickup 57 Adena (4)[268540027] NioWolf[268489700] 4 
[04.05.26 23:37:11] Pickup 57 Adena (10)[268540033] KexStrike[268489030] 10 
[04.05.26 23:37:11] Pickup 57 Adena (5)[268540034] DuskClaw[268484637] 5 
[04.05.26 23:37:11] Pickup 57 Adena (5)[268540036] ArcRidge[268487250] 5 
[04.05.26 23:37:13] Pickup 57 Adena (6)[268540051] VexZone[268488135] 6 
[04.05.26 23:37:14] Pickup 57 Adena (4)[268540058] StormFlash[268466309] 4 
[04.05.26 23:37:14] Pickup 1121 Apprentice\'s Shoes (1)[268540059] StormFlash[268466309] 1 
[04.05.26 23:37:14] Pickup 57 Adena (7)[268540060] StormSerpent[268466518] 7 
[04.05.26 23:37:15] Pickup 57 Adena (36)[268540065] NioCrest[268490041] 36 
[04.05.26 23:37:16] Pickup 1121 Apprentice\'s Shoes (1)[268540070] IronHawk[268464716] 1 
[04.05.26 23:37:17] Pickup 118 Magic Necklace (1)[268540074] StormRidge[268466473] 1 
[04.05.26 23:37:18] Pickup 116 Magic Ring (1)[268540080] ZanFlash[268487807] 1 
[04.05.26 23:37:18] Pickup 57 Adena (4)[268540081] FrostGloom[268465519] 4 
[04.05.26 23:37:18] Pickup 57 Adena (8)[268540082] GhostCore[268479366] 8 
[04.05.26 23:37:18] Pickup 57 Adena (5)[268540083] KexStar[268488887] 5 
[04.05.26 23:37:19] Pickup 57 Adena (21)[268540089] VenomCreek[268478941] 21 
[04.05.26 23:37:19] Pickup 1867 Animal Skin (1)[268540090] VenomCreek[268478941] 1 
[04.05.26 23:37:19] Pickup 57 Adena (4)[268540096] GaleRidge[268484452] 4 
[04.05.26 23:37:20] Pickup 57 Adena (6)[268540098] NioWolf[268489700] 6 
[04.05.26 23:37:20] Pickup 57 Adena (30)[268540102] StormWolf[268466107] 30 
[04.05.26 23:37:22] Pickup 57 Adena (8)[268540111] DarkBloom[268464240] 8 
[04.05.26 23:37:22] Pickup 57 Adena (10)[268540112] DuskZone[268484619] 10 
[04.05.26 23:37:22] Pickup 1868 Thread (1)[268540113] FrostDrake[268465792] 1 
[04.05.26 23:37:22] Pickup 28 Pants (1)[268540115] FrostFire[268465345] 1 
[04.05.26 23:37:22] Pickup 57 Adena (19)[268540116] DarkDrake[268464407] 19 
[04.05.26 23:37:23] Pickup 57 Adena (7)[268540117] NeonGloom[268468034] 7 
[04.05.26 23:37:24] Pickup 57 Adena (7)[268540122] StormZone[268465925] 7 
[04.05.26 23:37:24] Pickup 462 Stockings (1)[268540123] StormZone[268465925] 1 
[04.05.26 23:37:24] Pickup 57 Adena (5)[268540126] RogueWolf[268476034] 5 
[04.05.26 23:37:25] Pickup 57 Adena (9)[268540132] DawnCrest[268485822] 9 
[04.05.26 23:37:26] Pickup 57 Adena (16)[268540133] ZanFlash[268487807] 16 
[04.05.26 23:37:26] Pickup 57 Adena (9)[268540136] StormWisp[268466181] 9 
[04.05.26 23:37:26] Pickup 462 Stockings (1)[268540137] GhostSpark[268480048] 1 
[04.05.26 23:37:27] Pickup 1 Short Sword (1)[268540139] VenomHawk[268478442] 1 
[04.05.26 23:37:29] Pickup 57 Adena (12)[268540144] VexBloom[268488512] 12 
[04.05.26 23:37:29] Pickup 17 Wooden Arrow (29)[268540145] VexBloom[268488512] 29 
[04.05.26 23:37:30] Pickup 17 Wooden Arrow (26)[268540152] IronDrake[268465142] 26 
[04.05.26 23:37:30] Pickup 57 Adena (11)[268540155] StormWolf[268466107] 11 
[04.05.26 23:37:31] Pickup 57 Adena (6)[268540156] IronHawk[268464716] 6 
[04.05.26 23:37:31] Pickup 116 Magic Ring (1)[268540160] RapidCore[268469795] 1 
[04.05.26 23:37:31] Pickup 1788 Recipe: Bow (1)[268540161] RapidCore[268469795] 1 
[04.05.26 23:37:31] Pickup 57 Adena (5)[268540166] LunarSpark[268471584] 5 
[04.05.26 23:37:32] Pickup 57 Adena (8)[268540168] GaleRidge[268484452] 8 
[04.05.26 23:37:32] Pickup 57 Adena (10)[268540169] RioField[268490687] 10 
[04.05.26 23:37:32] Pickup 57 Adena (8)[268540176] ApexFlash[268473983] 8 
[04.05.26 23:37:32] Pickup 1060 Healing Potion (1)[268540177] ApexFlash[268473983] 1 
[04.05.26 23:37:33] Pickup 57 Adena (28)[268540181] GhostField[268480268] 28 
[04.05.26 23:37:33] Pickup 1868 Thread (1)[268540182] GhostField[268480268] 1 
[04.05.26 23:37:33] Pickup 57 Adena (22)[268540185] NioHawk[268489686] 22 
[04.05.26 23:37:33] Pickup 1868 Thread (1)[268540186] NioHawk[268489686] 1 
[04.05.26 23:37:33] Pickup 57 Adena (6)[268540187] DarkDrake[268464407] 6 
[04.05.26 23:37:34] Pickup 57 Adena (23)[268540190] ZanFlash[268487807] 23 
[04.05.26 23:37:34] Pickup 57 Adena (6)[268540195] SolarRidge[268473073] 6 
[04.05.26 23:37:34] Pickup 57 Adena (7)[268540196] VoidStone[268466977] 7 
[04.05.26 23:37:35] Pickup 57 Adena (5)[268540202] IronDrake[268465142] 5 
[04.05.26 23:37:35] Pickup 57 Adena (5)[268540203] NightRage[268463288] 5 
[04.05.26 23:37:36] Pickup 57 Adena (29)[268540205] ShadowWolf[268462676] 29 
[04.05.26 23:37:36] Pickup 118 Magic Necklace (1)[268540206] ShadowWolf[268462676] 1 
[04.05.26 23:37:37] Pickup 57 Adena (10)[268540210] LunarGrove[268471809] 10 
[04.05.26 23:37:37] Pickup 21 Shirt (1)[268540211] DuskZone[268484619] 1 
[04.05.26 23:37:37] Pickup 1060 Healing Potion (1)[268540212] DuskZone[268484619] 1 
[04.05.26 23:37:38] Pickup 57 Adena (28)[268540216] NioCrest[268490041] 28 
[04.05.26 23:37:38] Pickup 57 Adena (8)[268540217] FrostGloom[268465519] 8 
[04.05.26 23:37:41] Pickup 57 Adena (27)[268540242] IronWind[268464671] 27 
[04.05.26 23:37:41] Pickup 57 Adena (11)[268540248] VexCore[268488106] 11 
[04.05.26 23:37:42] Pickup 57 Adena (13)[268540249] MysticSoul[268477015] 13 
[04.05.26 23:37:42] Pickup 57 Adena (5)[268540252] VoidWind[268466745] 5 
[04.05.26 23:37:42] Pickup 1868 Thread (1)[268540253] VoidWind[268466745] 1 
[04.05.26 23:37:42] Pickup 57 Adena (10)[268540256] RogueStone[268476245] 10 
[04.05.26 23:37:43] Pickup 57 Adena (9)[268540259] SteelStar[268482582] 9 
[04.05.26 23:37:43] Pickup 1 Short Sword (1)[268540260] SteelStar[268482582] 1 
[04.05.26 23:37:43] Pickup 57 Adena (4)[268540261] RioField[268490687] 4 
[04.05.26 23:37:43] Pickup 1060 Healing Potion (1)[268540262] RioField[268490687] 1 
[04.05.26 23:37:43] Pickup 57 Adena (5)[268540263] StormFlash[268466309] 5 
[04.05.26 23:37:43] Pickup 57 Adena (4)[268540264] FrostDrake[268465792] 4 
[04.05.26 23:37:45] Pickup 57 Adena (7)[268540271] RioThorn[268490567] 7 
[04.05.26 23:37:46] Pickup 57 Adena (7)[268540273] IronDrake[268465142] 7 
[04.05.26 23:37:46] Pickup 57 Adena (24)[268540274] DarkStrike[268464043] 24 
[04.05.26 23:37:46] Pickup 57 Adena (9)[268540275] NightRage[268463288] 9 
[04.05.26 23:37:46] Pickup 57 Adena (10)[268540277] VoidGrove[268467294] 10 
[04.05.26 23:37:46] Pickup 18 Leather Shield (1)[268540278] VoidGrove[268467294] 1 
[04.05.26 23:37:47] Pickup 57 Adena (19)[268540279] ZanFlash[268487807] 19 
[04.05.26 23:37:47] Pickup 57 Adena (8)[268540281] SteelCrown[268482838] 8 
[04.05.26 23:37:49] Pickup 57 Adena (14)[268540289] GhostField[268480268] 14 
[04.05.26 23:37:49] Pickup 57 Adena (6)[268540291] RioField[268490687] 6 
[04.05.26 23:37:50] Pickup 57 Adena (6)[268540292] LunarSpark[268471584] 6 
[04.05.26 23:37:50] Pickup 57 Adena (24)[268540301] StormWolf[268466107] 24 
[04.05.26 23:37:51] Pickup 57 Adena (6)[268540302] SolarStar[268472261] 6 
[04.05.26 23:37:51] Pickup 28 Pants (1)[268540303] SolarStar[268472261] 1 
[04.05.26 23:37:51] Pickup 57 Adena (9)[268540306] ArcField[268487188] 9 
[04.05.26 23:37:52] Pickup 57 Adena (26)[268540308] ShadowWolf[268462676] 26 
[04.05.26 23:37:53] Pickup 57 Adena (8)[268540320] SolarBlade[268471983] 8 
[04.05.26 23:37:53] Pickup 1871 Charcoal (1)[268540321] ArcStar[268486794] 1 
[04.05.26 23:37:53] Pickup 57 Adena (8)[268540325] FrostFire[268465345] 8 
[04.05.26 23:37:54] Pickup 57 Adena (5)[268540327] LunarZone[268470972] 5 
[04.05.26 23:37:55] Pickup 57 Adena (20)[268540331] NightGrove[268463635] 20 
[04.05.26 23:37:55] Pickup 57 Adena (24)[268540339] StormRidge[268466473] 24 
[04.05.26 23:37:55] Pickup 57 Adena (4)[268540340] NioWolf[268489700] 4 
[04.05.26 23:37:55] Pickup 57 Adena (8)[268540341] ArcRidge[268487250] 8 
[04.05.26 23:37:56] Pickup 57 Adena (8)[268540343] StormWisp[268466181] 8 
[04.05.26 23:37:56] Pickup 57 Adena (6)[268540344] NightRage[268463288] 6 
[04.05.26 23:37:56] Pickup 57 Adena (4)[268540347] VoidGrove[268467294] 4 
[04.05.26 23:37:56] Pickup 57 Adena (23)[268540348] StormWolf[268466107] 23 
[04.05.26 23:37:57] Pickup 57 Adena (7)[268540349] VoidWind[268466745] 7 
[04.05.26 23:37:57] Pickup 28 Pants (1)[268540350] VoidWind[268466745] 1 
[04.05.26 23:37:57] Pickup 57 Adena (23)[268540351] DuskRidge[268485159] 23 
[04.05.26 23:37:57] Pickup 116 Magic Ring (1)[268540352] DuskRidge[268485159] 1 
[04.05.26 23:37:58] Pickup 57 Adena (9)[268540362] RuneCrown[268486342] 9 
[04.05.26 23:37:58] Pickup 28 Pants (1)[268540363] RuneCrown[268486342] 1 
[04.05.26 23:37:59] Pickup 57 Adena (5)[268540367] IronDrake[268465142] 5 
[04.05.26 23:38:00] Pickup 57 Adena (17)[268540376] WildClaw[268468743] 17 
[04.05.26 23:38:01] Pickup 57 Adena (5)[268540380] NightRage[268463288] 5 
[04.05.26 23:38:01] Pickup 57 Adena (6)[268540383] VoidGrove[268467294] 6 
[04.05.26 23:38:01] Pickup 1868 Thread (1)[268540384] VoidGrove[268467294] 1 
[04.05.26 23:38:01] Pickup 57 Adena (5)[268540385] StormFlash[268466309] 5 
[04.05.26 23:38:02] Pickup 57 Adena (26)[268540389] RapidSerpent[268470780] 26 
[04.05.26 23:38:04] Pickup 1833 Bandage (1)[268540402] DarkZone[268463837] 1 
[04.05.26 23:38:04] Pickup 57 Adena (4)[268540407] GrimStone[268475028] 4 
[04.05.26 23:38:04] Pickup 57 Adena (9)[268540408] NioCrest[268490041] 9 
[04.05.26 23:38:05] Pickup 57 Adena (27)[268540410] LunarGrove[268471809] 27 
[04.05.26 23:38:05] Pickup 57 Adena (10)[268540412] KexStar[268488887] 10 
[04.05.26 23:38:06] Pickup 57 Adena (5)[268540415] GhostSpark[268480048] 5 
[04.05.26 23:38:06] Pickup 57 Adena (7)[268540416] NightRage[268463288] 7 
[04.05.26 23:38:06] Pickup 57 Adena (5)[268540417] ShadowVeil[268462716] 5 
[04.05.26 23:38:06] Pickup 1871 Charcoal (1)[268540418] ShadowVeil[268462716] 1 
[04.05.26 23:38:07] Pickup 57 Adena (8)[268540419] VenomEdge[268478082] 8 
[04.05.26 23:38:07] Pickup 1833 Bandage (1)[268540420] VenomEdge[268478082] 1 
[04.05.26 23:38:07] Pickup 57 Adena (6)[268540422] LunarSpark[268471584] 6 
[04.05.26 23:38:08] Pickup 57 Adena (30)[268540430] ZanFlash[268487807] 30 
[04.05.26 23:38:08] Pickup 1867 Animal Skin (1)[268540431] ZanFlash[268487807] 1 
[04.05.26 23:38:09] Pickup 57 Adena (12)[268540432] GrimThorn[268475088] 12 
[04.05.26 23:38:10] Pickup 57 Adena (6)[268540437] NioFlash[268489905] 6 
[04.05.26 23:38:10] Pickup 28 Pants (1)[268540438] NioFlash[268489905] 1 
[04.05.26 23:38:10] Pickup 57 Adena (14)[268540439] DarkStrike[268464043] 14 
[04.05.26 23:38:10] Pickup 57 Adena (13)[268540442] StormWolf[268466107] 13 
[04.05.26 23:38:10] Pickup 1871 Charcoal (1)[268540443] StormWolf[268466107] 1 
[04.05.26 23:38:10] Pickup 17 Wooden Arrow (24)[268540444] StormWolf[268466107] 24 
[04.05.26 23:38:10] Pickup 57 Adena (7)[268540445] DarkDrake[268464407] 7 
[04.05.26 23:38:11] Pickup 57 Adena (7)[268540447] MysticStone[268477444] 7 
[04.05.26 23:38:11] Pickup 57 Adena (5)[268540448] RioField[268490687] 5 
[04.05.26 23:38:11] Pickup 57 Adena (6)[268540451] ShadowVeil[268462716] 6 
[04.05.26 23:38:12] Pickup 57 Adena (12)[268540452] VexSoul[268488173] 12 
[04.05.26 23:38:12] Pickup 1868 Thread (1)[268540453] VexSoul[268488173] 1 
[04.05.26 23:38:12] Pickup 57 Adena (7)[268540455] NioWolf[268489700] 7 
[04.05.26 23:38:12] Pickup 57 Adena (4)[268540461] StormFlash[268466309] 4 
[04.05.26 23:38:12] Pickup 57 Adena (11)[268540462] RuneCrown[268486342] 11 
[04.05.26 23:38:14] Pickup 57 Adena (4)[268540473] RioGloom[268490495] 4 
[04.05.26 23:38:15] Pickup 57 Adena (17)[268540487] ZanWind[268487520] 17 
[04.05.26 23:38:16] Pickup 57 Adena (18)[268540489] DuskFang[268484552] 18 
[04.05.26 23:38:16] Pickup 57 Adena (14)[268540491] VenomGloom[268478653] 14 
[04.05.26 23:38:17] Pickup 57 Adena (7)[268540493] NightRage[268463288] 7 
[04.05.26 23:38:17] Pickup 36 Leather Sandals (1)[268540494] NightRage[268463288] 1 
[04.05.26 23:38:17] Pickup 1871 Charcoal (1)[268540497] FrostFire[268465345] 1 
[04.05.26 23:38:18] Pickup 57 Adena (29)[268540498] SolarCore[268472114] 29 
[04.05.26 23:38:19] Pickup 57 Adena (4)[268540513] VoidGrove[268467294] 4 
[04.05.26 23:38:19] Pickup 1121 Apprentice\'s Shoes (1)[268540514] VoidGrove[268467294] 1 
[04.05.26 23:38:19] Pickup 1868 Thread (1)[268540515] DuskRidge[268485159] 1 
[04.05.26 23:38:20] Pickup 57 Adena (10)[268540519] VoidWind[268466745] 10 
[04.05.26 23:38:20] Pickup 1 Short Sword (1)[268540520] VoidWind[268466745] 1 
[04.05.26 23:38:21] Pickup 57 Adena (7)[268540521] GrimThorn[268475088] 7 
[04.05.26 23:38:21] Pickup 57 Adena (5)[268540524] GrimStone[268475028] 5 
[04.05.26 23:38:21] Pickup 57 Adena (10)[268540525] KexStar[268488887] 10 
[04.05.26 23:38:21] Pickup 57 Adena (12)[268540528] LunarGrove[268471809] 12 
[04.05.26 23:38:21] Pickup 1833 Bandage (1)[268540529] LunarGrove[268471809] 1 
[04.05.26 23:38:23] Pickup 57 Adena (16)[268540533] VenomHawk[268478442] 16 
[04.05.26 23:38:23] Pickup 57 Adena (5)[268540536] StormFlash[268466309] 5 
[04.05.26 23:38:23] Pickup 57 Adena (4)[268540537] RuneCrown[268486342] 4 
[04.05.26 23:38:23] Pickup 57 Adena (30)[268540538] ZanFlash[268487807] 30 
[04.05.26 23:38:23] Pickup 1871 Charcoal (1)[268540539] ZanFlash[268487807] 1 
[04.05.26 23:38:24] Pickup 57 Adena (24)[268540540] MysticWisp[268477384] 24 
[04.05.26 23:38:24] Pickup 116 Magic Ring (1)[268540541] MysticWisp[268477384] 1 
[04.05.26 23:38:24] Pickup 57 Adena (12)[268540543] DarkStrike[268464043] 12 
[04.05.26 23:38:24] Pickup 57 Adena (19)[268540549] FrostField[268465712] 19 
[04.05.26 23:38:24] Pickup 17 Wooden Arrow (21)[268540550] FrostField[268465712] 21 
[04.05.26 23:38:24] Pickup 57 Adena (10)[268540551] NioFlash[268489905] 10 
[04.05.26 23:38:25] Pickup 57 Adena (13)[268540555] NioHawk[268489686] 13 
[04.05.26 23:38:25] Pickup 57 Adena (9)[268540556] DuskZone[268484619] 9 
[04.05.26 23:38:27] Pickup 13 Short Bow (1)[268540561] FrostThorn[268465580] 1 
[04.05.26 23:38:27] Pickup 57 Adena (16)[268540564] NioCrest[268490041] 16 
[04.05.26 23:38:27] Pickup 1867 Animal Skin (1)[268540565] NioCrest[268490041] 1 
[04.05.26 23:38:28] Pickup 57 Adena (25)[268540569] RapidCore[268469795] 25 
[04.05.26 23:38:28] Pickup 57 Adena (17)[268540570] ZanFlash[268487807] 17 
[04.05.26 23:38:28] Pickup 1868 Thread (1)[268540571] ZanFlash[268487807] 1 
[04.05.26 23:38:28] Pickup 57 Adena (13)[268540574] RuneCrown[268486342] 13 
[04.05.26 23:38:28] Pickup 57 Adena (5)[268540575] WildClaw[268468743] 5 
[04.05.26 23:38:29] Pickup 57 Adena (17)[268540577] FrostDrake[268465792] 17 
[04.05.26 23:38:30] Pickup 57 Adena (21)[268540588] StormWolf[268466107] 21 
[04.05.26 23:38:31] Pickup 57 Adena (6)[268540591] VenomGloom[268478653] 6 
[04.05.26 23:38:32] Pickup 57 Adena (17)[268540595] DawnWisp[268485562] 17 
[04.05.26 23:38:32] Pickup 112 Apprentice\'s Earring (1)[268540596] DawnWisp[268485562] 1 
[04.05.26 23:38:32] Pickup 28 Pants (1)[268540597] KexStar[268488887] 1 
[04.05.26 23:38:32] Pickup 57 Adena (5)[268540598] FrostGloom[268465519] 5 
[04.05.26 23:38:32] Pickup 57 Adena (6)[268540599] NightRage[268463288] 6 
[04.05.26 23:38:32] Pickup 57 Adena (13)[268540608] VoidGrove[268467294] 13 
[04.05.26 23:38:33] Pickup 57 Adena (5)[268540609] VexZone[268488135] 5 
[04.05.26 23:38:33] Pickup 1867 Animal Skin (1)[268540610] VexZone[268488135] 1 
[04.05.26 23:38:33] Pickup 57 Adena (8)[268540615] SolarSpark[268472762] 8 
[04.05.26 23:38:33] Pickup 1868 Thread (1)[268540616] SolarSpark[268472762] 1 
[04.05.26 23:38:33] Pickup 57 Adena (22)[268540617] MysticMarsh[268477730] 22 
[04.05.26 23:38:33] Pickup 116 Magic Ring (1)[268540618] MysticMarsh[268477730] 1 
[04.05.26 23:38:34] Pickup 57 Adena (6)[268540625] StormFlash[268466309] 6 
[04.05.26 23:38:34] Pickup 57 Adena (24)[268540626] FrostField[268465712] 24 
[04.05.26 23:38:35] Pickup 57 Adena (12)[268540636] IronWolf[268464738] 12 
[04.05.26 23:38:36] Pickup 57 Adena (4)[268540639] LunarSpark[268471584] 4 
[04.05.26 23:38:37] Pickup 57 Adena (8)[268540641] ShadowVeil[268462716] 8 
[04.05.26 23:38:38] Pickup 21 Shirt (1)[268540643] DuskZone[268484619] 1 
[04.05.26 23:38:39] Pickup 1788 Recipe: Bow (1)[268540653] StormRage[268466068] 1 
[04.05.26 23:38:40] Pickup 57 Adena (6)[268540657] NioFlash[268489905] 6 
[04.05.26 23:38:40] Pickup 426 Tunic (1)[268540658] NioFlash[268489905] 1 
[04.05.26 23:38:41] Pickup 57 Adena (6)[268540666] RapidCore[268469795] 6 
[04.05.26 23:38:41] Pickup 462 Stockings (1)[268540667] RapidCore[268469795] 1 
[04.05.26 23:38:41] Pickup 57 Adena (7)[268540668] NeonBloom[268468257] 7 
[04.05.26 23:38:41] Pickup 57 Adena (6)[268540669] VoidWind[268466745] 6 
[04.05.26 23:38:41] Pickup 57 Adena (12)[268540672] VoidSpark[268467097] 12 
[04.05.26 23:38:42] Pickup 57 Adena (25)[268540673] DawnWisp[268485562] 25 
[04.05.26 23:38:42] Pickup 57 Adena (7)[268540674] KexStar[268488887] 7 
[04.05.26 23:38:42] Pickup 57 Adena (13)[268540675] RapidFire[268469965] 13 
[04.05.26 23:38:42] Pickup 57 Adena (6)[268540677] ShadowVeil[268462716] 6 
[04.05.26 23:38:43] Pickup 57 Adena (9)[268540680] NightRage[268463288] 9 
[04.05.26 23:38:44] Pickup 57 Adena (10)[268540683] FrostGloom[268465519] 10 
[04.05.26 23:38:44] Pickup 57 Adena (18)[268540684] NeonEdge[268467545] 18 
[04.05.26 23:38:44] Pickup 57 Adena (17)[268540689] NeonSpark[268468176] 17 
[04.05.26 23:38:45] Pickup 57 Adena (9)[268540693] RogueFire[268475890] 9 
[04.05.26 23:38:46] Pickup 57 Adena (14)[268540697] ApexEdge[268473264] 14 
[04.05.26 23:38:47] Pickup 1121 Apprentice\'s Shoes (1)[268540701] StormFlash[268466309] 1 
[04.05.26 23:38:47] Pickup 57 Adena (5)[268540702] RuneCrown[268486342] 5 
[04.05.26 23:38:48] Pickup 57 Adena (10)[268540706] DuskBloom[268485020] 10 
[04.05.26 23:38:48] Pickup 57 Adena (5)[268540707] NightRidge[268463676] 5 
[04.05.26 23:38:49] Pickup 57 Adena (7)[268540712] VexSoul[268488173] 7 
[04.05.26 23:38:49] Pickup 57 Adena (20)[268540715] ApexCrown[268473885] 20 
[04.05.26 23:38:49] Pickup 1868 Thread (1)[268540716] ApexCrown[268473885] 1 
[04.05.26 23:38:50] Pickup 57 Adena (8)[268540719] IronHawk[268464716] 8 
[04.05.26 23:38:50] Pickup 1868 Thread (1)[268540720] IronHawk[268464716] 1 
[04.05.26 23:38:51] Pickup 57 Adena (8)[268540726] VoidCrown[268467013] 8 
[04.05.26 23:38:51] Pickup 57 Adena (5)[268540730] GhostField[268480268] 5 
[04.05.26 23:38:51] Pickup 1060 Healing Potion (1)[268540731] GhostField[268480268] 1 
[04.05.26 23:38:51] Pickup 57 Adena (26)[268540733] NioHawk[268489686] 26 
[04.05.26 23:38:52] Pickup 57 Adena (8)[268540739] NightSpark[268463508] 8 
[04.05.26 23:38:52] Pickup 21 Shirt (1)[268540740] NightSpark[268463508] 1 
[04.05.26 23:38:53] Pickup 57 Adena (33)[268540748] MysticMarsh[268477730] 33 
[04.05.26 23:38:54] Pickup 112 Apprentice\'s Earring (1)[268540749] ShadowCore[268462499] 1 
[04.05.26 23:38:54] Pickup 57 Adena (8)[268540755] VexSoul[268488173] 8 
[04.05.26 23:38:54] Pickup 57 Adena (15)[268540756] VoidWisp[268466912] 15 
[04.05.26 23:38:55] Pickup 57 Adena (8)[268540759] NioFlash[268489905] 8 
[04.05.26 23:38:55] Pickup 57 Adena (17)[268540760] NightFire[268463237] 17 
[04.05.26 23:38:56] Pickup 57 Adena (11)[268540767] GhostStar[268479515] 11 
[04.05.26 23:38:56] Pickup 57 Adena (5)[268540768] FrostFire[268465345] 5 
[04.05.26 23:38:56] Pickup 1871 Charcoal (1)[268540769] FrostFire[268465345] 1 
[04.05.26 23:38:56] Pickup 57 Adena (9)[268540770] VenomGloom[268478653] 9 
[04.05.26 23:38:56] Pickup 57 Adena (10)[268540773] VoidThorn[268467060] 10 
[04.05.26 23:38:56] Pickup 57 Adena (9)[268540774] StormWolf[268466107] 9 
[04.05.26 23:38:57] Pickup 57 Adena (16)[268540776] NioCrown[268489853] 16 
[04.05.26 23:38:57] Pickup 57 Adena (7)[268540778] ShadowVeil[268462716] 7 
[04.05.26 23:38:57] Pickup 36 Leather Sandals (1)[268540779] ShadowVeil[268462716] 1 
[04.05.26 23:38:58] Pickup 57 Adena (28)[268540782] StormRage[268466068] 28 
[04.05.26 23:38:59] Pickup 57 Adena (7)[268540789] RogueCore[268475701] 7 
[04.05.26 23:38:59] Pickup 57 Adena (18)[268540790] SolarRidge[268473073] 18 
[04.05.26 23:39:00] Pickup 57 Adena (10)[268540797] NightRage[268463288] 10 
[04.05.26 23:39:02] Pickup 1871 Charcoal (1)[268540808] MysticStone[268477444] 1 
[04.05.26 23:39:02] Pickup 1060 Healing Potion (1)[268540809] MysticStone[268477444] 1 
[04.05.26 23:39:02] Pickup 118 Magic Necklace (1)[268540810] MysticWisp[268477384] 1 
[04.05.26 23:39:03] Pickup 57 Adena (29)[268540815] BlazeSerpent[268481724] 29 
[04.05.26 23:39:03] Pickup 57 Adena (18)[268540819] VenomSpark[268478807] 18 
[04.05.26 23:39:03] Pickup 57 Adena (7)[268540820] KexStar[268488887] 7 
[04.05.26 23:39:04] Pickup 57 Adena (9)[268540823] NioBloom[268489931] 9 
[04.05.26 23:39:04] Pickup 57 Adena (4)[268540824] LunarSpark[268471584] 4 
[04.05.26 23:39:04] Pickup 57 Adena (4)[268540830] SolarFire[268472307] 4 
[04.05.26 23:39:04] Pickup 21 Shirt (1)[268540831] NightSpark[268463508] 1 
[04.05.26 23:39:04] Pickup 57 Adena (11)[268540832] NeonSpark[268468176] 11 
[04.05.26 23:39:05] Pickup 57 Adena (5)[268540834] GhostField[268480268] 5 
[04.05.26 23:39:07] Pickup 57 Adena (8)[268540839] SolarSpark[268472762] 8 
[04.05.26 23:39:07] Pickup 57 Adena (7)[268540842] ShadowVeil[268462716] 7 
[04.05.26 23:39:08] Pickup 57 Adena (10)[268540845] GaleRidge[268484452] 10 
[04.05.26 23:39:08] Pickup 57 Adena (7)[268540846] RuneCrown[268486342] 7 
[04.05.26 23:39:09] Pickup 57 Adena (6)[268540849] ArcCore[268486696] 6 
[04.05.26 23:39:09] Pickup 17 Wooden Arrow (30)[268540850] ArcCore[268486696] 30 
[04.05.26 23:39:09] Pickup 116 Magic Ring (1)[268540851] RapidSerpent[268470780] 1 
[04.05.26 23:39:09] Pickup 57 Adena (11)[268540852] BoneCore[268483196] 11 
[04.05.26 23:39:09] Pickup 57 Adena (9)[268540854] VexZone[268488135] 9 
[04.05.26 23:39:10] Pickup 57 Adena (10)[268540856] RapidCore[268469795] 10 
[04.05.26 23:39:13] Pickup 57 Adena (4)[268540878] RogueCore[268475701] 4 
[04.05.26 23:39:14] Pickup 57 Adena (7)[268540882] FrostBlade[268465181] 7 
[04.05.26 23:39:14] Pickup 57 Adena (6)[268540883] NioHawk[268489686] 6 
[04.05.26 23:39:15] Pickup 57 Adena (6)[268540893] NightSpark[268463508] 6 
[04.05.26 23:39:16] Pickup 57 Adena (23)[268540896] ApexBlade[268473192] 23 
[04.05.26 23:39:17] Pickup 57 Adena (7)[268540904] SkullCore[268481816] 7 
[04.05.26 23:39:17] Pickup 57 Adena (4)[268540905] IronSpark[268464924] 4 
[04.05.26 23:39:17] Pickup 57 Adena (6)[268540906] RioField[268490687] 6 
[04.05.26 23:39:17] Pickup 18 Leather Shield (1)[268540907] RioField[268490687] 1 
[04.05.26 23:39:17] Pickup 57 Adena (12)[268540908] StormWolf[268466107] 12 
[04.05.26 23:39:18] Pickup 57 Adena (4)[268540912] RogueFlash[268476390] 4 
[04.05.26 23:39:20] Pickup 57 Adena (25)[268540917] BlazeSerpent[268481724] 25 
[04.05.26 23:39:20] Pickup 57 Adena (30)[268540918] GaleCreek[268484345] 30 
[04.05.26 23:39:20] Pickup 57 Adena (16)[268540919] VexStone[268488409] 16 
[04.05.26 23:39:20] Pickup 1788 Recipe: Bow (1)[268540920] VexStone[268488409] 1 
[04.05.26 23:39:22] Pickup 57 Adena (7)[268540933] StormZone[268465925] 7 
[04.05.26 23:39:22] Pickup 57 Adena (8)[268540934] RioField[268490687] 8 
[04.05.26 23:39:22] Pickup 57 Adena (10)[268540935] FrostWolf[268465435] 10 
[04.05.26 23:39:24] Pickup 57 Adena (6)[268540937] VoidStone[268466977] 6 
[04.05.26 23:39:24] Pickup 57 Adena (8)[268540945] NioHawk[268489686] 8 
[04.05.26 23:39:25] Pickup 57 Adena (17)[268540949] RuneCrown[268486342] 17 
[04.05.26 23:39:26] Pickup 57 Adena (9)[268540950] ZanWind[268487520] 9 
[04.05.26 23:39:26] Pickup 57 Adena (5)[268540953] RioGloom[268490495] 5 
[04.05.26 23:39:26] Pickup 28 Pants (1)[268540955] VexSoul[268488173] 1 
[04.05.26 23:39:27] Pickup 57 Adena (13)[268540959] VenomHawk[268478442] 13 
[04.05.26 23:39:28] Pickup 57 Adena (7)[268540960] RogueCore[268475701] 7 
[04.05.26 23:39:28] Pickup 57 Adena (5)[268540961] GhostField[268480268] 5 
[04.05.26 23:39:28] Pickup 57 Adena (8)[268540962] SteelZone[268482522] 8 
[04.05.26 23:39:28] Pickup 57 Adena (7)[268540965] StormWolf[268466107] 7 
[04.05.26 23:39:28] Pickup 1868 Thread (1)[268540966] StormWolf[268466107] 1 
[04.05.26 23:39:28] Pickup 1060 Healing Potion (1)[268540967] StormWolf[268466107] 1 
[04.05.26 23:39:29] Pickup 57 Adena (6)[268540968] IronHawk[268464716] 6 
[04.05.26 23:39:31] Pickup 57 Adena (37)[268540977] VexStone[268488409] 37 
[04.05.26 23:39:32] Pickup 57 Adena (7)[268540978] ArcSerpent[268487304] 7 
[04.05.26 23:39:32] Pickup 57 Adena (8)[268540980] VoidCrown[268467013] 8 
[04.05.26 23:39:32] Pickup 57 Adena (8)[268540981] VenomFire[268478330] 8 
[04.05.26 23:39:32] Pickup 57 Adena (13)[268540982] SolarStrike[268472492] 13 
[04.05.26 23:39:33] Pickup 57 Adena (20)[268540995] IronBlade[268464452] 20 
[04.05.26 23:39:33] Pickup 1871 Charcoal (1)[268540996] IronBlade[268464452] 1 
[04.05.26 23:39:33] Pickup 57 Adena (19)[268540997] LunarGrove[268471809] 19 
[04.05.26 23:39:33] Pickup 1833 Bandage (1)[268540998] LunarGrove[268471809] 1 
[04.05.26 23:39:34] Pickup 57 Adena (23)[268541004] NeonEdge[268467545] 23 
[04.05.26 23:39:34] Pickup 57 Adena (19)[268541008] RioVeil[268490445] 19 
[04.05.26 23:39:35] Pickup 57 Adena (7)[268541017] DarkField[268464317] 7 
[04.05.26 23:39:35] Pickup 57 Adena (6)[268541020] ApexEdge[268473264] 6 
[04.05.26 23:39:35] Pickup 57 Adena (6)[268541021] KexStar[268488887] 6 
[04.05.26 23:39:36] Pickup 57 Adena (6)[268541022] IronEdge[268464506] 6 
[04.05.26 23:39:36] Pickup 57 Adena (18)[268541024] ZanFlash[268487807] 18 
[04.05.26 23:39:36] Pickup 57 Adena (5)[268541025] RuneCrown[268486342] 5 
[04.05.26 23:39:37] Pickup 57 Adena (6)[268541026] VexRage[268488260] 6 
[04.05.26 23:39:38] Pickup 57 Adena (9)[268541028] NightRidge[268463676] 9 
[04.05.26 23:39:40] Pickup 57 Adena (8)[268541047] FrostWolf[268465435] 8 
[04.05.26 23:39:41] Pickup 57 Adena (4)[268541048] IronHawk[268464716] 4 
[04.05.26 23:39:41] Pickup 57 Adena (5)[268541053] GhostField[268480268] 5 
[04.05.26 23:39:42] Pickup 57 Adena (8)[268541062] VexRage[268488260] 8 
[04.05.26 23:39:43] Pickup 57 Adena (7)[268541065] NightRidge[268463676] 7 
[04.05.26 23:39:43] Pickup 36 Leather Sandals (1)[268541066] NightRidge[268463676] 1 
[04.05.26 23:39:43] Pickup 57 Adena (8)[268541068] RuneClaw[268486044] 8 
[04.05.26 23:39:43] Pickup 28 Pants (1)[268541069] RuneClaw[268486044] 1 
[04.05.26 23:39:44] Pickup 57 Adena (7)[268541070] VoidCrown[268467013] 7 
[04.05.26 23:39:44] Pickup 57 Adena (8)[268541075] ArcCore[268486696] 8 
[04.05.26 23:39:45] Pickup 57 Adena (17)[268541076] ZanCore[268487394] 17 
[04.05.26 23:39:45] Pickup 57 Adena (5)[268541078] GhostField[268480268] 5 
[04.05.26 23:39:45] Pickup 57 Adena (8)[268541079] ApexEdge[268473264] 8 
[04.05.26 23:39:45] Pickup 1060 Healing Potion (1)[268541080] ApexEdge[268473264] 1 
[04.05.26 23:39:45] Pickup 57 Adena (13)[268541081] VoidEdge[268466586] 13 
[04.05.26 23:39:46] Pickup 57 Adena (4)[268541085] NioHawk[268489686] 4 
[04.05.26 23:39:47] Pickup 57 Adena (8)[268541088] VexRage[268488260] 8 
[04.05.26 23:39:48] Pickup 35 Cloth Shoes (1)[268541090] NeonBloom[268468257] 1 
[04.05.26 23:39:48] Pickup 57 Adena (25)[268541094] SolarStar[268472261] 25 
[04.05.26 23:39:49] Pickup 1868 Thread (1)[268541095] FrostFire[268465345] 1 
[04.05.26 23:39:49] Pickup 57 Adena (22)[268541097] FrostField[268465712] 22 
[04.05.26 23:39:49] Pickup 17 Wooden Arrow (14)[268541098] FrostField[268465712] 14 
[04.05.26 23:39:50] Pickup 57 Adena (10)[268541101] MysticStone[268477444] 10 
[04.05.26 23:39:51] Pickup 57 Adena (15)[268541106] KexMarsh[268489264] 15 
[04.05.26 23:39:51] Pickup 57 Adena (10)[268541110] NioHawk[268489686] 10 
[04.05.26 23:39:51] Pickup 57 Adena (7)[268541111] RogueFlash[268476390] 7 
[04.05.26 23:39:52] Pickup 1871 Charcoal (1)[268541113] ApexVeil[268473704] 1 
[04.05.26 23:39:53] Pickup 57 Adena (7)[268541126] LunarSpark[268471584] 7 
[04.05.26 23:39:54] Pickup 1867 Animal Skin (1)[268541129] SteelBloom[268482926] 1 
[04.05.26 23:39:55] Pickup 57 Adena (4)[268541140] FrostCrest[268465751] 4 
[04.05.26 23:39:55] Pickup 1867 Animal Skin (1)[268541144] DarkField[268464317] 1 
[04.05.26 23:39:56] Pickup 57 Adena (10)[268541145] VexGrove[268488616] 10 
[04.05.26 23:39:56] Pickup 1833 Bandage (1)[268541146] VexGrove[268488616] 1 
[04.05.26 23:39:56] Pickup 57 Adena (20)[268541150] DarkEdge[268463799] 20 
[04.05.26 23:39:56] Pickup 1786 Recipe: Broadsword (1)[268541151] DarkEdge[268463799] 1 
[04.05.26 23:39:56] Pickup 57 Adena (6)[268541152] StormWolf[268466107] 6 
[04.05.26 23:39:56] Pickup 1121 Apprentice\'s Shoes (1)[268541153] StormWolf[268466107] 1 
[04.05.26 23:39:57] Pickup 57 Adena (14)[268541156] RuneCrown[268486342] 14 
[04.05.26 23:39:58] Pickup 57 Adena (7)[268541159] NightRidge[268463676] 7 
[04.05.26 23:39:59] Pickup 1788 Recipe: Bow (1)[268541166] VenomHawk[268478442] 1 
[04.05.26 23:39:59] Pickup 57 Adena (6)[268541167] GhostField[268480268] 6 
[04.05.26 23:39:59] Pickup 57 Adena (24)[268541168] FrostField[268465712] 24 
[04.05.26 23:40:00] Pickup 57 Adena (10)[268541170] KexStar[268488887] 10 
[04.05.26 23:40:01] Pickup 57 Adena (7)[268541180] GrimFang[268474397] 7 
[04.05.26 23:40:01] Pickup 1871 Charcoal (1)[268541181] GrimFang[268474397] 1 
[04.05.26 23:40:01] Pickup 28 Pants (1)[268541182] SolarThorn[268472716] 1 
[04.05.26 23:40:01] Pickup 57 Adena (8)[268541186] RogueFire[268475890] 8 
[04.05.26 23:40:01] Pickup 1121 Apprentice\'s Shoes (1)[268541187] StormWolf[268466107] 1 
[04.05.26 23:40:02] Pickup 57 Adena (5)[268541194] VexRage[268488260] 5 
[04.05.26 23:40:02] Pickup 35 Cloth Shoes (1)[268541195] VexRage[268488260] 1 
[04.05.26 23:40:03] Pickup 57 Adena (31)[268541196] ArcStar[268486794] 31 
[04.05.26 23:40:03] Pickup 57 Adena (10)[268541197] VoidCrown[268467013] 10 
[04.05.26 23:40:03] Pickup 57 Adena (7)[268541198] RogueCore[268475701] 7 
[04.05.26 23:40:04] Pickup 57 Adena (21)[268541201] RogueRidge[268476663] 21 
[04.05.26 23:40:04] Pickup 57 Adena (19)[268541204] SteelStrike[268482723] 19 
[04.05.26 23:40:05] Pickup 57 Adena (17)[268541205] ZanCore[268487394] 17 
[04.05.26 23:40:05] Pickup 57 Adena (18)[268541207] DawnMarsh[268485765] 18 
[04.05.26 23:40:05] Pickup 1868 Thread (1)[268541208] DawnMarsh[268485765] 1 
[04.05.26 23:40:06] Pickup 57 Adena (6)[268541209] VoidStone[268466977] 6 
[04.05.26 23:40:06] Pickup 1871 Charcoal (1)[268541210] VoidStone[268466977] 1 
[04.05.26 23:40:06] Pickup 116 Magic Ring (1)[268541214] BlazeSerpent[268481724] 1 
[04.05.26 23:40:06] Pickup 57 Adena (5)[268541215] RuneClaw[268486044] 5 
[04.05.26 23:40:06] Pickup 57 Adena (6)[268541216] RioGloom[268490495] 6 
[04.05.26 23:40:06] Pickup 57 Adena (4)[268541221] NioHawk[268489686] 4 
[04.05.26 23:40:06] Pickup 1868 Thread (1)[268541222] NioHawk[268489686] 1 
[04.05.26 23:40:06] Pickup 57 Adena (10)[268541223] StormWolf[268466107] 10 
[04.05.26 23:40:06] Pickup 17 Wooden Arrow (27)[268541224] StormWolf[268466107] 27 
[04.05.26 23:40:07] Pickup 57 Adena (10)[268541228] RogueFlash[268476390] 10 
[04.05.26 23:40:08] Pickup 57 Adena (22)[268541232] NeonHawk[268467854] 22 
[04.05.26 23:40:10] Pickup 57 Adena (4)[268541243] NeonBloom[268468257] 4 
[04.05.26 23:40:10] Pickup 57 Adena (6)[268541246] RogueFlash[268476390] 6 
[04.05.26 23:40:11] Pickup 57 Adena (6)[268541250] MysticStone[268477444] 6 
[04.05.26 23:40:11] Pickup 1121 Apprentice\'s Shoes (1)[268541251] MysticStone[268477444] 1 
[04.05.26 23:40:11] Pickup 1060 Healing Potion (1)[268541252] MysticStone[268477444] 1 
[04.05.26 23:40:11] Pickup 57 Adena (5)[268541253] VoidCrown[268467013] 5 
[04.05.26 23:40:11] Pickup 57 Adena (18)[268541257] FrostField[268465712] 18 
[04.05.26 23:40:11] Pickup 1122 Cotton Shoes (1)[268541258] FrostField[268465712] 1 
[04.05.26 23:40:12] Pickup 57 Adena (4)[268541260] KexStar[268488887] 4 
[04.05.26 23:40:12] Pickup 21 Shirt (1)[268541261] KexStar[268488887] 1 
[04.05.26 23:40:12] Pickup 28 Pants (1)[268541268] DarkField[268464317] 1 
[04.05.26 23:40:13] Pickup 57 Adena (11)[268541275] BoneCreek[268483646] 11 
[04.05.26 23:40:16] Pickup 57 Adena (4)[268541287] RogueCore[268475701] 4 
[04.05.26 23:40:16] Pickup 1121 Apprentice\'s Shoes (1)[268541288] RogueCore[268475701] 1 
[04.05.26 23:40:16] Pickup 57 Adena (8)[268541289] NightRidge[268463676] 8 
[04.05.26 23:40:16] Pickup 57 Adena (20)[268541291] RuneCrown[268486342] 20 
[04.05.26 23:40:16] Pickup 13 Short Bow (1)[268541292] RuneCrown[268486342] 1 
[04.05.26 23:40:17] Pickup 57 Adena (27)[268541299] NeonHawk[268467854] 27 
[04.05.26 23:40:19] Pickup 1871 Charcoal (1)[268541308] ArcWolf[268486894] 1 
[04.05.26 23:40:20] Pickup 57 Adena (9)[268541312] GrimStone[268475028] 9 
[04.05.26 23:40:20] Pickup 57 Adena (6)[268541319] VoidStone[268466977] 6 
[04.05.26 23:40:20] Pickup 57 Adena (4)[268541320] RogueFlash[268476390] 4 
[04.05.26 23:40:20] Pickup 1871 Charcoal (1)[268541321] RogueFlash[268476390] 1 
[04.05.26 23:40:22] Pickup 57 Adena (6)[268541327] DawnDrake[268485876] 6 
[04.05.26 23:40:24] Pickup 57 Adena (19)[268541336] MysticWisp[268477384] 19 
[04.05.26 23:40:25] Pickup 57 Adena (14)[268541338] BoneBlade[268483130] 14 
[04.05.26 23:40:25] Pickup 57 Adena (7)[268541342] NioHawk[268489686] 7 
[04.05.26 23:40:26] Pickup 57 Adena (4)[268541346] FrostGloom[268465519] 4 
[04.05.26 23:40:26] Pickup 57 Adena (13)[268541347] SteelStar[268482582] 13 
[04.05.26 23:40:27] Pickup 57 Adena (7)[268541351] RogueFlash[268476390] 7 
[04.05.26 23:40:27] Pickup 57 Adena (4)[268541354] ApexEdge[268473264] 4 
[04.05.26 23:40:30] Pickup 57 Adena (4)[268541362] ApexSpark[268473955] 4 
[04.05.26 23:40:30] Pickup 57 Adena (9)[268541366] RuneClaw[268486044] 9 
[04.05.26 23:40:31] Pickup 57 Adena (28)[268541369] KexMarsh[268489264] 28 
[04.05.26 23:40:31] Pickup 116 Magic Ring (1)[268541370] KexMarsh[268489264] 1 
[04.05.26 23:40:32] Pickup 57 Adena (17)[268541374] ShadowEdge[268462478] 17 
[04.05.26 23:40:32] Pickup 57 Adena (12)[268541380] SolarStrike[268472492] 12 
[04.05.26 23:40:32] Pickup 57 Adena (10)[268541381] RioField[268490687] 10 
[04.05.26 23:40:32] Pickup 18 Leather Shield (1)[268541382] RioField[268490687] 1 
[04.05.26 23:40:33] Pickup 57 Adena (20)[268541387] IronCrown[268464877] 20 
[04.05.26 23:40:33] Pickup 28 Pants (1)[268541388] SteelStrike[268482723] 1 
[04.05.26 23:40:33] Pickup 57 Adena (23)[268541389] StormSerpent[268466518] 23 
[04.05.26 23:40:33] Pickup 17 Wooden Arrow (30)[268541390] StormSerpent[268466518] 30 
[04.05.26 23:40:34] Pickup 1871 Charcoal (1)[268541392] WildSerpent[268469647] 1 
[04.05.26 23:40:34] Pickup 57 Adena (29)[268541393] RioVeil[268490445] 29 
[04.05.26 23:40:35] Pickup 57 Adena (9)[268541398] ApexSpark[268473955] 9 
[04.05.26 23:40:35] Pickup 57 Adena (8)[268541401] VenomCrest[268479085] 8 
[04.05.26 23:40:35] Pickup 1871 Charcoal (1)[268541402] VenomCrest[268479085] 1 
[04.05.26 23:40:35] Pickup 57 Adena (25)[268541403] ApexWind[268473531] 25 
[04.05.26 23:40:35] Pickup 57 Adena (4)[268541404] LunarSpark[268471584] 4 
[04.05.26 23:40:35] Pickup 57 Adena (13)[268541405] DarkField[268464317] 13 
[04.05.26 23:40:35] Pickup 57 Adena (13)[268541408] NioHawk[268489686] 13 
[04.05.26 23:40:35] Pickup 1788 Recipe: Bow (1)[268541409] NioHawk[268489686] 1 
[04.05.26 23:40:36] Pickup 57 Adena (15)[268541412] SolarStar[268472261] 15 
[04.05.26 23:40:36] Pickup 1871 Charcoal (1)[268541413] SolarStar[268472261] 1 
[04.05.26 23:40:36] Pickup 57 Adena (6)[268541414] GrimStone[268475028] 6 
[04.05.26 23:40:36] Pickup 28 Pants (1)[268541415] GrimStone[268475028] 1 
[04.05.26 23:40:36] Pickup 57 Adena (8)[268541416] RioFang[268490147] 8 
[04.05.26 23:40:36] Pickup 57 Adena (13)[268541421] FrostField[268465712] 13 
[04.05.26 23:40:36] Pickup 17 Wooden Arrow (24)[268541422] FrostField[268465712] 24 
[04.05.26 23:40:38] Pickup 57 Adena (5)[268541429] ShadowVeil[268462716] 5 
[04.05.26 23:40:38] Pickup 57 Adena (26)[268541430] GaleClaw[268483933] 26 
[04.05.26 23:40:39] Pickup 57 Adena (6)[268541436] VoidCrown[268467013] 6 
[04.05.26 23:40:39] Pickup 57 Adena (6)[268541437] SteelStrike[268482723] 6 
[04.05.26 23:40:39] Pickup 57 Adena (19)[268541438] IronCrest[268465089] 19 
[04.05.26 23:40:39] Pickup 57 Adena (6)[268541439] RioGloom[268490495] 6 
[04.05.26 23:40:40] Pickup 57 Adena (6)[268541443] ApexSpark[268473955] 6 
[04.05.26 23:40:41] Pickup 57 Adena (8)[268541460] RogueFlash[268476390] 8 
[04.05.26 23:40:44] Pickup 17 Wooden Arrow (22)[268541477] ShadowFire[268462595] 22 
[04.05.26 23:40:44] Pickup 57 Adena (7)[268541478] NeonBloom[268468257] 7 
[04.05.26 23:40:44] Pickup 57 Adena (12)[268541479] ArcVeil[268486955] 12 
[04.05.26 23:40:45] Pickup 57 Adena (8)[268541484] BoneWind[268483336] 8 
[04.05.26 23:40:45] Pickup 57 Adena (6)[268541485] RuneCrown[268486342] 6 
[04.05.26 23:40:45] Pickup 1871 Charcoal (1)[268541486] RuneCrown[268486342] 1 
[04.05.26 23:40:45] Pickup 41 Cloth Cap (1)[268541487] ShadowVeil[268462716] 1 
[04.05.26 23:40:46] Pickup 57 Adena (20)[268541492] SolarStrike[268472492] 20 
[04.05.26 23:40:46] Pickup 1868 Thread (1)[268541493] FrostGloom[268465519] 1 
[04.05.26 23:40:47] Pickup 57 Adena (15)[268541497] BlazeFlash[268481366] 15 
[04.05.26 23:40:47] Pickup 118 Magic Necklace (1)[268541498] BlazeFlash[268481366] 1 
[04.05.26 23:40:47] Pickup 57 Adena (4)[268541499] StormWolf[268466107] 4 
[04.05.26 23:40:48] Pickup 1060 Healing Potion (1)[268541501] DarkField[268464317] 1 
[04.05.26 23:40:48] Pickup 57 Adena (10)[268541505] StormSerpent[268466518] 10 
[04.05.26 23:40:48] Pickup 57 Adena (13)[268541506] RapidGrove[268470632] 13 
[04.05.26 23:40:49] Pickup 1788 Recipe: Bow (1)[268541507] NioWind[268489641] 1 
[04.05.26 23:40:49] Pickup 57 Adena (9)[268541508] VoidBlade[268466541] 9 
[04.05.26 23:40:49] Pickup 28 Pants (1)[268541509] VoidBlade[268466541] 1 
[04.05.26 23:40:49] Pickup 57 Adena (12)[268541510] NeonBloom[268468257] 12 
[04.05.26 23:40:49] Pickup 57 Adena (10)[268541511] NightRidge[268463676] 10 
[04.05.26 23:40:49] Pickup 1868 Thread (1)[268541512] NightRidge[268463676] 1 
[04.05.26 23:40:49] Pickup 57 Adena (7)[268541513] SkullMarsh[268482273] 7 
[04.05.26 23:40:50] Pickup 57 Adena (7)[268541515] DuskCore[268484606] 7 
[04.05.26 23:40:50] Pickup 1867 Animal Skin (1)[268541516] DuskCore[268484606] 1 
[04.05.26 23:40:50] Pickup 57 Adena (8)[268541520] ApexEdge[268473264] 8 
[04.05.26 23:40:51] Pickup 57 Adena (16)[268541528] NioHawk[268489686] 16 
[04.05.26 23:40:51] Pickup 57 Adena (10)[268541529] DarkStrike[268464043] 10 
[04.05.26 23:40:52] Pickup 57 Adena (7)[268541537] GrimStone[268475028] 7 
[04.05.26 23:40:53] Pickup 57 Adena (6)[268541543] NightFire[268463237] 6 
[04.05.26 23:40:55] Pickup 57 Adena (6)[268541553] DuskCore[268484606] 6 
[04.05.26 23:40:55] Pickup 57 Adena (4)[268541554] DarkWisp[268464088] 4 
[04.05.26 23:40:55] Pickup 57 Adena (7)[268541557] RioField[268490687] 7 
[04.05.26 23:40:57] Pickup 57 Adena (5)[268541571] NeonStar[268467720] 5 
[04.05.26 23:40:57] Pickup 57 Adena (7)[268541572] NightFire[268463237] 7 
[04.05.26 23:40:57] Pickup 57 Adena (7)[268541574] SteelStrike[268482723] 7 
[04.05.26 23:40:57] Pickup 57 Adena (8)[268541575] RuneCrown[268486342] 8 
[04.05.26 23:40:58] Pickup 57 Adena (13)[268541576] SolarThorn[268472716] 13 
[04.05.26 23:40:58] Pickup 57 Adena (15)[268541580] DawnVeil[268485537] 15 
[04.05.26 23:40:58] Pickup 57 Adena (6)[268541581] StormWolf[268466107] 6 
[04.05.26 23:41:00] Pickup 57 Adena (6)[268541584] DuskCore[268484606] 6 
[04.05.26 23:41:00] Pickup 57 Adena (27)[268541585] FrostField[268465712] 27 
[04.05.26 23:41:00] Pickup 17 Wooden Arrow (17)[268541586] FrostField[268465712] 17 
[04.05.26 23:41:00] Pickup 57 Adena (8)[268541592] RioField[268490687] 8 
[04.05.26 23:41:00] Pickup 57 Adena (7)[268541593] ApexEdge[268473264] 7 
[04.05.26 23:41:01] Pickup 57 Adena (6)[268541597] IronHawk[268464716] 6 
[04.05.26 23:41:01] Pickup 35 Cloth Shoes (1)[268541598] IronHawk[268464716] 1 
[04.05.26 23:41:01] Pickup 57 Adena (6)[268541599] GrimStone[268475028] 6 
[04.05.26 23:41:01] Pickup 21 Shirt (1)[268541600] GrimStone[268475028] 1 
[04.05.26 23:41:02] Pickup 57 Adena (7)[268541607] KexWind[268488937] 7 
[04.05.26 23:41:03] Pickup 57 Adena (9)[268541608] BoneCore[268483196] 9 
[04.05.26 23:41:04] Pickup 57 Adena (24)[268541619] DarkStrike[268464043] 24 
[04.05.26 23:41:04] Pickup 57 Adena (15)[268541620] StormSerpent[268466518] 15 
[04.05.26 23:41:04] Pickup 308 Buffalo\'s Horn (1)[268541621] StormSerpent[268466518] 1 
[04.05.26 23:41:05] Pickup 57 Adena (10)[268541624] GrimThorn[268475088] 10 
[04.05.26 23:41:05] Pickup 1121 Apprentice\'s Shoes (1)[268541625] DuskCore[268484606] 1 
[04.05.26 23:41:06] Pickup 57 Adena (18)[268541629] BlazeWolf[268480991] 18 
[04.05.26 23:41:06] Pickup 1833 Bandage (1)[268541630] BlazeWolf[268480991] 1 
[04.05.26 23:41:07] Pickup 57 Adena (13)[268541636] RuneCrown[268486342] 13 
[04.05.26 23:41:07] Pickup 13 Short Bow (1)[268541637] RuneCrown[268486342] 1 
[04.05.26 23:41:08] Pickup 57 Adena (15)[268541638] ZanSerpent[268488017] 15 
[04.05.26 23:41:08] Pickup 57 Adena (7)[268541644] RogueWisp[268476172] 7 
[04.05.26 23:41:09] Pickup 1871 Charcoal (1)[268541645] RogueFlash[268476390] 1 
[04.05.26 23:41:09] Pickup 57 Adena (21)[268541647] KexZone[268488819] 21 
[04.05.26 23:41:09] Pickup 112 Apprentice\'s Earring (1)[268541648] KexZone[268488819] 1 
[04.05.26 23:41:09] Pickup 1788 Recipe: Bow (1)[268541649] KexZone[268488819] 1 
[04.05.26 23:41:09] Pickup 57 Adena (4)[268541653] ShadowVeil[268462716] 4 
[04.05.26 23:41:10] Pickup 57 Adena (5)[268541654] IronHawk[268464716] 5 
[04.05.26 23:41:10] Pickup 18 Leather Shield (1)[268541655] IronHawk[268464716] 1 
[04.05.26 23:41:10] Pickup 57 Adena (16)[268541656] RogueRidge[268476663] 16 
[04.05.26 23:41:10] Pickup 28 Pants (1)[268541660] FrostFire[268465345] 1 
[04.05.26 23:41:12] Pickup 1060 Healing Potion (1)[268541670] NightRage[268463288] 1 
[04.05.26 23:41:12] Pickup 57 Adena (4)[268541671] GrimThorn[268475088] 4 
[04.05.26 23:41:12] Pickup 57 Adena (14)[268541672] KexField[268489290] 14 
[04.05.26 23:41:13] Pickup 57 Adena (11)[268541677] NightFire[268463237] 11 
[04.05.26 23:41:13] Pickup 57 Adena (18)[268541678] RioWolf[268490403] 18 
[04.05.26 23:41:13] Pickup 57 Adena (17)[268541680] IronCrown[268464877] 17 
[04.05.26 23:41:15] Pickup 57 Adena (10)[268541687] WildCrest[268469533] 10 
[04.05.26 23:41:16] Pickup 57 Adena (12)[268541693] VoidZone[268466634] 12 
[04.05.26 23:41:16] Pickup 57 Adena (8)[268541694] NeonBloom[268468257] 8 
[04.05.26 23:41:16] Pickup 57 Adena (7)[268541698] RuneCrown[268486342] 7 
[04.05.26 23:41:17] Pickup 1121 Apprentice\'s Shoes (1)[268541708] StormWolf[268466107] 1 
[04.05.26 23:41:18] Pickup 1868 Thread (1)[268541711] DuskCore[268484606] 1 
[04.05.26 23:41:18] Pickup 57 Adena (7)[268541712] ArcVeil[268486955] 7 
[04.05.26 23:41:18] Pickup 21 Shirt (1)[268541713] ArcVeil[268486955] 1 
[04.05.26 23:41:19] Pickup 57 Adena (18)[268541715] StormFang[268465860] 18 
[04.05.26 23:41:19] Pickup 1867 Animal Skin (1)[268541716] StormFang[268465860] 1 
[04.05.26 23:41:20] Pickup 57 Adena (19)[268541730] KexMarsh[268489264] 19 
[04.05.26 23:41:21] Pickup 28 Pants (1)[268541733] KexStar[268488887] 1 
[04.05.26 23:41:22] Pickup 57 Adena (8)[268541734] ApexSpark[268473955] 8 
[04.05.26 23:41:22] Pickup 1871 Charcoal (1)[268541735] ApexSpark[268473955] 1 
[04.05.26 23:41:23] Pickup 57 Adena (10)[268541745] RogueFlash[268476390] 10 
[04.05.26 23:41:23] Pickup 57 Adena (9)[268541746] StormZone[268465925] 9 
[04.05.26 23:41:24] Pickup 57 Adena (7)[268541752] DarkWisp[268464088] 7 
[04.05.26 23:41:24] Pickup 1868 Thread (1)[268541753] DarkWisp[268464088] 1 
[04.05.26 23:41:25] Pickup 57 Adena (17)[268541754] ShadowEdge[268462478] 17 
[04.05.26 23:41:25] Pickup 1868 Thread (1)[268541759] RioSpark[268490586] 1 
[04.05.26 23:41:25] Pickup 57 Adena (5)[268541760] NightFire[268463237] 5 
[04.05.26 23:41:26] Pickup 57 Adena (6)[268541762] NeonBloom[268468257] 6 
[04.05.26 23:41:26] Pickup 1121 Apprentice\'s Shoes (1)[268541763] ArcWind[268486837] 1 
[04.05.26 23:41:26] Pickup 57 Adena (20)[268541764] SolarStar[268472261] 20 
[04.05.26 23:41:27] Pickup 57 Adena (30)[268541767] VenomCreek[268478941] 30 
[04.05.26 23:41:27] Pickup 57 Adena (8)[268541769] FrostGloom[268465519] 8 
[04.05.26 23:41:27] Pickup 57 Adena (5)[268541770] StormWolf[268466107] 5 
[04.05.26 23:41:28] Pickup 57 Adena (6)[268541772] FrostCore[268465247] 6 
[04.05.26 23:41:28] Pickup 57 Adena (4)[268541773] RioGloom[268490495] 4 
[04.05.26 23:41:28] Pickup 57 Adena (12)[268541774] StormSerpent[268466518] 12 
[04.05.26 23:41:28] Pickup 57 Adena (13)[268541780] GrimRidge[268475465] 13 
[04.05.26 23:41:30] Pickup 57 Adena (33)[268541784] DawnMarsh[268485765] 33 
[04.05.26 23:41:31] Pickup 57 Adena (7)[268541787] BlazeFire[268480819] 7 
[04.05.26 23:41:31] Pickup 17 Wooden Arrow (25)[268541788] BlazeFire[268480819] 25 
[04.05.26 23:41:31] Pickup 57 Adena (15)[268541789] IronCrest[268465089] 15 
[04.05.26 23:41:31] Pickup 1868 Thread (1)[268541790] IronCrest[268465089] 1 
[04.05.26 23:41:31] Pickup 57 Adena (23)[268541793] StormRidge[268466473] 23 
[04.05.26 23:41:33] Pickup 57 Adena (6)[268541805] StormZone[268465925] 6 
[04.05.26 23:41:33] Pickup 28 Pants (1)[268541806] StormZone[268465925] 1 
[04.05.26 23:41:33] Pickup 57 Adena (8)[268541807] NightFire[268463237] 8 
[04.05.26 23:41:33] Pickup 28 Pants (1)[268541808] NightFire[268463237] 1 
[04.05.26 23:41:34] Pickup 57 Adena (8)[268541812] MysticStone[268477444] 8 
[04.05.26 23:41:36] Pickup 57 Adena (7)[268541826] VoidStone[268466977] 7 
[04.05.26 23:41:36] Pickup 1871 Charcoal (1)[268541827] VoidStone[268466977] 1 
[04.05.26 23:41:36] Pickup 57 Adena (11)[268541829] DawnEdge[268485263] 11 
[04.05.26 23:41:36] Pickup 57 Adena (18)[268541832] RuneCrown[268486342] 18 
[04.05.26 23:41:37] Pickup 57 Adena (16)[268541839] NeonDrake[268468502] 16 
[04.05.26 23:41:37] Pickup 1868 Thread (1)[268541840] NeonDrake[268468502] 1 
[04.05.26 23:41:37] Pickup 57 Adena (7)[268541843] StormWolf[268466107] 7 
[04.05.26 23:41:38] Pickup 57 Adena (8)[268541844] RogueFlash[268476390] 8 
[04.05.26 23:41:38] Pickup 57 Adena (5)[268541846] ArcWind[268486837] 5 
[04.05.26 23:41:38] Pickup 57 Adena (5)[268541847] SteelStar[268482582] 5 
[04.05.26 23:41:39] Pickup 57 Adena (7)[268541851] DarkWisp[268464088] 7 
[04.05.26 23:41:39] Pickup 57 Adena (21)[268541852] DawnWisp[268485562] 21 
[04.05.26 23:41:39] Pickup 57 Adena (6)[268541854] GrimStone[268475028] 6 
[04.05.26 23:41:40] Pickup 57 Adena (27)[268541859] BoneCrest[268483734] 27 
[04.05.26 23:41:40] Pickup 57 Adena (7)[268541860] RioRage[268490350] 7 
[04.05.26 23:41:40] Pickup 57 Adena (13)[268541861] NeonEdge[268467545] 13 
[04.05.26 23:41:40] Pickup 116 Magic Ring (1)[268541865] NioHawk[268489686] 1 
[04.05.26 23:41:40] Pickup 57 Adena (5)[268541866] IronSpark[268464924] 5 
[04.05.26 23:41:40] Pickup 57 Adena (14)[268541867] DuskBloom[268485020] 14 
[04.05.26 23:41:40] Pickup 1868 Thread (1)[268541868] DuskBloom[268485020] 1 
[04.05.26 23:41:41] Pickup 57 Adena (7)[268541869] VoidStone[268466977] 7 
[04.05.26 23:41:41] Pickup 57 Adena (8)[268541873] NightFire[268463237] 8 
[04.05.26 23:41:41] Pickup 57 Adena (12)[268541874] DuskFire[268484706] 12 
[04.05.26 23:41:41] Pickup 28 Pants (1)[268541875] DuskFire[268484706] 1 
[04.05.26 23:41:42] Pickup 57 Adena (11)[268541877] NightSoul[268463193] 11 
[04.05.26 23:41:42] Pickup 21 Shirt (1)[268541878] NightSoul[268463193] 1 
[04.05.26 23:41:42] Pickup 57 Adena (15)[268541879] SteelBloom[268482926] 15 
[04.05.26 23:41:42] Pickup 57 Adena (8)[268541880] WildCrest[268469533] 8 
[04.05.26 23:41:42] Pickup 57 Adena (7)[268541881] NeonCreek[268468288] 7 
[04.05.26 23:41:42] Pickup 17 Wooden Arrow (25)[268541882] NeonCreek[268468288] 25 
[04.05.26 23:41:43] Pickup 57 Adena (4)[268541888] RogueFlash[268476390] 4 
[04.05.26 23:41:46] Pickup 57 Adena (8)[268541905] IronEdge[268464506] 8 
[04.05.26 23:41:46] Pickup 57 Adena (8)[268541906] NeonBloom[268468257] 8 
[04.05.26 23:41:46] Pickup 116 Magic Ring (1)[268541908] ZanSerpent[268488017] 1 
[04.05.26 23:41:46] Pickup 426 Tunic (1)[268541909] StormZone[268465925] 1 
[04.05.26 23:41:46] Pickup 17 Wooden Arrow (20)[268541910] StormZone[268465925] 20 
[04.05.26 23:41:46] Pickup 57 Adena (4)[268541911] VoidStone[268466977] 4 
[04.05.26 23:41:46] Pickup 41 Cloth Cap (1)[268541912] VoidStone[268466977] 1 
[04.05.26 23:41:47] Pickup 57 Adena (5)[268541913] DawnHawk[268485468] 5 
[04.05.26 23:41:47] Pickup 57 Adena (7)[268541918] RogueMarsh[268476509] 7 
[04.05.26 23:41:47] Pickup 57 Adena (4)[268541919] GrimGloom[268474988] 4 
[04.05.26 23:41:48] Pickup 57 Adena (6)[268541924] WildWind[268468894] 6 
[04.05.26 23:41:48] Pickup 57 Adena (6)[268541927] MysticStone[268477444] 6 
[04.05.26 23:41:48] Pickup 1867 Animal Skin (1)[268541928] MysticStone[268477444] 1 
[04.05.26 23:41:49] Pickup 57 Adena (7)[268541936] DarkWisp[268464088] 7 
[04.05.26 23:41:49] Pickup 57 Adena (11)[268541937] NightFire[268463237] 11 
[04.05.26 23:41:49] Pickup 57 Adena (8)[268541939] StormWolf[268466107] 8 
[04.05.26 23:41:50] Pickup 57 Adena (12)[268541941] KexField[268489290] 12 
[04.05.26 23:41:50] Pickup 57 Adena (7)[268541943] StormFlash[268466309] 7 
[04.05.26 23:41:50] Pickup 41 Cloth Cap (1)[268541944] StormFlash[268466309] 1 
[04.05.26 23:41:51] Pickup 13 Short Bow (1)[268541945] VoidZone[268466634] 1 
[04.05.26 23:41:51] Pickup 57 Adena (7)[268541946] IronHawk[268464716] 7 
[04.05.26 23:41:53] Pickup 57 Adena (13)[268541954] DawnSoul[268485358] 13 
[04.05.26 23:41:53] Pickup 57 Adena (8)[268541955] WildCrest[268469533] 8 
[04.05.26 23:41:53] Pickup 57 Adena (13)[268541960] VoidGrove[268467294] 13 
[04.05.26 23:41:53] Pickup 57 Adena (6)[268541961] GrimRidge[268475465] 6 
[04.05.26 23:41:55] Pickup 57 Adena (18)[268541978] VenomHawk[268478442] 18 
[04.05.26 23:41:56] Pickup 57 Adena (6)[268541981] VoidStone[268466977] 6 
[04.05.26 23:41:56] Pickup 57 Adena (4)[268541982] NightSoul[268463193] 4 
[04.05.26 23:41:56] Pickup 1121 Apprentice\'s Shoes (1)[268541983] NeonBloom[268468257] 1 
[04.05.26 23:41:57] Pickup 57 Adena (10)[268541995] ApexBloom[268474022] 10 
[04.05.26 23:41:58] Pickup 118 Magic Necklace (1)[268541996] VoidMarsh[268467231] 1 
[04.05.26 23:42:00] Pickup 57 Adena (4)[268542003] ApexSpark[268473955] 4 
[04.05.26 23:42:01] Pickup 57 Adena (18)[268542012] BlazeWolf[268480991] 18 
[04.05.26 23:42:01] Pickup 116 Magic Ring (1)[268542013] BlazeWolf[268480991] 1 
[04.05.26 23:42:02] Pickup 57 Adena (15)[268542015] DarkRidge[268464382] 15 
[04.05.26 23:42:02] Pickup 57 Adena (10)[268542016] ArcWind[268486837] 10 
[04.05.26 23:42:03] Pickup 1868 Thread (1)[268542021] DawnCrest[268485822] 1 
[04.05.26 23:42:03] Pickup 57 Adena (6)[268542026] GrimGloom[268474988] 6 
[04.05.26 23:42:03] Pickup 57 Adena (30)[268542028] IronHawk[268464716] 30 
[04.05.26 23:42:03] Pickup 17 Wooden Arrow (10)[268542029] IronHawk[268464716] 10 
[04.05.26 23:42:04] Pickup 57 Adena (7)[268542030] RioRage[268490350] 7 
[04.05.26 23:42:04] Pickup 57 Adena (13)[268542036] ApexEdge[268473264] 13 
[04.05.26 23:42:05] Pickup 57 Adena (9)[268542038] ApexBlade[268473192] 9 
[04.05.26 23:42:06] Pickup 57 Adena (12)[268542039] VoidZone[268466634] 12 
[04.05.26 23:42:06] Pickup 57 Adena (8)[268542041] DarkWisp[268464088] 8 
[04.05.26 23:42:08] Pickup 1867 Animal Skin (1)[268542052] NightGrove[268463635] 1 
[04.05.26 23:42:08] Pickup 57 Adena (6)[268542053] NightFire[268463237] 6 
[04.05.26 23:42:08] Pickup 28 Pants (1)[268542054] NightFire[268463237] 1 
[04.05.26 23:42:08] Pickup 57 Adena (24)[268542057] StormSerpent[268466518] 24 
[04.05.26 23:42:08] Pickup 57 Adena (4)[268542058] VexRage[268488260] 4 
[04.05.26 23:42:08] Pickup 57 Adena (4)[268542059] IronMarsh[268465014] 4 
[04.05.26 23:42:08] Pickup 462 Stockings (1)[268542060] IronMarsh[268465014] 1 
[04.05.26 23:42:10] Pickup 57 Adena (5)[268542065] ApexSpark[268473955] 5 
[04.05.26 23:42:10] Pickup 18 Leather Shield (1)[268542066] ApexSpark[268473955] 1 
[04.05.26 23:42:10] Pickup 57 Adena (10)[268542068] ShadowVeil[268462716] 10 
[04.05.26 23:42:10] Pickup 57 Adena (6)[268542069] NightSoul[268463193] 6 
[04.05.26 23:42:10] Pickup 1867 Animal Skin (1)[268542070] NightSoul[268463193] 1 
[04.05.26 23:42:10] Pickup 57 Adena (7)[268542071] MysticStone[268477444] 7 
[04.05.26 23:42:10] Pickup 57 Adena (6)[268542074] NeonBloom[268468257] 6 
[04.05.26 23:42:11] Pickup 57 Adena (15)[268542076] RuneHawk[268486179] 15 
[04.05.26 23:42:11] Pickup 116 Magic Ring (1)[268542077] RuneHawk[268486179] 1 
[04.05.26 23:42:11] Pickup 57 Adena (8)[268542078] DarkWisp[268464088] 8 
[04.05.26 23:42:12] Pickup 57 Adena (7)[268542081] WildWind[268468894] 7 
[04.05.26 23:42:13] Pickup 57 Adena (8)[268542091] VexRage[268488260] 8 
[04.05.26 23:42:14] Pickup 57 Adena (4)[268542093] VoidCrown[268467013] 4 
[04.05.26 23:42:15] Pickup 57 Adena (12)[268542102] NightGrove[268463635] 12 
[04.05.26 23:42:15] Pickup 57 Adena (6)[268542103] NeonZone[268467622] 6 
[04.05.26 23:42:16] Pickup 57 Adena (4)[268542109] StormZone[268465925] 4 
[04.05.26 23:42:16] Pickup 35 Cloth Shoes (1)[268542116] NightRidge[268463676] 1 
[04.05.26 23:42:16] Pickup 57 Adena (6)[268542117] KexCrown[268489132] 6 
[04.05.26 23:42:18] Pickup 57 Adena (4)[268542127] VenomGloom[268478653] 4 
[04.05.26 23:42:20] Pickup 57 Adena (14)[268542133] NeonSpark[268468176] 14 
[04.05.26 23:42:20] Pickup 1833 Bandage (1)[268542134] NeonSpark[268468176] 1 
[04.05.26 23:42:21] Pickup 57 Adena (8)[268542144] DarkWisp[268464088] 8 
[04.05.26 23:42:23] Pickup 57 Adena (17)[268542156] NeonDrake[268468502] 17 
[04.05.26 23:42:24] Pickup 57 Adena (12)[268542165] NightSoul[268463193] 12 
[04.05.26 23:42:24] Pickup 17 Wooden Arrow (19)[268542166] NightSoul[268463193] 19 
[04.05.26 23:42:25] Pickup 57 Adena (4)[268542170] IronEdge[268464506] 4 
[04.05.26 23:42:25] PvEPlayerDieDrop 1867 Animal Skin (1)[268540090] VenomCreek[268478941] 1 
[04.05.26 23:42:26] Pickup 57 Adena (9)[268542172] BoneWolf[268483398] 9 
[04.05.26 23:42:26] Pickup 57 Adena (5)[268542174] VexFang[268488063] 5 
[04.05.26 23:42:26] Pickup 1868 Thread (1)[268542175] VexFang[268488063] 1 
[04.05.26 23:42:27] Pickup 57 Adena (6)[268542184] DawnEdge[268485263] 6 
[04.05.26 23:42:28] Pickup 57 Adena (4)[268542189] NightRidge[268463676] 4 
[04.05.26 23:42:28] Pickup 57 Adena (10)[268542190] NioHawk[268489686] 10 
[04.05.26 23:42:28] Pickup 57 Adena (5)[268542191] ApexEdge[268473264] 5 
[04.05.26 23:42:29] Pickup 57 Adena (11)[268542192] RapidStone[268470306] 11 
[04.05.26 23:42:29] Pickup 253 Spiked Gloves (1)[268542193] RapidStone[268470306] 1 
[04.05.26 23:42:30] Pickup 57 Adena (6)[268542195] IronEdge[268464506] 6 
[04.05.26 23:42:30] Pickup 57 Adena (7)[268542196] NightFire[268463237] 7 
[04.05.26 23:42:30] Pickup 57 Adena (25)[268542198] IronHawk[268464716] 25 
[04.05.26 23:42:30] Pickup 116 Magic Ring (1)[268542199] IronHawk[268464716] 1 
[04.05.26 23:42:30] Pickup 17 Wooden Arrow (17)[268542200] IronHawk[268464716] 17 
[04.05.26 23:42:31] Pickup 57 Adena (7)[268542201] ApexSpark[268473955] 7 
[04.05.26 23:42:31] Pickup 36 Leather Sandals (1)[268542202] ApexSpark[268473955] 1 
[04.05.26 23:42:31] Pickup 57 Adena (10)[268542204] RogueFlash[268476390] 10 
[04.05.26 23:42:33] Pickup 57 Adena (7)[268542212] NightRidge[268463676] 7 
[04.05.26 23:42:33] Pickup 57 Adena (6)[268542213] StormZone[268465925] 6 
[04.05.26 23:42:35] Pickup 57 Adena (29)[268542224] NeonSpark[268468176] 29 
[04.05.26 23:42:35] Pickup 57 Adena (5)[268542225] FrostCore[268465247] 5 
[04.05.26 23:42:35] Pickup 57 Adena (7)[268542226] GrimGloom[268474988] 7 
[04.05.26 23:42:37] Pickup 57 Adena (4)[268542238] WildWind[268468894] 4 
[04.05.26 23:42:38] Pickup 57 Adena (6)[268542243] LunarBloom[268471653] 6 
[04.05.26 23:42:38] Pickup 1868 Thread (1)[268542244] LunarBloom[268471653] 1 
[04.05.26 23:42:38] Pickup 57 Adena (6)[268542245] NeonZone[268467622] 6 
[04.05.26 23:42:38] Pickup 57 Adena (8)[268542246] SteelBloom[268482926] 8 
[04.05.26 23:42:38] Pickup 1833 Bandage (1)[268542247] SteelBloom[268482926] 1 
[04.05.26 23:42:40] Pickup 57 Adena (5)[268542259] FrostGloom[268465519] 5 
[04.05.26 23:42:41] Pickup 57 Adena (10)[268542261] FrostStar[268465326] 10 
[04.05.26 23:42:41] Pickup 17 Wooden Arrow (15)[268542266] FrostStar[268465326] 15 
[04.05.26 23:42:41] Pickup 57 Adena (18)[268542267] VexFire[268488225] 18 
[04.05.26 23:42:41] Pickup 57 Adena (4)[268542268] VexFang[268488063] 4 
[04.05.26 23:42:41] Pickup 1121 Apprentice\'s Shoes (1)[268542269] VexFang[268488063] 1 
[04.05.26 23:42:42] Pickup 57 Adena (5)[268542274] IronEdge[268464506] 5 
[04.05.26 23:42:42] Pickup 57 Adena (9)[268542275] WildWind[268468894] 9 
[04.05.26 23:42:42] Pickup 57 Adena (14)[268542277] IronHawk[268464716] 14 
[04.05.26 23:42:43] PvEPlayerDieDrop 17 Wooden Arrow (102)[268539125] FrostField[268465712] 102 
[04.05.26 23:42:44] Pickup 57 Adena (8)[268542283] GaleRidge[268484452] 8 
[04.05.26 23:42:46] Pickup 57 Adena (11)[268542291] RapidBlade[268469684] 11 
[04.05.26 23:42:48] Pickup 57 Adena (9)[268542302] VexDrake[268488686] 9 
