[04.05.26 22:46:09:919] INFO gameserver.GameServer: =================================================
[04.05.26 22:46:09:922] INFO gameserver.GameServer: Project Revision: ........ L2s [31495]
[04.05.26 22:46:09:922] INFO gameserver.GameServer: Build Revision: .......... -1
[04.05.26 22:46:09:922] INFO gameserver.GameServer: Update: .................. Classic: Saviors (Antharas)
[04.05.26 22:46:09:922] INFO gameserver.GameServer: Build date: .............. -1
[04.05.26 22:46:09:922] INFO gameserver.GameServer: Compiler version: ........ Maven JAR Plugin 3.4.1
[04.05.26 22:46:09:922] INFO gameserver.GameServer: =================================================
[04.05.26 22:46:09:948] INFO holder.HostsConfigHolder: HostsConfigHolder: =================================================
[04.05.26 22:46:09:949] INFO holder.HostsConfigHolder: HostsConfigHolder: Authserver host info: IP[127.0.0.1], PORT[9014]
[04.05.26 22:46:09:949] INFO holder.HostsConfigHolder: HostsConfigHolder: =================================================
[04.05.26 22:46:09:949] INFO holder.HostsConfigHolder: HostsConfigHolder: Gameserver host info:
[04.05.26 22:46:09:951] INFO holder.HostsConfigHolder: HostsConfigHolder: ID[1], ADDRESS[127.0.0.1], PORT[7777]
[04.05.26 22:46:09:951] INFO holder.HostsConfigHolder: HostsConfigHolder: =================================================
[04.05.26 22:46:09:980] INFO gameserver.Config: Abuse: Loaded 18 abuse words.
[04.05.26 22:46:10:034] INFO hikari.HikariDataSource: GameServer - Starting...
[04.05.26 22:46:10:133] INFO pool.HikariPool: GameServer - Added connection com.mysql.cj.jdbc.ConnectionImpl@d62fe5b
[04.05.26 22:46:10:134] INFO hikari.HikariDataSource: GameServer - Start completed.
[04.05.26 22:46:10:144] INFO database.UpdatesInstaller: UpdatesInstaller: Checking new updates...
[04.05.26 22:46:10:166] INFO database.UpdatesInstaller: UpdatesInstaller: No new updates.
[04.05.26 22:46:10:203] INFO idfactory.IdFactory: IdFactory: Clear characters online status.
[04.05.26 22:46:10:268] INFO idfactory.IdFactory: IdFactory: Cleaned 35 elements from database in 0sec.
[04.05.26 22:46:10:276] INFO idfactory.IdFactory: IdFactory: Extracted 1005 used id's from characters
[04.05.26 22:46:10:290] INFO idfactory.IdFactory: IdFactory: Extracted 7955 used id's from items
[04.05.26 22:46:10:290] INFO idfactory.IdFactory: IdFactory: Extracted 1 used id's from clan_data
[04.05.26 22:46:10:293] INFO idfactory.IdFactory: IdFactory: Extracted total 8961 used id's.
[04.05.26 22:46:10:294] INFO idfactory.BitSetIDFactory: IdFactory: 102912 id's available.
[04.05.26 22:46:10:362] INFO dao.HidenItemsDAO: Hidden items loaded size: 0
[04.05.26 22:46:10:366] INFO dao.CustomHeroDAO: CustomHeroDAO: loaded 0 custom heroes.
[04.05.26 22:46:10:367] INFO security.HWIDBan: HWIDBan: Black list (Hwid) loaded size: 0
[04.05.26 22:46:10:377] INFO scripts.Scripts: Scripts: Loading...
[04.05.26 22:46:13:555] INFO scripts.Scripts: Scripts: Loaded 412 classes.
[04.05.26 22:46:13:667] INFO geodata.GeoEngine: GeoEngine: Loading Geodata...
[04.05.26 22:46:15:777] INFO geodata.GeoEngine: GeoEngine: Loaded 210 map(s), max layers: 21
[04.05.26 22:46:15:804] INFO utils.Strings: Loaded 418 translit entries.
[04.05.26 22:46:15:806] INFO gameserver.GameTimeController: GameTimeController: initialized. Current time is 22:37 in the day.
[04.05.26 22:46:15:808] INFO model.World: World: Creating regions: [256][272][32].
[04.05.26 22:46:15:812] INFO htm.HtmCache: HtmCache: Loading HTML's...
[04.05.26 22:46:15:835] INFO string.StringsHolder: StringsHolder: load strings: 553 for lang: ENGLISH
[04.05.26 22:46:15:835] INFO string.StringsHolder: StringsHolder: load strings: 552 for lang: RUSSIAN
[04.05.26 22:46:15:914] INFO string.ItemNameHolder: ItemNameHolder: load item names: 9855 for lang: ENGLISH
[04.05.26 22:46:15:914] INFO string.ItemNameHolder: ItemNameHolder: load item names: 9855 for lang: RUSSIAN
[04.05.26 22:46:15:968] INFO string.NpcNameHolder: NpcNameHolder: load npc names: 14271 for lang: ENGLISH
[04.05.26 22:46:15:969] INFO string.NpcNameHolder: NpcNameHolder: load npc names: 14271 for lang: RUSSIAN
[04.05.26 22:46:16:016] INFO string.NpcStringHolder: NpcStringHolder: load npc strings: 11786 for lang: ENGLISH
[04.05.26 22:46:16:016] INFO string.NpcStringHolder: NpcStringHolder: load npc strings: 11786 for lang: RUSSIAN
[04.05.26 22:46:16:101] INFO string.SkillNameHolder: SkillNameHolder: load skill names: 33427 for lang: ENGLISH
[04.05.26 22:46:16:101] INFO string.SkillNameHolder: SkillNameHolder: load skill names: 33427 for lang: RUSSIAN
[04.05.26 22:46:17:160] INFO htm.HtmCache: HtmCache: parsing 6711 documents; lang: ENGLISH.
[04.05.26 22:46:17:208] INFO holder.SkillHolder: SkillHolder: loaded 33715 skill(s) count.
[04.05.26 22:46:17:261] INFO holder.OptionDataHolder: OptionDataHolder: loaded 3864 option data(s) count.
[04.05.26 22:46:17:273] INFO holder.VariationDataHolder: VariationDataHolder: loaded 3 variation data(s) count.
[04.05.26 22:46:17:278] INFO holder.AgathionHolder: AgathionHolder: loaded 90 agathion(s) count.
[04.05.26 22:46:17:587] INFO holder.ItemHolder: ItemHolder: loaded 9935 item(s) count.
[04.05.26 22:46:17:591] INFO holder.EnsoulHolder: EnsoulHolder: loaded 416 ensoul(s) count.
[04.05.26 22:46:17:602] INFO holder.RecipeHolder: RecipeHolder: loaded 624 recipe(s) count.
[04.05.26 22:46:17:605] INFO holder.SynthesisDataHolder: SynthesisDataHolder: loaded 248 synthesis data(s) count.
[04.05.26 22:46:17:608] INFO holder.ExperienceDataHolder: ExperienceDataHolder: loaded 86 experience data(s) count.
[04.05.26 22:46:17:610] INFO holder.BaseStatsBonusHolder: BaseStatsBonusHolder: loaded 99 base stats bonus(s) count.
[04.05.26 22:46:17:613] INFO holder.LevelBonusHolder: LevelBonusHolder: loaded 99 level bonus(s) count.
[04.05.26 22:46:17:614] INFO holder.KarmaIncreaseDataHolder: KarmaIncreaseDataHolder: loaded 80 karma increase data(s) count.
[04.05.26 22:46:17:615] INFO holder.HitCondBonusHolder: HitCondBonusHolder: loaded 7 hit cond bonus(s) count.
[04.05.26 22:46:17:628] INFO holder.PlayerTemplateHolder: PlayerTemplateHolder: loaded 18 player template(s) count.
[04.05.26 22:46:17:632] INFO holder.InitialShortCutsHolder: InitialShortCutsHolder: loaded 14 initial short cut(s) count.
[04.05.26 22:46:17:632] INFO holder.InitialShortCutsHolder: InitialShortCutsHolder: loaded 1 initial macro(s) count.
[04.05.26 22:46:17:668] INFO holder.ClassDataHolder: ClassDataHolder: loaded 89 class data(s) count.
[04.05.26 22:46:17:677] INFO holder.TransformTemplateHolder: TransformTemplateHolder: loaded 24 transform template(s) count.
[04.05.26 22:46:18:166] INFO holder.NpcHolder: NpcHolder: loaded 5368 npc(s) count.
[04.05.26 22:46:18:167] INFO holder.PetDataHolder: PetDataHolder: loaded 0 pet data(s) count.
[04.05.26 22:46:18:172] INFO instancemanager.MapRegionManager: MapRegionManager: loaded 272 map region manager(s) count.
[04.05.26 22:46:18:181] INFO instancemanager.MapRegionManager: MapRegionManager: loaded 272 map region manager(s) count.
[04.05.26 22:46:18:184] INFO holder.StaticObjectHolder: StaticObjectHolder: loaded 25 static object(s) count.
[04.05.26 22:46:18:228] INFO holder.DoorHolder: DoorHolder: loaded 805 door(s) count.
[04.05.26 22:46:18:253] INFO holder.ZoneHolder: ZoneHolder: loaded 964 zone(s) count.
[04.05.26 22:46:18:333] INFO htm.HtmCache: HtmCache: parsing 6319 documents; lang: RUSSIAN.
[04.05.26 22:46:18:367] INFO holder.SpawnHolder: SpawnHolder: loaded 15116 spawn(s) count.
[04.05.26 22:46:18:373] INFO holder.InstantZoneHolder: InstantZoneHolder: loaded 13 instant zone(s) count.
[04.05.26 22:46:19:068] INFO holder.SkillAcquireHolder: SkillAcquireHolder: load 35394 normal learns for 89 classes.
[04.05.26 22:46:19:070] INFO holder.SkillAcquireHolder: SkillAcquireHolder: load 0 general skills learns for 89 classes.
[04.05.26 22:46:19:070] INFO holder.SkillAcquireHolder: SkillAcquireHolder: load 11 fishing learns.
[04.05.26 22:46:19:070] INFO holder.SkillAcquireHolder: SkillAcquireHolder: load 48 pledge learns.
[04.05.26 22:46:19:071] INFO holder.SkillAcquireHolder: SkillAcquireHolder: load 0 sub unit learns.
[04.05.26 22:46:19:071] INFO holder.SkillAcquireHolder: SkillAcquireHolder: load 5 hero skills learns.
[04.05.26 22:46:19:071] INFO holder.SkillAcquireHolder: SkillAcquireHolder: load 1 GM skills learns.
[04.05.26 22:46:19:071] INFO holder.SkillAcquireHolder: SkillAcquireHolder: load 0 custom skills learns.
[04.05.26 22:46:19:074] INFO holder.ResidenceFunctionsHolder: ResidenceFunctionsHolder: loaded 84 residence functions(s) count.
[04.05.26 22:46:19:094] INFO holder.ResidenceHolder: ResidenceHolder: total size: 47
[04.05.26 22:46:19:096] INFO holder.ResidenceHolder: ResidenceHolder:  - load 5 castle(s).
[04.05.26 22:46:19:096] INFO holder.ResidenceHolder: ResidenceHolder:  - load 42 clanhall(s).
[04.05.26 22:46:19:097] INFO holder.ShuttleTemplateHolder: ShuttleTemplateHolder: loaded 1 shuttle template(s) count.
[04.05.26 22:46:19:109] INFO instancemanager.RaidBossSpawnManager: RaidBossSpawnManager: Loaded 145 Statuses
[04.05.26 22:46:19:183] INFO holder.EventHolder: EventHolder: loaded 56 event(s) count.
[04.05.26 22:46:19:185] INFO holder.CubicHolder: CubicHolder: loaded 72 cubic(s) count.
[04.05.26 22:46:19:240] INFO holder.BuyListHolder: BuyListHolder: loaded 281 buy list(s) count.
[04.05.26 22:46:19:262] INFO holder.MultiSellHolder: MultiSellHolder: loaded 64 multi sell(s) count.
[04.05.26 22:46:19:269] INFO holder.ProductDataHolder: ProductDataHolder: loaded 76 product data(s) count.
[04.05.26 22:46:19:270] INFO holder.AttendanceRewardHolder: AttendanceRewardHolder: loaded 56 attendance reward(s) count.
[04.05.26 22:46:19:279] INFO holder.HennaHolder: HennaHolder: loaded 372 henna(s) count.
[04.05.26 22:46:19:281] INFO holder.EnchantItemHolder: EnchantItemHolder: loaded 53 enchant item(s) count.
[04.05.26 22:46:19:283] INFO holder.EnchantStoneHolder: EnchantStoneHolder: loaded 18 enchant stone(s) count.
[04.05.26 22:46:19:283] INFO holder.AppearanceStoneHolder: AppearanceStoneHolder: loaded 0 appearance stone(s) count.
[04.05.26 22:46:19:287] INFO holder.ArmorSetsHolder: ArmorSetsHolder: loaded 255 armor sets(s) count.
[04.05.26 22:46:19:289] INFO holder.FishDataHolder: FishDataHolder: load 3 lure(s).
[04.05.26 22:46:19:289] INFO holder.FishDataHolder: FishDataHolder: load 3 lure reward(s).
[04.05.26 22:46:19:289] INFO holder.FishDataHolder: FishDataHolder: load 9 rod(s).
[04.05.26 22:46:19:290] INFO holder.LevelUpRewardHolder: LevelUpRewardHolder: loaded 0 level up reward(s) count.
[04.05.26 22:46:19:291] INFO holder.LuckyGameHolder: LuckyGameHolder: loaded 0 lucky game(s) count.
[04.05.26 22:46:19:294] INFO holder.VIPDataHolder: VIPDataHolder: loaded 7 VIP data(s) count.
[04.05.26 22:46:19:295] INFO holder.PremiumAccountHolder: PremiumAccountHolder: loaded 4 premium account(s) count.
[04.05.26 22:46:19:296] INFO holder.PetitionGroupHolder: PetitionGroupHolder: loaded 1 petition group(s) count.
[04.05.26 22:46:19:299] INFO holder.BotReportPropertiesHolder: BotReportPropertiesHolder: loaded 7 bot report properties(s) count.
[04.05.26 22:46:19:304] INFO holder.DailyMissionsHolder: DailyMissionsHolder: loaded 109 daily missions(s) count.
[04.05.26 22:46:19:308] INFO holder.FakeItemHolder: FakeItemHolder: loaded fake items.
[04.05.26 22:46:19:329] INFO holder.FakePlayersHolder: FakePlayersHolder: loaded 9 fake players ai(s) count.
[04.05.26 22:46:19:329] INFO holder.FakePlayersHolder: FakePlayersHolder: loaded 29 fake players farm zone(s) count.
[04.05.26 22:46:19:329] INFO holder.FakePlayersHolder: FakePlayersHolder: loaded 5 fake players town zone(s) count.
[04.05.26 22:46:19:331] INFO holder.StarterPackLoadoutHolder: StarterPackLoadoutHolder: loaded 28 starter pack loadout(s) count.
[04.05.26 22:46:19:334] INFO cache.CrestCache: CrestCache: Loaded 0 crests
[04.05.26 22:46:19:336] INFO cache.ImagesCache: ImagesCache: Loading images...
[04.05.26 22:46:19:351] INFO tables.SubClassTable: SubClassTable: Loaded 62 sub-classes variations.
[04.05.26 22:46:19:353] INFO tables.EnchantHPBonusTable: EnchantHPBonusTable: Loaded bonuses for 11 grades.
[04.05.26 22:46:19:355] INFO dao.FencesDAO: FencesDAO: restored 0 fence(s).
[04.05.26 22:46:19:357] INFO holder.StaticObjectHolder: StaticObjectHolder: spawned: 19 static object(s).
[04.05.26 22:46:19:540] INFO instancemanager.SpawnManager: SpawnManager: spawned 3000 npc for group: NONE
[04.05.26 22:46:19:604] INFO instancemanager.SpawnManager: SpawnManager: spawned 4000 npc for group: NONE
[04.05.26 22:46:19:709] INFO instancemanager.SpawnManager: SpawnManager: spawned 7000 npc for group: NONE
[04.05.26 22:46:19:775] INFO instancemanager.SpawnManager: SpawnManager: spawned 9000 npc for group: NONE
[04.05.26 22:46:19:811] INFO instancemanager.SpawnManager: SpawnManager: spawned 10000 npc for group: NONE
[04.05.26 22:46:19:846] INFO instancemanager.SpawnManager: SpawnManager: spawned 11000 npc for group: NONE
[04.05.26 22:46:19:928] INFO instancemanager.SpawnManager: SpawnManager: spawned 13000 npc for group: NONE
[04.05.26 22:46:20:006] INFO instancemanager.SpawnManager: SpawnManager: spawned 15000 npc for group: NONE
[04.05.26 22:46:20:061] INFO instancemanager.SpawnManager: SpawnManager: spawned 16000 npc for group: NONE
[04.05.26 22:46:20:166] INFO instancemanager.SpawnManager: SpawnManager: spawned 18000 npc for group: NONE
[04.05.26 22:46:20:212] INFO instancemanager.SpawnManager: SpawnManager: spawned 20000 npc for group: NONE
[04.05.26 22:46:20:260] INFO instancemanager.SpawnManager: SpawnManager: spawned 22000 npc for group: NONE
[04.05.26 22:46:20:315] INFO instancemanager.SpawnManager: SpawnManager: spawned 23000 npc for group: NONE
[04.05.26 22:46:20:318] INFO instancemanager.SpawnManager: SpawnManager: spawned 23183 npc; spawns: 12016; group: NONE
[04.05.26 22:46:20:319] INFO instancemanager.SpawnManager: SpawnManager: spawned 13 npc; spawns: 13; group: vitamin_manager
[04.05.26 22:46:20:325] INFO instancemanager.SpawnManager: SpawnManager: spawned 14 npc; spawns: 14; group: olympiad
[04.05.26 22:46:20:330] INFO holder.VoteRewardConfigHolder: VoteRewardConfigHolder: loaded 6 Vote Site(s) count.
[04.05.26 22:46:20:334] INFO bosses.AntharasManager: AntharasManager: State of Antharas is NOTSPAWN.
[04.05.26 22:46:20:350] INFO bosses.BaiumManager: BaiumManager: State of Baium is NOTSPAWN.
[04.05.26 22:46:20:351] INFO bosses.BaiumManager: BaiumManager: Next spawn date: 03:00 01.01.1970
[04.05.26 22:46:20:370] INFO bbs.CommunityBoard: CommunityBoard: service loaded.
[04.05.26 22:46:20:370] INFO bbs.CommunityClan: CommunityBoard: Clan Community service loaded.
[04.05.26 22:46:20:371] INFO bbs.CommunityFavorites: CommunityBoard: Manage Favorites service loaded.
[04.05.26 22:46:20:371] INFO bbs.CommunityFriends: CommunityBoard: Manage Friends service loaded.
[04.05.26 22:46:20:371] INFO bbs.CommunityMail: CommunityBoard: Private Mail service loaded.
[04.05.26 22:46:20:371] INFO bbs.CommunityMemo: CommunityBoard: Manage Memo service loaded.
[04.05.26 22:46:20:371] INFO bbs.CommunityRegion: CommunityBoard: Region service loaded.
[04.05.26 22:46:20:374] INFO communitybuffer.CommunityBufferHolder: CommunityBufferHolder: loaded 86 available skill(s) count.
[04.05.26 22:46:20:374] INFO communitybuffer.CommunityBufferHolder: CommunityBufferHolder: loaded 88 available premium skill(s) count.
[04.05.26 22:46:20:374] INFO communitybuffer.CommunityBufferHolder: CommunityBufferHolder: loaded 6 buff set(s) count.
[04.05.26 22:46:20:404] INFO services.Bash: Loaded Service: Bash [disabled]
[04.05.26 22:46:20:407] INFO totalonline.totalonline: totalonline: Loaded Service: Parse Online [disabled]
[04.05.26 22:46:20:414] INFO entity.Hero: Hero System: Loaded 0 Heroes.
[04.05.26 22:46:20:414] INFO entity.Hero: Hero System: Loaded 0 all time Heroes.
[04.05.26 22:46:20:417] INFO olympiad.Olympiad: Olympiad System: Loading Olympiad System....
[04.05.26 22:46:20:418] INFO olympiad.Olympiad: Olympiad System: Currently in Olympiad Period
[04.05.26 22:46:20:418] INFO olympiad.Olympiad: Olympiad System: Period Ends....
[04.05.26 22:46:20:418] INFO olympiad.Olympiad: Olympiad System: In 27 days, 1 hours and 13 mins.
[04.05.26 22:46:20:418] INFO olympiad.Olympiad: Olympiad System: Next Weekly Change is in....
[04.05.26 22:46:20:418] INFO olympiad.Olympiad: Olympiad System: In 3 days, 19 hours and 23 mins.
[04.05.26 22:46:20:418] INFO olympiad.Olympiad: Olympiad System: Loaded 0 participants.
[04.05.26 22:46:20:419] INFO olympiad.Olympiad: Olympiad System: Competition Period Starts in 3 days, 21 hours and 13 mins.
[04.05.26 22:46:20:424] INFO olympiad.Olympiad: Olympiad System: Event starts/started: Fri May 08 20:00:00 MSK 2026
[04.05.26 22:46:20:425] INFO instancemanager.PetitionManager: Initializing PetitionManager
[04.05.26 22:46:20:426] INFO admincommands.AdminCommandHandler: AdminCommandHandler: loaded 367 admin command handler(s) count.
[04.05.26 22:46:20:426] INFO usercommands.UserCommandHandler: UserCommandHandler: loaded 16 user command handler(s) count.
[04.05.26 22:46:20:426] INFO voicecommands.VoicedCommandHandler: VoicedCommandHandler: loaded 41 voiced command handler(s) count.
[04.05.26 22:46:20:426] INFO bbs.BbsHandlerHolder: BbsHandlerHolder: loaded 65 bbs handler(s) count.
[04.05.26 22:46:20:426] INFO bypass.BypassHolder: BypassHolder: loaded 36 bypass(s) count.
[04.05.26 22:46:20:426] INFO onshiftaction.OnShiftActionHolder: OnShiftActionHolder: loaded 7 on shift action(s) count.
[04.05.26 22:46:20:427] INFO gameserver.GameServer: =[Events]=========================================
[04.05.26 22:46:20:446] INFO residence.ClanHall: ClanHall: spawning NPC group 'the_golden_chamber_36' for residence 36 (owned by clan 268462789)
[04.05.26 22:46:20:447] INFO instancemanager.SpawnManager: SpawnManager: spawned 2 npc; spawns: 2; group: the_golden_chamber_36
[04.05.26 22:46:20:455] INFO residence.ClanHall: ClanHall: spawning NPC group 'aquamarine_hall_68' for residence 68 (owned by clan 268462789)
[04.05.26 22:46:20:456] INFO instancemanager.SpawnManager: SpawnManager: spawned 2 npc; spawns: 2; group: aquamarine_hall_68
[04.05.26 22:46:20:467] INFO events.CastleNewbieSiegeEvent: CastleNewbieSiegeEvent: Gludio Castle time - 20:00 17.05.2026
[04.05.26 22:46:20:590] INFO impl.CastleSiegeEvent: CastleSiegeEvent: Dion Castle time - 20:00 17.05.2026
[04.05.26 22:46:20:594] INFO impl.CastleSiegeEvent: CastleSiegeEvent: Giran Castle time - 20:00 17.05.2026
[04.05.26 22:46:20:598] INFO impl.CastleSiegeEvent: CastleSiegeEvent: Oren Castle time - 20:00 17.05.2026
[04.05.26 22:46:20:601] INFO impl.CastleSiegeEvent: CastleSiegeEvent: Aden Castle time - 20:00 17.05.2026
[04.05.26 22:46:20:606] INFO impl.ClanHallAuctionEvent: ClanHallAuctionEvent: Moonstone Hall time - 15:00 11.05.2026
[04.05.26 22:46:20:607] INFO impl.ClanHallAuctionEvent: ClanHallAuctionEvent: Onyx Hall time - 15:00 11.05.2026
[04.05.26 22:46:20:608] INFO impl.ClanHallAuctionEvent: ClanHallAuctionEvent: Topaz Hall time - 15:00 11.05.2026
[04.05.26 22:46:20:608] INFO impl.ClanHallAuctionEvent: ClanHallAuctionEvent: Ruby Hall time - 15:00 11.05.2026
[04.05.26 22:46:20:609] INFO impl.ClanHallAuctionEvent: ClanHallAuctionEvent: Crystal Hall time - 15:00 11.05.2026
[04.05.26 22:46:20:609] INFO impl.ClanHallAuctionEvent: ClanHallAuctionEvent: Onyx Hall time - 15:00 11.05.2026
[04.05.26 22:46:20:610] INFO impl.ClanHallAuctionEvent: ClanHallAuctionEvent: Sapphire Hall time - 15:00 11.05.2026
[04.05.26 22:46:20:611] INFO impl.ClanHallAuctionEvent: ClanHallAuctionEvent: Moonstone Hall time - 15:00 11.05.2026
[04.05.26 22:46:20:611] INFO impl.ClanHallAuctionEvent: ClanHallAuctionEvent: Emerald Hall time - 15:00 11.05.2026
[04.05.26 22:46:20:611] INFO impl.ClanHallAuctionEvent: ClanHallAuctionEvent: The Atramental Barracks time - 15:00 11.05.2026
[04.05.26 22:46:20:612] INFO impl.ClanHallAuctionEvent: ClanHallAuctionEvent: The Scarlet Barracks time - 15:00 11.05.2026
[04.05.26 22:46:20:612] INFO impl.ClanHallAuctionEvent: ClanHallAuctionEvent: The Viridian Barracks time - 15:00 11.05.2026
[04.05.26 22:46:20:613] INFO impl.ClanHallAuctionEvent: ClanHallAuctionEvent: The Golden Chamber time - undefined
[04.05.26 22:46:20:614] INFO impl.ClanHallAuctionEvent: ClanHallAuctionEvent: The Silver Chamber time - 15:00 11.05.2026
[04.05.26 22:46:20:614] INFO impl.ClanHallAuctionEvent: ClanHallAuctionEvent: The Mithril Chamber time - 15:00 11.05.2026
[04.05.26 22:46:20:615] INFO impl.ClanHallAuctionEvent: ClanHallAuctionEvent: Silver Manor time - 15:00 11.05.2026
[04.05.26 22:46:20:615] INFO impl.ClanHallAuctionEvent: ClanHallAuctionEvent: Gold Manor time - 15:00 11.05.2026
[04.05.26 22:46:20:617] INFO impl.ClanHallAuctionEvent: ClanHallAuctionEvent: The Bronze Chamber time - 15:00 11.05.2026
[04.05.26 22:46:20:617] INFO impl.ClanHallAuctionEvent: ClanHallAuctionEvent: The Golden Chamber time - 15:00 11.05.2026
[04.05.26 22:46:20:617] INFO impl.ClanHallAuctionEvent: ClanHallAuctionEvent: The Silver Chamber time - 15:00 11.05.2026
[04.05.26 22:46:20:618] INFO impl.ClanHallAuctionEvent: ClanHallAuctionEvent: The Mithril Chamber time - 15:00 11.05.2026
[04.05.26 22:46:20:619] INFO impl.ClanHallAuctionEvent: ClanHallAuctionEvent: The Bronze Chamber time - 15:00 11.05.2026
[04.05.26 22:46:20:620] INFO impl.ClanHallAuctionEvent: ClanHallAuctionEvent: Silver Manor time - 15:00 11.05.2026
[04.05.26 22:46:20:622] INFO impl.ClanHallAuctionEvent: ClanHallAuctionEvent: Emerald Hall time - 15:00 11.05.2026
[04.05.26 22:46:20:622] INFO impl.ClanHallAuctionEvent: ClanHallAuctionEvent: Crystal Hall time - 15:00 11.05.2026
[04.05.26 22:46:20:623] INFO impl.ClanHallAuctionEvent: ClanHallAuctionEvent: Sapphire Hall time - 15:00 11.05.2026
[04.05.26 22:46:20:624] INFO impl.ClanHallAuctionEvent: ClanHallAuctionEvent: Aquamarine Hall time - 15:00 11.05.2026
[04.05.26 22:46:20:624] INFO impl.ClanHallAuctionEvent: ClanHallAuctionEvent: Blue Barracks time - 15:00 11.05.2026
[04.05.26 22:46:20:625] INFO impl.ClanHallAuctionEvent: ClanHallAuctionEvent: Brown Barracks time - 15:00 11.05.2026
[04.05.26 22:46:20:625] INFO impl.ClanHallAuctionEvent: ClanHallAuctionEvent: Yellow Barracks time - 15:00 11.05.2026
[04.05.26 22:46:20:626] INFO impl.ClanHallAuctionEvent: ClanHallAuctionEvent: White Barracks time - 15:00 11.05.2026
[04.05.26 22:46:20:626] INFO impl.ClanHallAuctionEvent: ClanHallAuctionEvent: Black Barracks time - 15:00 11.05.2026
[04.05.26 22:46:20:627] INFO impl.ClanHallAuctionEvent: ClanHallAuctionEvent: Green Barracks time - 15:00 11.05.2026
[04.05.26 22:46:20:627] INFO impl.InstantClanHallAuctionEvent: InstantClanHallAuctionEvent: Orchid Hall time - 00:01 09.05.2026
[04.05.26 22:46:20:628] INFO impl.InstantClanHallAuctionEvent: InstantClanHallAuctionEvent: Ellia Hall time - 00:01 09.05.2026
[04.05.26 22:46:20:628] INFO impl.InstantClanHallAuctionEvent: InstantClanHallAuctionEvent: Laurell Hall time - 00:01 09.05.2026
[04.05.26 22:46:20:629] INFO impl.InstantClanHallAuctionEvent: InstantClanHallAuctionEvent: Orchid Hall time - 00:01 23.05.2026
[04.05.26 22:46:20:630] INFO impl.InstantClanHallAuctionEvent: InstantClanHallAuctionEvent: Ellia Hall time - 00:01 23.05.2026
[04.05.26 22:46:20:631] INFO impl.InstantClanHallAuctionEvent: InstantClanHallAuctionEvent: Laurell Hall time - 00:01 23.05.2026
[04.05.26 22:46:20:631] INFO events.LairOfAntharasEvent: LairOfAntharasEvent: Lair of Antharas time - 20:00 05.05.2026
[04.05.26 22:46:20:631] INFO events.TowerOfInsolenceEvent: TowerOfInsolenceEvent: Tower of Insolence time - 20:00 05.05.2026
[04.05.26 22:46:20:631] INFO events.FunEvent: FunEvent: In the pursuit of letters time - undefined
[04.05.26 22:46:20:631] INFO events.FunEvent: FunEvent: Summer Squash time - undefined
[04.05.26 22:46:20:631] INFO events.FunEvent: FunEvent: Cristmas Squash time - undefined
[04.05.26 22:46:20:631] INFO impl.PvPEvent: PvPEvent: TvT Relax time - undefined
[04.05.26 22:46:20:631] INFO impl.PvPEvent: PvPEvent: TvT Hard time - undefined
[04.05.26 22:46:20:632] INFO impl.PvPEvent: PvPEvent: Hasher Relax time - undefined
[04.05.26 22:46:20:632] INFO impl.PvPEvent: PvPEvent: Hasher Hard time - undefined
[04.05.26 22:46:20:632] INFO gameserver.GameServer: ==================================================
[04.05.26 22:46:20:632] INFO data.BoatHolder: BoatHolder: loaded 1 boat(s) count.
[04.05.26 22:46:20:632] INFO data.BoatHolder: BoatHolder: Spawning: CrumaTower_Shuttle
[04.05.26 22:46:20:633] INFO gameserver.GameServer: IdFactory: Free ObjectID's remaining: 1879015067
[04.05.26 22:46:20:635] INFO clansearch.ClanSearchManager: ClanSearchManager: Loading clan search data...
[04.05.26 22:46:20:637] INFO clansearch.ClanSearchManager: ClanSearchManager: Loaded 0 registered clans.
[04.05.26 22:46:20:637] INFO clansearch.ClanSearchManager: ClanSearchManager: Loaded 0 registered players.
[04.05.26 22:46:20:640] INFO instancemanager.BotReportManager: BotReportManager: Loaded 0 bot reports.
[04.05.26 22:46:20:644] INFO gameserver.Shutdown: Scheduled server restart in 6h 13m 40s.
[04.05.26 22:46:20:644] INFO gameserver.GameServer: GameServer Started
[04.05.26 22:46:20:644] INFO gameserver.GameServer: Maximum Numbers of Connected Players: 3000
[04.05.26 22:46:20:647] INFO instancemanager.GameBanManager: GameBanManager: Initialized.
[04.05.26 22:46:20:702] INFO gameserver.GameServer: Restoring offline traders...
[04.05.26 22:46:20:703] INFO gameserver.GameServer: Restored 0 offline traders.
[04.05.26 22:46:20:706] INFO authcomm.AuthServerCommunication: Connecting to authserver on 127.0.0.1:9014
[04.05.26 22:46:20:710] INFO instancemanager.SpawnManager: SpawnManager: spawned 392 npc; spawns: 269; group: DAY
[04.05.26 22:46:20:720] INFO as2gs.AuthResponse: Registered on authserver as 1 [Bartz]
[04.05.26 22:46:20:737] INFO gameserver.GameServer: Telnet server is currently disabled.
[04.05.26 22:46:20:737] INFO gameserver.GameServer: =================================================
[04.05.26 22:46:20:740] INFO gameserver.GameServer: AllowedMemory: ........... 16777216 KB
[04.05.26 22:46:20:740] INFO gameserver.GameServer:      Allocated: .......... 5824512 KB (34.7168%)
[04.05.26 22:46:20:740] INFO gameserver.GameServer:      Non-Allocated: ...... 10952704 KB (65.2832%)
[04.05.26 22:46:20:740] INFO gameserver.GameServer: AllocatedMemory: ......... 5824512 KB
[04.05.26 22:46:20:740] INFO gameserver.GameServer:      Used: ............... 2400256 KB (14.3066%)
[04.05.26 22:46:20:740] INFO gameserver.GameServer:      Unused (cached): .... 3424256 KB (20.4102%)
[04.05.26 22:46:20:740] INFO gameserver.GameServer: UseableMemory: ........... 14376960 KB (85.6934%)
[04.05.26 22:46:20:740] INFO gameserver.GameServer: =================================================
[04.05.26 22:46:20:746] INFO instancemanager.AutobotsManager: AutobotsManager: Loaded 3 registered autobots.
[04.05.26 22:46:20:749] INFO instancemanager.AutobotScheduler: AutobotScheduler: Loaded 0 schedule(s). Checker started (60s interval).
[04.05.26 22:46:20:751] INFO instancemanager.StarterPackManager: StarterPackManager: Loaded 2000 names.
[04.05.26 22:46:20:776] INFO webserver.WebServer: WebServer: Started on 0.0.0.0:8085
[04.05.26 22:46:21:470] INFO cache.ImagesCache: ImagesCache: Loaded 305 images
[04.05.26 22:46:48:672] INFO instancemanager.StarterPackManager: StarterPackManager: All starter bots despawned.
[04.05.26 22:46:49:039] INFO instancemanager.StarterPackManager: StarterPack: Cleaned 1000 old bot characters from DB
[04.05.26 22:46:49:040] INFO instancemanager.StarterPackManager: StarterPackManager: Scheduling spawn of 1000 starter bots.
[04.05.26 22:46:49:040] INFO instancemanager.StarterPackManager: StarterPack: Attempting to spawn classId=0 name=ShadowBlade
[04.05.26 22:46:49:044] INFO instancemanager.StarterPackManager: StarterPack: classId=0 validated as HUMAN_FIGHTER race=HUMAN
[04.05.26 22:46:49:053] INFO instancemanager.StarterPackManager: StarterPack: Player.create() returned obj=268462439 for classId=0 name=ShadowBlade
[04.05.26 22:46:49:102] INFO instancemanager.StarterPackManager: StarterPack: initNewChar completed for ShadowBlade result=true
[04.05.26 22:46:49:118] INFO instancemanager.StarterPackManager: StarterPack: Player.restore() returned ShadowBlade for objId=268462439
[04.05.26 22:46:49:135] INFO instancemanager.StarterPackManager: StarterPack: Bot ShadowBlade entered world at -71412,258329,-3104
[04.05.26 22:46:49:138] INFO instancemanager.StarterPackManager: StarterPack: Spawned bot ShadowBlade (class=0/HUMAN_FIGHTER, race=HUMAN, objId=268462439)
[04.05.26 22:46:49:541] INFO instancemanager.StarterPackManager: StarterPack: Attempting to spawn classId=10 name=ShadowFang
[04.05.26 22:46:49:541] INFO instancemanager.StarterPackManager: StarterPack: classId=10 validated as HUMAN_MAGE race=HUMAN
[04.05.26 22:46:49:545] INFO instancemanager.StarterPackManager: StarterPack: Player.create() returned obj=268462459 for classId=10 name=ShadowFang
[04.05.26 22:46:49:612] INFO instancemanager.StarterPackManager: StarterPack: initNewChar completed for ShadowFang result=true
[04.05.26 22:46:49:629] INFO instancemanager.StarterPackManager: StarterPack: Player.restore() returned ShadowFang for objId=268462459
[04.05.26 22:46:49:642] INFO instancemanager.StarterPackManager: StarterPack: Bot ShadowFang entered world at -90912,248102,-3568
[04.05.26 22:46:49:642] INFO instancemanager.StarterPackManager: StarterPack: Spawned bot ShadowFang (class=10/HUMAN_MAGE, race=HUMAN, objId=268462459)
[04.05.26 22:46:50:041] INFO instancemanager.StarterPackManager: StarterPack: Attempting to spawn classId=18 name=ShadowEdge
[04.05.26 22:46:50:041] INFO instancemanager.StarterPackManager: StarterPack: classId=18 validated as ELVEN_FIGHTER race=ELF
[04.05.26 22:46:50:048] INFO instancemanager.StarterPackManager: StarterPack: Player.create() returned obj=268462478 for classId=18 name=ShadowEdge
[04.05.26 22:46:50:093] INFO instancemanager.StarterPackManager: StarterPack: initNewChar completed for ShadowEdge result=true
[04.05.26 22:46:50:108] INFO instancemanager.StarterPackManager: StarterPack: Player.restore() returned ShadowEdge for objId=268462478
[04.05.26 22:46:50:121] INFO instancemanager.StarterPackManager: StarterPack: Bot ShadowEdge entered world at 46091,41227,-3504
[04.05.26 22:46:50:121] INFO instancemanager.StarterPackManager: StarterPack: Spawned bot ShadowEdge (class=18/ELVEN_FIGHTER, race=ELF, objId=268462478)
[04.05.26 22:46:50:541] INFO instancemanager.StarterPackManager: StarterPack: Attempting to spawn classId=25 name=ShadowCore
[04.05.26 22:46:50:541] INFO instancemanager.StarterPackManager: StarterPack: classId=25 validated as ELVEN_MAGE race=ELF
[04.05.26 22:46:50:547] INFO instancemanager.StarterPackManager: StarterPack: Player.create() returned obj=268462499 for classId=25 name=ShadowCore
[04.05.26 22:46:50:616] INFO instancemanager.StarterPackManager: StarterPack: initNewChar completed for ShadowCore result=true
[04.05.26 22:46:50:631] INFO instancemanager.StarterPackManager: StarterPack: Player.restore() returned ShadowCore for objId=268462499
[04.05.26 22:46:50:647] INFO instancemanager.StarterPackManager: StarterPack: Bot ShadowCore entered world at 46121,41203,-3504
[04.05.26 22:46:50:647] INFO instancemanager.StarterPackManager: StarterPack: Spawned bot ShadowCore (class=25/ELVEN_MAGE, race=ELF, objId=268462499)
[04.05.26 22:46:51:042] INFO instancemanager.StarterPackManager: StarterPack: Attempting to spawn classId=31 name=ShadowZone
[04.05.26 22:46:51:042] INFO instancemanager.StarterPackManager: StarterPack: classId=31 validated as DARK_FIGHTER race=DARKELF
[04.05.26 22:46:51:047] INFO instancemanager.StarterPackManager: StarterPack: Player.create() returned obj=268462516 for classId=31 name=ShadowZone
[04.05.26 22:46:51:087] INFO instancemanager.StarterPackManager: StarterPack: initNewChar completed for ShadowZone result=true
[04.05.26 22:46:51:103] INFO instancemanager.StarterPackManager: StarterPack: Player.restore() returned ShadowZone for objId=268462516
[04.05.26 22:46:51:117] INFO instancemanager.StarterPackManager: StarterPack: Bot ShadowZone entered world at 28402,10990,-4232
[04.05.26 22:46:51:117] INFO instancemanager.StarterPackManager: StarterPack: Spawned bot ShadowZone (class=31/DARK_FIGHTER, race=DARKELF, objId=268462516)
[04.05.26 22:46:51:540] INFO instancemanager.StarterPackManager: StarterPack: Attempting to spawn classId=38 name=ShadowClaw
[04.05.26 22:46:51:540] INFO instancemanager.StarterPackManager: StarterPack: classId=38 validated as DARK_MAGE race=DARKELF
[04.05.26 22:46:51:547] INFO instancemanager.StarterPackManager: StarterPack: Player.create() returned obj=268462539 for classId=38 name=ShadowClaw
[04.05.26 22:46:51:607] INFO instancemanager.StarterPackManager: StarterPack: initNewChar completed for ShadowClaw result=true
[04.05.26 22:46:51:621] INFO instancemanager.StarterPackManager: StarterPack: Player.restore() returned ShadowClaw for objId=268462539
[04.05.26 22:46:51:632] INFO instancemanager.StarterPackManager: StarterPack: Bot ShadowClaw entered world at 28380,10975,-4232
[04.05.26 22:46:51:632] INFO instancemanager.StarterPackManager: StarterPack: Spawned bot ShadowClaw (class=38/DARK_MAGE, race=DARKELF, objId=268462539)
[04.05.26 22:46:52:041] INFO instancemanager.StarterPackManager: StarterPack: Attempting to spawn classId=44 name=ShadowSoul
[04.05.26 22:46:52:041] INFO instancemanager.StarterPackManager: StarterPack: classId=44 validated as ORC_FIGHTER race=ORC
[04.05.26 22:46:52:047] INFO instancemanager.StarterPackManager: StarterPack: Player.create() returned obj=268462557 for classId=44 name=ShadowSoul
[04.05.26 22:46:52:112] INFO instancemanager.StarterPackManager: StarterPack: initNewChar completed for ShadowSoul result=true
[04.05.26 22:46:52:128] INFO instancemanager.StarterPackManager: StarterPack: Player.restore() returned ShadowSoul for objId=268462557
[04.05.26 22:46:52:142] INFO instancemanager.StarterPackManager: StarterPack: Bot ShadowSoul entered world at -56726,-113601,-672
[04.05.26 22:46:52:142] INFO instancemanager.StarterPackManager: StarterPack: Spawned bot ShadowSoul (class=44/ORC_FIGHTER, race=ORC, objId=268462557)
[04.05.26 22:46:52:541] INFO instancemanager.StarterPackManager: StarterPack: Attempting to spawn classId=49 name=ShadowStar
[04.05.26 22:46:52:541] INFO instancemanager.StarterPackManager: StarterPack: classId=49 validated as ORC_MAGE race=ORC
[04.05.26 22:46:52:546] INFO instancemanager.StarterPackManager: StarterPack: Player.create() returned obj=268462577 for classId=49 name=ShadowStar
[04.05.26 22:46:52:595] INFO instancemanager.StarterPackManager: StarterPack: initNewChar completed for ShadowStar result=true
[04.05.26 22:46:52:611] INFO instancemanager.StarterPackManager: StarterPack: Player.restore() returned ShadowStar for objId=268462577
[04.05.26 22:46:52:625] INFO instancemanager.StarterPackManager: StarterPack: Bot ShadowStar entered world at -56759,-113559,-672
[04.05.26 22:46:52:625] INFO instancemanager.StarterPackManager: StarterPack: Spawned bot ShadowStar (class=49/ORC_MAGE, race=ORC, objId=268462577)
[04.05.26 22:46:53:043] INFO instancemanager.StarterPackManager: StarterPack: Attempting to spawn classId=53 name=ShadowFire
[04.05.26 22:46:53:043] INFO instancemanager.StarterPackManager: StarterPack: classId=53 validated as DWARVEN_FIGHTER race=DWARF
[04.05.26 22:46:53:051] INFO instancemanager.StarterPackManager: StarterPack: Player.create() returned obj=268462595 for classId=53 name=ShadowFire
[04.05.26 22:46:53:107] INFO instancemanager.StarterPackManager: StarterPack: initNewChar completed for ShadowFire result=true
[04.05.26 22:46:53:120] INFO instancemanager.StarterPackManager: StarterPack: Player.restore() returned ShadowFire for objId=268462595
[04.05.26 22:46:53:131] INFO instancemanager.StarterPackManager: StarterPack: Bot ShadowFire entered world at 108622,-174046,-408
[04.05.26 22:46:53:131] INFO instancemanager.StarterPackManager: StarterPack: Spawned bot ShadowFire (class=53/DWARVEN_FIGHTER, race=DWARF, objId=268462595)
[04.05.26 22:46:53:541] INFO instancemanager.StarterPackManager: StarterPack: Attempting to spawn classId=0 name=ShadowWind
[04.05.26 22:46:53:541] INFO instancemanager.StarterPackManager: StarterPack: classId=0 validated as HUMAN_FIGHTER race=HUMAN
[04.05.26 22:46:53:548] INFO instancemanager.StarterPackManager: StarterPack: Player.create() returned obj=268462619 for classId=0 name=ShadowWind
[04.05.26 22:46:53:589] INFO instancemanager.StarterPackManager: StarterPack: initNewChar completed for ShadowWind result=true
[04.05.26 22:46:53:604] INFO instancemanager.StarterPackManager: StarterPack: Player.restore() returned ShadowWind for objId=268462619
[04.05.26 22:46:53:616] INFO instancemanager.StarterPackManager: StarterPack: Bot ShadowWind entered world at -71395,258351,-3104
[04.05.26 22:46:53:616] INFO instancemanager.StarterPackManager: StarterPack: Spawned bot ShadowWind (class=0/HUMAN_FIGHTER, race=HUMAN, objId=268462619)
[04.05.26 22:46:54:040] INFO instancemanager.StarterPackManager: StarterPack: Attempting to spawn classId=10 name=ShadowRage
[04.05.26 22:46:54:040] INFO instancemanager.StarterPackManager: StarterPack: classId=10 validated as HUMAN_MAGE race=HUMAN
[04.05.26 22:46:54:046] INFO instancemanager.StarterPackManager: StarterPack: Player.create() returned obj=268462640 for classId=10 name=ShadowRage
[04.05.26 22:46:54:120] INFO instancemanager.StarterPackManager: StarterPack: initNewChar completed for ShadowRage result=true
[04.05.26 22:46:54:136] INFO instancemanager.StarterPackManager: StarterPack: Player.restore() returned ShadowRage for objId=268462640
[04.05.26 22:46:54:147] INFO instancemanager.StarterPackManager: StarterPack: Bot ShadowRage entered world at -90852,248097,-3568
[04.05.26 22:46:54:148] INFO instancemanager.StarterPackManager: StarterPack: Spawned bot ShadowRage (class=10/HUMAN_MAGE, race=HUMAN, objId=268462640)
[04.05.26 22:46:54:541] INFO instancemanager.StarterPackManager: StarterPack: Attempting to spawn classId=18 name=ShadowHawk
[04.05.26 22:46:54:541] INFO instancemanager.StarterPackManager: StarterPack: classId=18 validated as ELVEN_FIGHTER race=ELF
[04.05.26 22:46:54:547] INFO instancemanager.StarterPackManager: StarterPack: Player.create() returned obj=268462654 for classId=18 name=ShadowHawk
[04.05.26 22:46:54:601] INFO instancemanager.StarterPackManager: StarterPack: initNewChar completed for ShadowHawk result=true
[04.05.26 22:46:54:616] INFO instancemanager.StarterPackManager: StarterPack: Player.restore() returned ShadowHawk for objId=268462654
[04.05.26 22:46:54:629] INFO instancemanager.StarterPackManager: StarterPack: Bot ShadowHawk entered world at 46078,41233,-3504
[04.05.26 22:46:54:629] INFO instancemanager.StarterPackManager: StarterPack: Spawned bot ShadowHawk (class=18/ELVEN_FIGHTER, race=ELF, objId=268462654)
[04.05.26 22:46:55:041] INFO instancemanager.StarterPackManager: StarterPack: Attempting to spawn classId=25 name=ShadowWolf
[04.05.26 22:46:55:041] INFO instancemanager.StarterPackManager: StarterPack: classId=25 validated as ELVEN_MAGE race=ELF
[04.05.26 22:46:55:048] INFO instancemanager.StarterPackManager: StarterPack: Player.create() returned obj=268462676 for classId=25 name=ShadowWolf
[04.05.26 22:46:55:097] INFO instancemanager.StarterPackManager: StarterPack: initNewChar completed for ShadowWolf result=true
[04.05.26 22:46:55:110] INFO instancemanager.StarterPackManager: StarterPack: Player.restore() returned ShadowWolf for objId=268462676
[04.05.26 22:46:55:122] INFO instancemanager.StarterPackManager: StarterPack: Bot ShadowWolf entered world at 46040,41175,-3504
[04.05.26 22:46:55:122] INFO instancemanager.StarterPackManager: StarterPack: Spawned bot ShadowWolf (class=25/ELVEN_MAGE, race=ELF, objId=268462676)
[04.05.26 22:46:55:541] INFO instancemanager.StarterPackManager: StarterPack: Attempting to spawn classId=31 name=ShadowStrike
[04.05.26 22:46:55:541] INFO instancemanager.StarterPackManager: StarterPack: classId=31 validated as DARK_FIGHTER race=DARKELF
[04.05.26 22:46:55:547] INFO instancemanager.StarterPackManager: StarterPack: Player.create() returned obj=268462694 for classId=31 name=ShadowStrike
[04.05.26 22:46:55:586] INFO instancemanager.StarterPackManager: StarterPack: initNewChar completed for ShadowStrike result=true
[04.05.26 22:46:55:600] INFO instancemanager.StarterPackManager: StarterPack: Player.restore() returned ShadowStrike for objId=268462694
[04.05.26 22:46:55:612] INFO instancemanager.StarterPackManager: StarterPack: Bot ShadowStrike entered world at 28339,10982,-4232
[04.05.26 22:46:55:612] INFO instancemanager.StarterPackManager: StarterPack: Spawned bot ShadowStrike (class=31/DARK_FIGHTER, race=DARKELF, objId=268462694)
[04.05.26 22:46:56:040] INFO instancemanager.StarterPackManager: StarterPack: Attempting to spawn classId=38 name=ShadowVeil
[04.05.26 22:46:56:040] INFO instancemanager.StarterPackManager: StarterPack: classId=38 validated as DARK_MAGE race=DARKELF
[04.05.26 22:46:56:046] INFO instancemanager.StarterPackManager: StarterPack: Player.create() returned obj=268462716 for classId=38 name=ShadowVeil
[04.05.26 22:46:56:121] INFO instancemanager.StarterPackManager: StarterPack: initNewChar completed for ShadowVeil result=true
[04.05.26 22:46:56:135] INFO instancemanager.StarterPackManager: StarterPack: Player.restore() returned ShadowVeil for objId=268462716
[04.05.26 22:46:56:146] INFO instancemanager.StarterPackManager: StarterPack: Bot ShadowVeil entered world at 28413,11036,-4232
[04.05.26 22:46:56:146] INFO instancemanager.StarterPackManager: StarterPack: Spawned bot ShadowVeil (class=38/DARK_MAGE, race=DARKELF, objId=268462716)
[04.05.26 22:46:56:541] INFO instancemanager.StarterPackManager: StarterPack: Attempting to spawn classId=44 name=ShadowWisp
[04.05.26 22:46:56:541] INFO instancemanager.StarterPackManager: StarterPack: classId=44 validated as ORC_FIGHTER race=ORC
[04.05.26 22:46:56:545] INFO instancemanager.StarterPackManager: StarterPack: Player.create() returned obj=268462738 for classId=44 name=ShadowWisp
[04.05.26 22:46:56:610] INFO instancemanager.StarterPackManager: StarterPack: initNewChar completed for ShadowWisp result=true
[04.05.26 22:46:56:627] INFO instancemanager.StarterPackManager: StarterPack: Player.restore() returned ShadowWisp for objId=268462738
[04.05.26 22:46:56:641] INFO instancemanager.StarterPackManager: StarterPack: Bot ShadowWisp entered world at -56765,-113619,-672
[04.05.26 22:46:56:641] INFO instancemanager.StarterPackManager: StarterPack: Spawned bot ShadowWisp (class=44/ORC_FIGHTER, race=ORC, objId=268462738)
[04.05.26 22:46:57:040] INFO instancemanager.StarterPackManager: StarterPack: Attempting to spawn classId=49 name=ShadowGloom
[04.05.26 22:46:57:040] INFO instancemanager.StarterPackManager: StarterPack: classId=49 validated as ORC_MAGE race=ORC
[04.05.26 22:46:57:047] INFO instancemanager.StarterPackManager: StarterPack: Player.create() returned obj=268462755 for classId=49 name=ShadowGloom
[04.05.26 22:46:57:095] INFO instancemanager.StarterPackManager: StarterPack: initNewChar completed for ShadowGloom result=true
[04.05.26 22:46:57:110] INFO instancemanager.StarterPackManager: StarterPack: Player.restore() returned ShadowGloom for objId=268462755
[04.05.26 22:46:57:121] INFO instancemanager.StarterPackManager: StarterPack: Bot ShadowGloom entered world at -56709,-113613,-672
[04.05.26 22:46:57:122] INFO instancemanager.StarterPackManager: StarterPack: Spawned bot ShadowGloom (class=49/ORC_MAGE, race=ORC, objId=268462755)
[04.05.26 22:46:57:540] INFO instancemanager.StarterPackManager: StarterPack: Attempting to spawn classId=53 name=ShadowStone
[04.05.26 22:46:57:540] INFO instancemanager.StarterPackManager: StarterPack: classId=53 validated as DWARVEN_FIGHTER race=DWARF
[04.05.26 22:46:57:546] INFO instancemanager.StarterPackManager: StarterPack: Player.create() returned obj=268462775 for classId=53 name=ShadowStone
[04.05.26 22:46:57:591] INFO instancemanager.StarterPackManager: StarterPack: initNewChar completed for ShadowStone result=true
[04.05.26 22:46:57:603] INFO instancemanager.StarterPackManager: StarterPack: Player.restore() returned ShadowStone for objId=268462775
[04.05.26 22:46:57:614] INFO instancemanager.StarterPackManager: StarterPack: Bot ShadowStone entered world at 108552,-173991,-408
[04.05.26 22:46:57:614] INFO instancemanager.StarterPackManager: StarterPack: Spawned bot ShadowStone (class=53/DWARVEN_FIGHTER, race=DWARF, objId=268462775)
[04.05.26 22:46:58:041] INFO instancemanager.StarterPackManager: StarterPack: Attempting to spawn classId=0 name=ShadowCrown
[04.05.26 22:46:58:041] INFO instancemanager.StarterPackManager: StarterPack: classId=0 validated as HUMAN_FIGHTER race=HUMAN
[04.05.26 22:46:58:046] INFO instancemanager.StarterPackManager: StarterPack: Player.create() returned obj=268462804 for classId=0 name=ShadowCrown
[04.05.26 22:46:58:104] INFO instancemanager.StarterPackManager: StarterPack: initNewChar completed for ShadowCrown result=true
[04.05.26 22:46:58:119] INFO instancemanager.StarterPackManager: StarterPack: Player.restore() returned ShadowCrown for objId=268462804
[04.05.26 22:46:58:130] INFO instancemanager.StarterPackManager: StarterPack: Bot ShadowCrown entered world at -71376,258272,-3104
[04.05.26 22:46:58:131] INFO instancemanager.StarterPackManager: StarterPack: Spawned bot ShadowCrown (class=0/HUMAN_FIGHTER, race=HUMAN, objId=268462804)
[04.05.26 22:46:58:540] INFO instancemanager.StarterPackManager: StarterPack: Attempting to spawn classId=10 name=ShadowThorn
[04.05.26 22:46:58:540] INFO instancemanager.StarterPackManager: StarterPack: classId=10 validated as HUMAN_MAGE race=HUMAN
[04.05.26 22:46:58:545] INFO instancemanager.StarterPackManager: StarterPack: Player.create() returned obj=268462825 for classId=10 name=ShadowThorn
[04.05.26 22:46:58:609] INFO instancemanager.StarterPackManager: StarterPack: initNewChar completed for ShadowThorn result=true
[04.05.26 22:46:58:624] INFO instancemanager.StarterPackManager: StarterPack: Player.restore() returned ShadowThorn for objId=268462825
[04.05.26 22:46:58:636] INFO instancemanager.StarterPackManager: StarterPack: Bot ShadowThorn entered world at -90839,248068,-3568
[04.05.26 22:46:58:636] INFO instancemanager.StarterPackManager: StarterPack: Spawned bot ShadowThorn (class=10/HUMAN_MAGE, race=HUMAN, objId=268462825)
[04.05.26 22:46:59:041] INFO instancemanager.StarterPackManager: StarterPack: Attempting to spawn classId=18 name=ShadowSpark
[04.05.26 22:46:59:041] INFO instancemanager.StarterPackManager: StarterPack: classId=18 validated as ELVEN_FIGHTER race=ELF
[04.05.26 22:46:59:049] INFO instancemanager.StarterPackManager: StarterPack: Player.create() returned obj=268462846 for classId=18 name=ShadowSpark
[04.05.26 22:46:59:094] INFO instancemanager.StarterPackManager: StarterPack: initNewChar completed for ShadowSpark result=true
[04.05.26 22:46:59:108] INFO instancemanager.StarterPackManager: StarterPack: Player.restore() returned ShadowSpark for objId=268462846
[04.05.26 22:46:59:120] INFO instancemanager.StarterPackManager: StarterPack: Bot ShadowSpark entered world at 46083,41140,-3504
[04.05.26 22:46:59:120] INFO instancemanager.StarterPackManager: StarterPack: Spawned bot ShadowSpark (class=18/ELVEN_FIGHTER, race=ELF, objId=268462846)
[04.05.26 22:46:59:541] INFO instancemanager.StarterPackManager: StarterPack: Attempting to spawn classId=25 name=ShadowFlash
[04.05.26 22:46:59:541] INFO instancemanager.StarterPackManager: StarterPack: classId=25 validated as ELVEN_MAGE race=ELF
[04.05.26 22:46:59:547] INFO instancemanager.StarterPackManager: StarterPack: Player.create() returned obj=268462865 for classId=25 name=ShadowFlash
[04.05.26 22:46:59:602] INFO instancemanager.StarterPackManager: StarterPack: initNewChar completed for ShadowFlash result=true
[04.05.26 22:46:59:616] INFO instancemanager.StarterPackManager: StarterPack: Player.restore() returned ShadowFlash for objId=268462865
[04.05.26 22:46:59:627] INFO instancemanager.StarterPackManager: StarterPack: Bot ShadowFlash entered world at 46086,41216,-3504
[04.05.26 22:46:59:628] INFO instancemanager.StarterPackManager: StarterPack: Spawned bot ShadowFlash (class=25/ELVEN_MAGE, race=ELF, objId=268462865)
[04.05.26 22:47:00:041] INFO instancemanager.StarterPackManager: StarterPack: Attempting to spawn classId=31 name=ShadowBloom
[04.05.26 22:47:00:041] INFO instancemanager.StarterPackManager: StarterPack: classId=31 validated as DARK_FIGHTER race=DARKELF
[04.05.26 22:47:00:046] INFO instancemanager.StarterPackManager: StarterPack: Player.create() returned obj=268462882 for classId=31 name=ShadowBloom
[04.05.26 22:47:00:102] INFO instancemanager.StarterPackManager: StarterPack: initNewChar completed for ShadowBloom result=true
[04.05.26 22:47:00:118] INFO instancemanager.StarterPackManager: StarterPack: Player.restore() returned ShadowBloom for objId=268462882
[04.05.26 22:47:00:130] INFO instancemanager.StarterPackManager: StarterPack: Bot ShadowBloom entered world at 28412,11048,-4232
[04.05.26 22:47:00:130] INFO instancemanager.StarterPackManager: StarterPack: Spawned bot ShadowBloom (class=31/DARK_FIGHTER, race=DARKELF, objId=268462882)
[04.05.26 22:47:00:541] INFO instancemanager.StarterPackManager: StarterPack: Attempting to spawn classId=38 name=ShadowCreek
[04.05.26 22:47:00:541] INFO instancemanager.StarterPackManager: StarterPack: classId=38 validated as DARK_MAGE race=DARKELF
[04.05.26 22:47:00:546] INFO instancemanager.StarterPackManager: StarterPack: Player.create() returned obj=268462903 for classId=38 name=ShadowCreek
[04.05.26 22:47:00:604] INFO instancemanager.StarterPackManager: StarterPack: initNewChar completed for ShadowCreek result=true
[04.05.26 22:47:00:618] INFO instancemanager.StarterPackManager: StarterPack: Player.restore() returned ShadowCreek for objId=268462903
[04.05.26 22:47:00:630] INFO instancemanager.StarterPackManager: StarterPack: Bot ShadowCreek entered world at 28414,10998,-4232
[04.05.26 22:47:00:630] INFO instancemanager.StarterPackManager: StarterPack: Spawned bot ShadowCreek (class=38/DARK_MAGE, race=DARKELF, objId=268462903)
[04.05.26 22:47:01:041] INFO instancemanager.StarterPackManager: StarterPack: Attempting to spawn classId=44 name=ShadowMarsh
[04.05.26 22:47:01:041] INFO instancemanager.StarterPackManager: StarterPack: classId=44 validated as ORC_FIGHTER race=ORC
[04.05.26 22:47:01:045] INFO instancemanager.StarterPackManager: StarterPack: Player.create() returned obj=268462919 for classId=44 name=ShadowMarsh
[04.05.26 22:47:01:105] INFO instancemanager.StarterPackManager: StarterPack: initNewChar completed for ShadowMarsh result=true
[04.05.26 22:47:01:120] INFO instancemanager.StarterPackManager: StarterPack: Player.restore() returned ShadowMarsh for objId=268462919
[04.05.26 22:47:01:132] INFO instancemanager.StarterPackManager: StarterPack: Bot ShadowMarsh entered world at -56723,-113598,-672
[04.05.26 22:47:01:132] INFO instancemanager.StarterPackManager: StarterPack: Spawned bot ShadowMarsh (class=44/ORC_FIGHTER, race=ORC, objId=268462919)
[04.05.26 22:47:01:541] INFO instancemanager.StarterPackManager: StarterPack: Attempting to spawn classId=49 name=ShadowField
[04.05.26 22:47:01:541] INFO instancemanager.StarterPackManager: StarterPack: classId=49 validated as ORC_MAGE race=ORC
[04.05.26 22:47:01:546] INFO instancemanager.StarterPackManager: StarterPack: Player.create() returned obj=268462942 for classId=49 name=ShadowField
[04.05.26 22:47:01:619] INFO instancemanager.StarterPackManager: StarterPack: initNewChar completed for ShadowField result=true
[04.05.26 22:47:01:634] INFO instancemanager.StarterPackManager: StarterPack: Player.restore() returned ShadowField for objId=268462942
[04.05.26 22:47:01:644] INFO instancemanager.StarterPackManager: StarterPack: Bot ShadowField entered world at -56727,-113566,-672
[04.05.26 22:47:01:645] INFO instancemanager.StarterPackManager: StarterPack: Spawned bot ShadowField (class=49/ORC_MAGE, race=ORC, objId=268462942)
[04.05.26 22:47:02:040] INFO instancemanager.StarterPackManager: StarterPack: Attempting to spawn classId=53 name=ShadowGrove
[04.05.26 22:47:02:040] INFO instancemanager.StarterPackManager: StarterPack: classId=53 validated as DWARVEN_FIGHTER race=DWARF
[04.05.26 22:47:02:046] INFO instancemanager.StarterPackManager: StarterPack: Player.create() returned obj=268462961 for classId=53 name=ShadowGrove
[04.05.26 22:47:02:085] INFO instancemanager.StarterPackManager: StarterPack: initNewChar completed for ShadowGrove result=true
[04.05.26 22:47:02:100] INFO instancemanager.StarterPackManager: StarterPack: Player.restore() returned ShadowGrove for objId=268462961
[04.05.26 22:47:02:110] INFO instancemanager.StarterPackManager: StarterPack: Bot ShadowGrove entered world at 108587,-174077,-408
[04.05.26 22:47:02:110] INFO instancemanager.StarterPackManager: StarterPack: Spawned bot ShadowGrove (class=53/DWARVEN_FIGHTER, race=DWARF, objId=268462961)
[04.05.26 22:47:02:541] INFO instancemanager.StarterPackManager: StarterPack: Attempting to spawn classId=0 name=ShadowCrest
[04.05.26 22:47:02:541] INFO instancemanager.StarterPackManager: StarterPack: classId=0 validated as HUMAN_FIGHTER race=HUMAN
[04.05.26 22:47:02:546] INFO instancemanager.StarterPackManager: StarterPack: Player.create() returned obj=268462983 for classId=0 name=ShadowCrest
[04.05.26 22:47:02:584] INFO instancemanager.StarterPackManager: StarterPack: initNewChar completed for ShadowCrest result=true
[04.05.26 22:47:02:598] INFO instancemanager.StarterPackManager: StarterPack: Player.restore() returned ShadowCrest for objId=268462983
[04.05.26 22:47:02:609] INFO instancemanager.StarterPackManager: StarterPack: Bot ShadowCrest entered world at -71439,258335,-3104
[04.05.26 22:47:02:609] INFO instancemanager.StarterPackManager: StarterPack: Spawned bot ShadowCrest (class=0/HUMAN_FIGHTER, race=HUMAN, objId=268462983)
[04.05.26 22:47:03:042] INFO instancemanager.StarterPackManager: StarterPack: Attempting to spawn classId=10 name=ShadowRidge
[04.05.26 22:47:03:042] INFO instancemanager.StarterPackManager: StarterPack: classId=10 validated as HUMAN_MAGE race=HUMAN
[04.05.26 22:47:03:049] INFO instancemanager.StarterPackManager: StarterPack: Player.create() returned obj=268463002 for classId=10 name=ShadowRidge
[04.05.26 22:47:03:126] INFO instancemanager.StarterPackManager: StarterPack: initNewChar completed for ShadowRidge result=true
[04.05.26 22:47:03:138] INFO instancemanager.StarterPackManager: StarterPack: Player.restore() returned ShadowRidge for objId=268463002
[04.05.26 22:47:03:149] INFO instancemanager.StarterPackManager: StarterPack: Bot ShadowRidge entered world at -90902,248133,-3568
[04.05.26 22:47:03:149] INFO instancemanager.StarterPackManager: StarterPack: Spawned bot ShadowRidge (class=10/HUMAN_MAGE, race=HUMAN, objId=268463002)
[04.05.26 22:47:03:540] INFO instancemanager.StarterPackManager: StarterPack: Attempting to spawn classId=18 name=ShadowDrake
[04.05.26 22:47:03:540] INFO instancemanager.StarterPackManager: StarterPack: classId=18 validated as ELVEN_FIGHTER race=ELF
[04.05.26 22:47:03:547] INFO instancemanager.StarterPackManager: StarterPack: Player.create() returned obj=268463022 for classId=18 name=ShadowDrake
[04.05.26 22:47:03:594] INFO instancemanager.StarterPackManager: StarterPack: initNewChar completed for ShadowDrake result=true
[04.05.26 22:47:03:607] INFO instancemanager.StarterPackManager: StarterPack: Player.restore() returned ShadowDrake for objId=268463022
[04.05.26 22:47:03:619] INFO instancemanager.StarterPackManager: StarterPack: Bot ShadowDrake entered world at 46095,41208,-3504
[04.05.26 22:47:03:620] INFO instancemanager.StarterPackManager: StarterPack: Spawned bot ShadowDrake (class=18/ELVEN_FIGHTER, race=ELF, objId=268463022)
[04.05.26 22:47:04:041] INFO instancemanager.StarterPackManager: StarterPack: Attempting to spawn classId=25 name=ShadowSerpent
[04.05.26 22:47:04:041] INFO instancemanager.StarterPackManager: StarterPack: classId=25 validated as ELVEN_MAGE race=ELF
[04.05.26 22:47:04:047] INFO instancemanager.StarterPackManager: StarterPack: Player.create() returned obj=268463045 for classId=25 name=ShadowSerpent
[04.05.26 22:47:04:116] INFO instancemanager.StarterPackManager: StarterPack: initNewChar completed for ShadowSerpent result=true
[04.05.26 22:47:04:129] INFO instancemanager.StarterPackManager: StarterPack: Player.restore() returned ShadowSerpent for objId=268463045
[04.05.26 22:47:04:142] INFO instancemanager.StarterPackManager: StarterPack: Bot ShadowSerpent entered world at 46076,41162,-3504
[04.05.26 22:47:04:142] INFO instancemanager.StarterPackManager: StarterPack: Spawned bot ShadowSerpent (class=25/ELVEN_MAGE, race=ELF, objId=268463045)
[04.05.26 22:47:04:541] INFO instancemanager.StarterPackManager: StarterPack: Attempting to spawn classId=31 name=NightBlade
[04.05.26 22:47:04:542] INFO instancemanager.StarterPackManager: StarterPack: classId=31 validated as DARK_FIGHTER race=DARKELF
[04.05.26 22:47:04:549] INFO instancemanager.StarterPackManager: StarterPack: Player.create() returned obj=268463064 for classId=31 name=NightBlade
[04.05.26 22:47:04:602] INFO instancemanager.StarterPackManager: StarterPack: initNewChar completed for NightBlade result=true
[04.05.26 22:47:04:616] INFO instancemanager.StarterPackManager: StarterPack: Player.restore() returned NightBlade for objId=268463064
[04.05.26 22:47:04:628] INFO instancemanager.StarterPackManager: StarterPack: Bot NightBlade entered world at 28356,10988,-4232
[04.05.26 22:47:04:628] INFO instancemanager.StarterPackManager: StarterPack: Spawned bot NightBlade (class=31/DARK_FIGHTER, race=DARKELF, objId=268463064)
[04.05.26 22:47:05:040] INFO instancemanager.StarterPackManager: StarterPack: Attempting to spawn classId=38 name=NightFang
[04.05.26 22:47:05:040] INFO instancemanager.StarterPackManager: StarterPack: classId=38 validated as DARK_MAGE race=DARKELF
[04.05.26 22:47:05:045] INFO instancemanager.StarterPackManager: StarterPack: Player.create() returned obj=268463086 for classId=38 name=NightFang
[04.05.26 22:47:05:104] INFO instancemanager.StarterPackManager: StarterPack: initNewChar completed for NightFang result=true
[04.05.26 22:47:05:118] INFO instancemanager.StarterPackManager: StarterPack: Player.restore() returned NightFang for objId=268463086
[04.05.26 22:47:05:131] INFO instancemanager.StarterPackManager: StarterPack: Bot NightFang entered world at 28420,11055,-4232
[04.05.26 22:47:05:131] INFO instancemanager.StarterPackManager: StarterPack: Spawned bot NightFang (class=38/DARK_MAGE, race=DARKELF, objId=268463086)
[04.05.26 22:47:05:540] INFO instancemanager.StarterPackManager: StarterPack: Attempting to spawn classId=44 name=NightEdge
[04.05.26 22:47:05:540] INFO instancemanager.StarterPackManager: StarterPack: classId=44 validated as ORC_FIGHTER race=ORC
[04.05.26 22:47:05:547] INFO instancemanager.StarterPackManager: StarterPack: Player.create() returned obj=268463107 for classId=44 name=NightEdge
[04.05.26 22:47:05:607] INFO instancemanager.StarterPackManager: StarterPack: initNewChar completed for NightEdge result=true
[04.05.26 22:47:05:621] INFO instancemanager.StarterPackManager: StarterPack: Player.restore() returned NightEdge for objId=268463107
[04.05.26 22:47:05:632] INFO instancemanager.StarterPackManager: StarterPack: Bot NightEdge entered world at -56764,-113611,-672
[04.05.26 22:47:05:632] INFO instancemanager.StarterPackManager: StarterPack: Spawned bot NightEdge (class=44/ORC_FIGHTER, race=ORC, objId=268463107)
[04.05.26 22:47:06:040] INFO instancemanager.StarterPackManager: StarterPack: Attempting to spawn classId=49 name=NightCore
[04.05.26 22:47:06:040] INFO instancemanager.StarterPackManager: StarterPack: classId=49 validated as ORC_MAGE race=ORC
[04.05.26 22:47:06:045] INFO instancemanager.StarterPackManager: StarterPack: Player.create() returned obj=268463129 for classId=49 name=NightCore
[04.05.26 22:47:06:098] INFO instancemanager.StarterPackManager: StarterPack: initNewChar completed for NightCore result=true
[04.05.26 22:47:06:112] INFO instancemanager.StarterPackManager: StarterPack: Player.restore() returned NightCore for objId=268463129
[04.05.26 22:47:06:125] INFO instancemanager.StarterPackManager: StarterPack: Bot NightCore entered world at -56685,-113630,-672
[04.05.26 22:47:06:125] INFO instancemanager.StarterPackManager: StarterPack: Spawned bot NightCore (class=49/ORC_MAGE, race=ORC, objId=268463129)
[04.05.26 22:47:06:541] INFO instancemanager.StarterPackManager: StarterPack: Attempting to spawn classId=53 name=NightZone
[04.05.26 22:47:06:541] INFO instancemanager.StarterPackManager: StarterPack: classId=53 validated as DWARVEN_FIGHTER race=DWARF
[04.05.26 22:47:06:546] INFO instancemanager.StarterPackManager: StarterPack: Player.create() returned obj=268463148 for classId=53 name=NightZone
[04.05.26 22:47:06:609] INFO instancemanager.StarterPackManager: StarterPack: initNewChar completed for NightZone result=true
[04.05.26 22:47:06:624] INFO instancemanager.StarterPackManager: StarterPack: Player.restore() returned NightZone for objId=268463148
[04.05.26 22:47:06:636] INFO instancemanager.StarterPackManager: StarterPack: Bot NightZone entered world at 108602,-174033,-408
[04.05.26 22:47:06:637] INFO instancemanager.StarterPackManager: StarterPack: Spawned bot NightZone (class=53/DWARVEN_FIGHTER, race=DWARF, objId=268463148)
[04.05.26 22:47:07:041] INFO instancemanager.StarterPackManager: StarterPack: Attempting to spawn classId=0 name=NightClaw
[04.05.26 22:47:07:041] INFO instancemanager.StarterPackManager: StarterPack: classId=0 validated as HUMAN_FIGHTER race=HUMAN
[04.05.26 22:47:07:047] INFO instancemanager.StarterPackManager: StarterPack: Player.create() returned obj=268463172 for classId=0 name=NightClaw
[04.05.26 22:47:07:085] INFO instancemanager.StarterPackManager: StarterPack: initNewChar completed for NightClaw result=true
[04.05.26 22:47:07:099] INFO instancemanager.StarterPackManager: StarterPack: Player.restore() returned NightClaw for objId=268463172
[04.05.26 22:47:07:110] INFO instancemanager.StarterPackManager: StarterPack: Bot NightClaw entered world at -71394,258281,-3104
[04.05.26 22:47:07:110] INFO instancemanager.StarterPackManager: StarterPack: Spawned bot NightClaw (class=0/HUMAN_FIGHTER, race=HUMAN, objId=268463172)
[04.05.26 22:47:07:541] INFO instancemanager.StarterPackManager: StarterPack: Attempting to spawn classId=10 name=NightSoul
[04.05.26 22:47:07:541] INFO instancemanager.StarterPackManager: StarterPack: classId=10 validated as HUMAN_MAGE race=HUMAN
[04.05.26 22:47:07:546] INFO instancemanager.StarterPackManager: StarterPack: Player.create() returned obj=268463193 for classId=10 name=NightSoul
[04.05.26 22:47:07:604] INFO instancemanager.StarterPackManager: StarterPack: initNewChar completed for NightSoul result=true
[04.05.26 22:47:07:619] INFO instancemanager.StarterPackManager: StarterPack: Player.restore() returned NightSoul for objId=268463193
[04.05.26 22:47:07:631] INFO instancemanager.StarterPackManager: StarterPack: Bot NightSoul entered world at -90894,248065,-3568
[04.05.26 22:47:07:631] INFO instancemanager.StarterPackManager: StarterPack: Spawned bot NightSoul (class=10/HUMAN_MAGE, race=HUMAN, objId=268463193)
[04.05.26 22:47:08:040] INFO instancemanager.StarterPackManager: StarterPack: Attempting to spawn classId=18 name=NightStar
[04.05.26 22:47:08:040] INFO instancemanager.StarterPackManager: StarterPack: classId=18 validated as ELVEN_FIGHTER race=ELF
[04.05.26 22:47:08:047] INFO instancemanager.StarterPackManager: StarterPack: Player.create() returned obj=268463212 for classId=18 name=NightStar
[04.05.26 22:47:08:100] INFO instancemanager.StarterPackManager: StarterPack: initNewChar completed for NightStar result=true
[04.05.26 22:47:08:114] INFO instancemanager.StarterPackManager: StarterPack: Player.restore() returned NightStar for objId=268463212
[04.05.26 22:47:08:125] INFO instancemanager.StarterPackManager: StarterPack: Bot NightStar entered world at 46037,41168,-3504
[04.05.26 22:47:08:125] INFO instancemanager.StarterPackManager: StarterPack: Spawned bot NightStar (class=18/ELVEN_FIGHTER, race=ELF, objId=268463212)
[04.05.26 22:47:08:541] INFO instancemanager.StarterPackManager: StarterPack: Attempting to spawn classId=25 name=NightFire
[04.05.26 22:47:08:541] INFO instancemanager.StarterPackManager: StarterPack: classId=25 validated as ELVEN_MAGE race=ELF
[04.05.26 22:47:08:546] INFO instancemanager.StarterPackManager: StarterPack: Player.create() returned obj=268463237 for classId=25 name=NightFire
[04.05.26 22:47:08:595] INFO instancemanager.StarterPackManager: StarterPack: initNewChar completed for NightFire result=true
[04.05.26 22:47:08:609] INFO instancemanager.StarterPackManager: StarterPack: Player.restore() returned NightFire for objId=268463237
[04.05.26 22:47:08:623] INFO instancemanager.StarterPackManager: StarterPack: Bot NightFire entered world at 46113,41214,-3504
[04.05.26 22:47:08:623] INFO instancemanager.StarterPackManager: StarterPack: Spawned bot NightFire (class=25/ELVEN_MAGE, race=ELF, objId=268463237)
[04.05.26 22:47:09:041] INFO instancemanager.StarterPackManager: StarterPack: Attempting to spawn classId=31 name=NightWind
[04.05.26 22:47:09:041] INFO instancemanager.StarterPackManager: StarterPack: classId=31 validated as DARK_FIGHTER race=DARKELF
[04.05.26 22:47:09:048] INFO instancemanager.StarterPackManager: StarterPack: Player.create() returned obj=268463257 for classId=31 name=NightWind
[04.05.26 22:47:09:109] INFO instancemanager.StarterPackManager: StarterPack: initNewChar completed for NightWind result=true
[04.05.26 22:47:09:121] INFO instancemanager.StarterPackManager: StarterPack: Player.restore() returned NightWind for objId=268463257
[04.05.26 22:47:09:132] INFO instancemanager.StarterPackManager: StarterPack: Bot NightWind entered world at 28430,11033,-4232
[04.05.26 22:47:09:133] INFO instancemanager.StarterPackManager: StarterPack: Spawned bot NightWind (class=31/DARK_FIGHTER, race=DARKELF, objId=268463257)
[04.05.26 22:47:09:540] INFO instancemanager.StarterPackManager: StarterPack: Attempting to spawn classId=38 name=NightRage
[04.05.26 22:47:09:540] INFO instancemanager.StarterPackManager: StarterPack: classId=38 validated as DARK_MAGE race=DARKELF
[04.05.26 22:47:09:547] INFO instancemanager.StarterPackManager: StarterPack: Player.create() returned obj=268463288 for classId=38 name=NightRage
[04.05.26 22:47:09:615] INFO instancemanager.StarterPackManager: StarterPack: initNewChar completed for NightRage result=true
[04.05.26 22:47:09:629] INFO instancemanager.StarterPackManager: StarterPack: Player.restore() returned NightRage for objId=268463288
[04.05.26 22:47:09:639] INFO instancemanager.StarterPackManager: StarterPack: Bot NightRage entered world at 28344,10977,-4232
[04.05.26 22:47:09:640] INFO instancemanager.StarterPackManager: StarterPack: Spawned bot NightRage (class=38/DARK_MAGE, race=DARKELF, objId=268463288)
[04.05.26 22:47:10:041] INFO instancemanager.StarterPackManager: StarterPack: Attempting to spawn classId=44 name=NightHawk
[04.05.26 22:47:10:041] INFO instancemanager.StarterPackManager: StarterPack: classId=44 validated as ORC_FIGHTER race=ORC
[04.05.26 22:47:10:046] INFO instancemanager.StarterPackManager: StarterPack: Player.create() returned obj=268463307 for classId=44 name=NightHawk
[04.05.26 22:47:10:097] INFO instancemanager.StarterPackManager: StarterPack: initNewChar completed for NightHawk result=true
[04.05.26 22:47:10:110] INFO instancemanager.StarterPackManager: StarterPack: Player.restore() returned NightHawk for objId=268463307
[04.05.26 22:47:10:122] INFO instancemanager.StarterPackManager: StarterPack: Bot NightHawk entered world at -56699,-113601,-672
[04.05.26 22:47:10:122] INFO instancemanager.StarterPackManager: StarterPack: Spawned bot NightHawk (class=44/ORC_FIGHTER, race=ORC, objId=268463307)
[04.05.26 22:47:10:541] INFO instancemanager.StarterPackManager: StarterPack: Attempting to spawn classId=49 name=NightWolf
[04.05.26 22:47:10:541] INFO instancemanager.StarterPackManager: StarterPack: classId=49 validated as ORC_MAGE race=ORC
[04.05.26 22:47:10:545] INFO instancemanager.StarterPackManager: StarterPack: Player.create() returned obj=268463330 for classId=49 name=NightWolf
[04.05.26 22:47:10:608] INFO instancemanager.StarterPackManager: StarterPack: initNewChar completed for NightWolf result=true
[04.05.26 22:47:10:621] INFO instancemanager.StarterPackManager: StarterPack: Player.restore() returned NightWolf for objId=268463330
[04.05.26 22:47:10:635] INFO instancemanager.StarterPackManager: StarterPack: Bot NightWolf entered world at -56745,-113598,-672
[04.05.26 22:47:10:635] INFO instancemanager.StarterPackManager: StarterPack: Spawned bot NightWolf (class=49/ORC_MAGE, race=ORC, objId=268463330)
[04.05.26 22:47:11:041] INFO instancemanager.StarterPackManager: StarterPack: Attempting to spawn classId=53 name=NightStrike
[04.05.26 22:47:11:041] INFO instancemanager.StarterPackManager: StarterPack: classId=53 validated as DWARVEN_FIGHTER race=DWARF
[04.05.26 22:47:11:047] INFO instancemanager.StarterPackManager: StarterPack: Player.create() returned obj=268463352 for classId=53 name=NightStrike
[04.05.26 22:47:11:092] INFO instancemanager.StarterPackManager: StarterPack: initNewChar completed for NightStrike result=true
[04.05.26 22:47:11:105] INFO instancemanager.StarterPackManager: StarterPack: Player.restore() returned NightStrike for objId=268463352
[04.05.26 22:47:11:114] INFO instancemanager.StarterPackManager: StarterPack: Bot NightStrike entered world at 108588,-174070,-408
[04.05.26 22:47:11:114] INFO instancemanager.StarterPackManager: StarterPack: Spawned bot NightStrike (class=53/DWARVEN_FIGHTER, race=DWARF, objId=268463352)
[04.05.26 22:47:11:541] INFO instancemanager.StarterPackManager: StarterPack: Attempting to spawn classId=0 name=NightVeil
[04.05.26 22:47:11:541] INFO instancemanager.StarterPackManager: StarterPack: classId=0 validated as HUMAN_FIGHTER race=HUMAN
[04.05.26 22:47:11:547] INFO instancemanager.StarterPackManager: StarterPack: Player.create() returned obj=268463376 for classId=0 name=NightVeil
[04.05.26 22:47:11:585] INFO instancemanager.StarterPackManager: StarterPack: initNewChar completed for NightVeil result=true
[04.05.26 22:47:11:598] INFO instancemanager.StarterPackManager: StarterPack: Player.restore() returned NightVeil for objId=268463376
[04.05.26 22:47:11:607] INFO instancemanager.StarterPackManager: StarterPack: Bot NightVeil entered world at -71440,258307,-3104
[04.05.26 22:47:11:607] INFO instancemanager.StarterPackManager: StarterPack: Spawned bot NightVeil (class=0/HUMAN_FIGHTER, race=HUMAN, objId=268463376)
[04.05.26 22:47:12:042] INFO instancemanager.StarterPackManager: StarterPack: Attempting to spawn classId=10 name=NightWisp
[04.05.26 22:47:12:042] INFO instancemanager.StarterPackManager: StarterPack: classId=10 validated as HUMAN_MAGE race=HUMAN
[04.05.26 22:47:12:048] INFO instancemanager.StarterPackManager: StarterPack: Player.create() returned obj=268463398 for classId=10 name=NightWisp
[04.05.26 22:47:12:124] INFO instancemanager.StarterPackManager: StarterPack: initNewChar completed for NightWisp result=true
[04.05.26 22:47:12:137] INFO instancemanager.StarterPackManager: StarterPack: Player.restore() returned NightWisp for objId=268463398
[04.05.26 22:47:12:148] INFO instancemanager.StarterPackManager: StarterPack: Bot NightWisp entered world at -90902,248116,-3568
[04.05.26 22:47:12:148] INFO instancemanager.StarterPackManager: StarterPack: Spawned bot NightWisp (class=10/HUMAN_MAGE, race=HUMAN, objId=268463398)
[04.05.26 22:47:12:542] INFO instancemanager.StarterPackManager: StarterPack: Attempting to spawn classId=18 name=NightGloom
[04.05.26 22:47:12:542] INFO instancemanager.StarterPackManager: StarterPack: classId=18 validated as ELVEN_FIGHTER race=ELF
[04.05.26 22:47:12:548] INFO instancemanager.StarterPackManager: StarterPack: Player.create() returned obj=268463418 for classId=18 name=NightGloom
[04.05.26 22:47:12:596] INFO instancemanager.StarterPackManager: StarterPack: initNewChar completed for NightGloom result=true
[04.05.26 22:47:12:608] INFO instancemanager.StarterPackManager: StarterPack: Player.restore() returned NightGloom for objId=268463418
[04.05.26 22:47:12:620] INFO instancemanager.StarterPackManager: StarterPack: Bot NightGloom entered world at 46105,41181,-3504
[04.05.26 22:47:12:620] INFO instancemanager.StarterPackManager: StarterPack: Spawned bot NightGloom (class=18/ELVEN_FIGHTER, race=ELF, objId=268463418)
[04.05.26 22:47:13:041] INFO instancemanager.StarterPackManager: StarterPack: Attempting to spawn classId=25 name=NightStone
[04.05.26 22:47:13:041] INFO instancemanager.StarterPackManager: StarterPack: classId=25 validated as ELVEN_MAGE race=ELF
[04.05.26 22:47:13:046] INFO instancemanager.StarterPackManager: StarterPack: Player.create() returned obj=268463441 for classId=25 name=NightStone
[04.05.26 22:47:13:107] INFO instancemanager.StarterPackManager: StarterPack: initNewChar completed for NightStone result=true
[04.05.26 22:47:13:121] INFO instancemanager.StarterPackManager: StarterPack: Player.restore() returned NightStone for objId=268463441
[04.05.26 22:47:13:134] INFO instancemanager.StarterPackManager: StarterPack: Bot NightStone entered world at 46088,41175,-3504
[04.05.26 22:47:13:135] INFO instancemanager.StarterPackManager: StarterPack: Spawned bot NightStone (class=25/ELVEN_MAGE, race=ELF, objId=268463441)
[04.05.26 22:47:13:541] INFO instancemanager.StarterPackManager: StarterPack: Attempting to spawn classId=31 name=NightCrown
[04.05.26 22:47:13:541] INFO instancemanager.StarterPackManager: StarterPack: classId=31 validated as DARK_FIGHTER race=DARKELF
[04.05.26 22:47:13:548] INFO instancemanager.StarterPackManager: StarterPack: Player.create() returned obj=268463462 for classId=31 name=NightCrown
[04.05.26 22:47:13:609] INFO instancemanager.StarterPackManager: StarterPack: initNewChar completed for NightCrown result=true
[04.05.26 22:47:13:623] INFO instancemanager.StarterPackManager: StarterPack: Player.restore() returned NightCrown for objId=268463462
[04.05.26 22:47:13:633] INFO instancemanager.StarterPackManager: StarterPack: Bot NightCrown entered world at 28353,11015,-4232
[04.05.26 22:47:13:633] INFO instancemanager.StarterPackManager: StarterPack: Spawned bot NightCrown (class=31/DARK_FIGHTER, race=DARKELF, objId=268463462)
[04.05.26 22:47:14:040] INFO instancemanager.StarterPackManager: StarterPack: Attempting to spawn classId=38 name=NightThorn
[04.05.26 22:47:14:041] INFO instancemanager.StarterPackManager: StarterPack: classId=38 validated as DARK_MAGE race=DARKELF
[04.05.26 22:47:14:046] INFO instancemanager.StarterPackManager: StarterPack: Player.create() returned obj=268463489 for classId=38 name=NightThorn
[04.05.26 22:47:14:099] INFO instancemanager.StarterPackManager: StarterPack: initNewChar completed for NightThorn result=true
[04.05.26 22:47:14:113] INFO instancemanager.StarterPackManager: StarterPack: Player.restore() returned NightThorn for objId=268463489
[04.05.26 22:47:14:125] INFO instancemanager.StarterPackManager: StarterPack: Bot NightThorn entered world at 28389,11040,-4232
[04.05.26 22:47:14:125] INFO instancemanager.StarterPackManager: StarterPack: Spawned bot NightThorn (class=38/DARK_MAGE, race=DARKELF, objId=268463489)
[04.05.26 22:47:14:542] INFO instancemanager.StarterPackManager: StarterPack: Attempting to spawn classId=44 name=NightSpark
[04.05.26 22:47:14:542] INFO instancemanager.StarterPackManager: StarterPack: classId=44 validated as ORC_FIGHTER race=ORC
[04.05.26 22:47:14:546] INFO instancemanager.StarterPackManager: StarterPack: Player.create() returned obj=268463508 for classId=44 name=NightSpark
[04.05.26 22:47:14:604] INFO instancemanager.StarterPackManager: StarterPack: initNewChar completed for NightSpark result=true
[04.05.26 22:47:14:619] INFO instancemanager.StarterPackManager: StarterPack: Player.restore() returned NightSpark for objId=268463508
[04.05.26 22:47:14:631] INFO instancemanager.StarterPackManager: StarterPack: Bot NightSpark entered world at -56696,-113602,-672
[04.05.26 22:47:14:632] INFO instancemanager.StarterPackManager: StarterPack: Spawned bot NightSpark (class=44/ORC_FIGHTER, race=ORC, objId=268463508)
[04.05.26 22:47:15:041] INFO instancemanager.StarterPackManager: StarterPack: Attempting to spawn classId=49 name=NightFlash
[04.05.26 22:47:15:041] INFO instancemanager.StarterPackManager: StarterPack: classId=49 validated as ORC_MAGE race=ORC
[04.05.26 22:47:15:048] INFO instancemanager.StarterPackManager: StarterPack: Player.create() returned obj=268463530 for classId=49 name=NightFlash
[04.05.26 22:47:15:098] INFO instancemanager.StarterPackManager: StarterPack: initNewChar completed for NightFlash result=true
[04.05.26 22:47:15:111] INFO instancemanager.StarterPackManager: StarterPack: Player.restore() returned NightFlash for objId=268463530
[04.05.26 22:47:15:123] INFO instancemanager.StarterPackManager: StarterPack: Bot NightFlash entered world at -56707,-113629,-672
[04.05.26 22:47:15:123] INFO instancemanager.StarterPackManager: StarterPack: Spawned bot NightFlash (class=49/ORC_MAGE, race=ORC, objId=268463530)
[04.05.26 22:47:15:541] INFO instancemanager.StarterPackManager: StarterPack: Attempting to spawn classId=53 name=NightBloom
[04.05.26 22:47:15:541] INFO instancemanager.StarterPackManager: StarterPack: classId=53 validated as DWARVEN_FIGHTER race=DWARF
[04.05.26 22:47:15:545] INFO instancemanager.StarterPackManager: StarterPack: Player.create() returned obj=268463551 for classId=53 name=NightBloom
[04.05.26 22:47:15:591] INFO instancemanager.StarterPackManager: StarterPack: initNewChar completed for NightBloom result=true
[04.05.26 22:47:15:604] INFO instancemanager.StarterPackManager: StarterPack: Player.restore() returned NightBloom for objId=268463551
[04.05.26 22:47:15:615] INFO instancemanager.StarterPackManager: StarterPack: Bot NightBloom entered world at 108554,-174051,-408
[04.05.26 22:47:15:615] INFO instancemanager.StarterPackManager: StarterPack: Spawned bot NightBloom (class=53/DWARVEN_FIGHTER, race=DWARF, objId=268463551)
[04.05.26 22:47:16:040] INFO instancemanager.StarterPackManager: StarterPack: Attempting to spawn classId=0 name=NightCreek
[04.05.26 22:47:16:040] INFO instancemanager.StarterPackManager: StarterPack: classId=0 validated as HUMAN_FIGHTER race=HUMAN
[04.05.26 22:47:16:047] INFO instancemanager.StarterPackManager: StarterPack: Player.create() returned obj=268463572 for classId=0 name=NightCreek
[04.05.26 22:47:16:104] INFO instancemanager.StarterPackManager: StarterPack: initNewChar completed for NightCreek result=true
[04.05.26 22:47:16:117] INFO instancemanager.StarterPackManager: StarterPack: Player.restore() returned NightCreek for objId=268463572
[04.05.26 22:47:16:126] INFO instancemanager.StarterPackManager: StarterPack: Bot NightCreek entered world at -71398,258294,-3104
[04.05.26 22:47:16:126] INFO instancemanager.StarterPackManager: StarterPack: Spawned bot NightCreek (class=0/HUMAN_FIGHTER, race=HUMAN, objId=268463572)
[04.05.26 22:47:16:542] INFO instancemanager.StarterPackManager: StarterPack: Attempting to spawn classId=10 name=NightMarsh
[04.05.26 22:47:16:542] INFO instancemanager.StarterPackManager: StarterPack: classId=10 validated as HUMAN_MAGE race=HUMAN
[04.05.26 22:47:16:547] INFO instancemanager.StarterPackManager: StarterPack: Player.create() returned obj=268463593 for classId=10 name=NightMarsh
[04.05.26 22:47:16:597] INFO instancemanager.StarterPackManager: StarterPack: initNewChar completed for NightMarsh result=true
[04.05.26 22:47:16:609] INFO instancemanager.StarterPackManager: StarterPack: Player.restore() returned NightMarsh for objId=268463593
[04.05.26 22:47:16:620] INFO instancemanager.StarterPackManager: StarterPack: Bot NightMarsh entered world at -90902,248059,-3568
[04.05.26 22:47:16:620] INFO instancemanager.StarterPackManager: StarterPack: Spawned bot NightMarsh (class=10/HUMAN_MAGE, race=HUMAN, objId=268463593)
[04.05.26 22:47:17:041] INFO instancemanager.StarterPackManager: StarterPack: Attempting to spawn classId=18 name=NightField
[04.05.26 22:47:17:041] INFO instancemanager.StarterPackManager: StarterPack: classId=18 validated as ELVEN_FIGHTER race=ELF
[04.05.26 22:47:17:046] INFO instancemanager.StarterPackManager: StarterPack: Player.create() returned obj=268463612 for classId=18 name=NightField
[04.05.26 22:47:17:109] INFO instancemanager.StarterPackManager: StarterPack: initNewChar completed for NightField result=true
[04.05.26 22:47:17:124] INFO instancemanager.StarterPackManager: StarterPack: Player.restore() returned NightField for objId=268463612
[04.05.26 22:47:17:134] INFO instancemanager.StarterPackManager: StarterPack: Bot NightField entered world at 46044,41200,-3504
[04.05.26 22:47:17:134] INFO instancemanager.StarterPackManager: StarterPack: Spawned bot NightField (class=18/ELVEN_FIGHTER, race=ELF, objId=268463612)
[04.05.26 22:47:17:542] INFO instancemanager.StarterPackManager: StarterPack: Attempting to spawn classId=25 name=NightGrove
[04.05.26 22:47:17:542] INFO instancemanager.StarterPackManager: StarterPack: classId=25 validated as ELVEN_MAGE race=ELF
[04.05.26 22:47:17:549] INFO instancemanager.StarterPackManager: StarterPack: Player.create() returned obj=268463635 for classId=25 name=NightGrove
[04.05.26 22:47:17:605] INFO instancemanager.StarterPackManager: StarterPack: initNewChar completed for NightGrove result=true
[04.05.26 22:47:17:617] INFO instancemanager.StarterPackManager: StarterPack: Player.restore() returned NightGrove for objId=268463635
[04.05.26 22:47:17:627] INFO instancemanager.StarterPackManager: StarterPack: Bot NightGrove entered world at 46062,41158,-3504
[04.05.26 22:47:17:627] INFO instancemanager.StarterPackManager: StarterPack: Spawned bot NightGrove (class=25/ELVEN_MAGE, race=ELF, objId=268463635)
[04.05.26 22:47:18:041] INFO instancemanager.StarterPackManager: StarterPack: Attempting to spawn classId=31 name=NightCrest
[04.05.26 22:47:18:041] INFO instancemanager.StarterPackManager: StarterPack: classId=31 validated as DARK_FIGHTER race=DARKELF
[04.05.26 22:47:18:046] INFO instancemanager.StarterPackManager: StarterPack: Player.create() returned obj=268463655 for classId=31 name=NightCrest
[04.05.26 22:47:18:104] INFO instancemanager.StarterPackManager: StarterPack: initNewChar completed for NightCrest result=true
[04.05.26 22:47:18:118] INFO instancemanager.StarterPackManager: StarterPack: Player.restore() returned NightCrest for objId=268463655
[04.05.26 22:47:18:130] INFO instancemanager.StarterPackManager: StarterPack: Bot NightCrest entered world at 28420,11004,-4232
[04.05.26 22:47:18:130] INFO instancemanager.StarterPackManager: StarterPack: Spawned bot NightCrest (class=31/DARK_FIGHTER, race=DARKELF, objId=268463655)
[04.05.26 22:47:18:541] INFO instancemanager.StarterPackManager: StarterPack: Attempting to spawn classId=38 name=NightRidge
[04.05.26 22:47:18:541] INFO instancemanager.StarterPackManager: StarterPack: classId=38 validated as DARK_MAGE race=DARKELF
[04.05.26 22:47:18:548] INFO instancemanager.StarterPackManager: StarterPack: Player.create() returned obj=268463676 for classId=38 name=NightRidge
[04.05.26 22:47:18:609] INFO instancemanager.StarterPackManager: StarterPack: initNewChar completed for NightRidge result=true
[04.05.26 22:47:18:621] INFO instancemanager.StarterPackManager: StarterPack: Player.restore() returned NightRidge for objId=268463676
[04.05.26 22:47:18:631] INFO instancemanager.StarterPackManager: StarterPack: Bot NightRidge entered world at 28408,11000,-4232
[04.05.26 22:47:18:631] INFO instancemanager.StarterPackManager: StarterPack: Spawned bot NightRidge (class=38/DARK_MAGE, race=DARKELF, objId=268463676)
[04.05.26 22:47:19:041] INFO instancemanager.StarterPackManager: StarterPack: Attempting to spawn classId=44 name=NightDrake
[04.05.26 22:47:19:041] INFO instancemanager.StarterPackManager: StarterPack: classId=44 validated as ORC_FIGHTER race=ORC
[04.05.26 22:47:19:046] INFO instancemanager.StarterPackManager: StarterPack: Player.create() returned obj=268463700 for classId=44 name=NightDrake
[04.05.26 22:47:19:099] INFO instancemanager.StarterPackManager: StarterPack: initNewChar completed for NightDrake result=true
[04.05.26 22:47:19:113] INFO instancemanager.StarterPackManager: StarterPack: Player.restore() returned NightDrake for objId=268463700
[04.05.26 22:47:19:126] INFO instancemanager.StarterPackManager: StarterPack: Bot NightDrake entered world at -56748,-113630,-672
[04.05.26 22:47:19:126] INFO instancemanager.StarterPackManager: StarterPack: Spawned bot NightDrake (class=44/ORC_FIGHTER, race=ORC, objId=268463700)
[04.05.26 22:47:19:541] INFO instancemanager.StarterPackManager: StarterPack: Attempting to spawn classId=49 name=NightSerpent
[04.05.26 22:47:19:541] INFO instancemanager.StarterPackManager: StarterPack: classId=49 validated as ORC_MAGE race=ORC
[04.05.26 22:47:19:548] INFO instancemanager.StarterPackManager: StarterPack: Player.create() returned obj=268463732 for classId=49 name=NightSerpent
[04.05.26 22:47:19:607] INFO instancemanager.StarterPackManager: StarterPack: initNewChar completed for NightSerpent result=true
[04.05.26 22:47:19:619] INFO instancemanager.StarterPackManager: StarterPack: Player.restore() returned NightSerpent for objId=268463732
[04.05.26 22:47:19:629] INFO instancemanager.StarterPackManager: StarterPack: Bot NightSerpent entered world at -56665,-113617,-672
[04.05.26 22:47:19:629] INFO instancemanager.StarterPackManager: StarterPack: Spawned bot NightSerpent (class=49/ORC_MAGE, race=ORC, objId=268463732)
[04.05.26 22:47:20:041] INFO instancemanager.StarterPackManager: StarterPack: Attempting to spawn classId=53 name=DarkBlade
[04.05.26 22:47:20:041] INFO instancemanager.StarterPackManager: StarterPack: classId=53 validated as DWARVEN_FIGHTER race=DWARF
[04.05.26 22:47:20:045] INFO instancemanager.StarterPackManager: StarterPack: Player.create() returned obj=268463752 for classId=53 name=DarkBlade
[04.05.26 22:47:20:099] INFO instancemanager.StarterPackManager: StarterPack: initNewChar completed for DarkBlade result=true
[04.05.26 22:47:20:112] INFO instancemanager.StarterPackManager: StarterPack: Player.restore() returned DarkBlade for objId=268463752
[04.05.26 22:47:20:124] INFO instancemanager.StarterPackManager: StarterPack: Bot DarkBlade entered world at 108633,-174055,-408
[04.05.26 22:47:20:124] INFO instancemanager.StarterPackManager: StarterPack: Spawned bot DarkBlade (class=53/DWARVEN_FIGHTER, race=DWARF, objId=268463752)
[04.05.26 22:47:20:542] INFO instancemanager.StarterPackManager: StarterPack: Attempting to spawn classId=0 name=DarkFang
[04.05.26 22:47:20:542] INFO instancemanager.StarterPackManager: StarterPack: classId=0 validated as HUMAN_FIGHTER race=HUMAN
[04.05.26 22:47:20:551] INFO instancemanager.StarterPackManager: StarterPack: Player.create() returned obj=268463776 for classId=0 name=DarkFang
[04.05.26 22:47:20:628] INFO instancemanager.StarterPackManager: StarterPack: initNewChar completed for DarkFang result=true
[04.05.26 22:47:20:641] INFO instancemanager.StarterPackManager: StarterPack: Player.restore() returned DarkFang for objId=268463776
[04.05.26 22:47:20:657] INFO instancemanager.StarterPackManager: StarterPack: Bot DarkFang entered world at -71419,258316,-3104
[04.05.26 22:47:20:657] INFO instancemanager.StarterPackManager: StarterPack: Spawned bot DarkFang (class=0/HUMAN_FIGHTER, race=HUMAN, objId=268463776)
[04.05.26 22:47:21:041] INFO instancemanager.StarterPackManager: StarterPack: Attempting to spawn classId=10 name=DarkEdge
[04.05.26 22:47:21:041] INFO instancemanager.StarterPackManager: StarterPack: classId=10 validated as HUMAN_MAGE race=HUMAN
[04.05.26 22:47:21:046] INFO instancemanager.StarterPackManager: StarterPack: Player.create() returned obj=268463799 for classId=10 name=DarkEdge
[04.05.26 22:47:21:119] INFO instancemanager.StarterPackManager: StarterPack: initNewChar completed for DarkEdge result=true
[04.05.26 22:47:21:133] INFO instancemanager.StarterPackManager: StarterPack: Player.restore() returned DarkEdge for objId=268463799
[04.05.26 22:47:21:148] INFO instancemanager.StarterPackManager: StarterPack: Bot DarkEdge entered world at -90894,248058,-3568
[04.05.26 22:47:21:148] INFO instancemanager.StarterPackManager: StarterPack: Spawned bot DarkEdge (class=10/HUMAN_MAGE, race=HUMAN, objId=268463799)
[04.05.26 22:47:21:541] INFO instancemanager.StarterPackManager: StarterPack: Attempting to spawn classId=18 name=DarkCore
[04.05.26 22:47:21:541] INFO instancemanager.StarterPackManager: StarterPack: classId=18 validated as ELVEN_FIGHTER race=ELF
[04.05.26 22:47:21:546] INFO instancemanager.StarterPackManager: StarterPack: Player.create() returned obj=268463815 for classId=18 name=DarkCore
[04.05.26 22:47:21:592] INFO instancemanager.StarterPackManager: StarterPack: initNewChar completed for DarkCore result=true
[04.05.26 22:47:21:605] INFO instancemanager.StarterPackManager: StarterPack: Player.restore() returned DarkCore for objId=268463815
[04.05.26 22:47:21:616] INFO instancemanager.StarterPackManager: StarterPack: Bot DarkCore entered world at 46048,41224,-3504
[04.05.26 22:47:21:616] INFO instancemanager.StarterPackManager: StarterPack: Spawned bot DarkCore (class=18/ELVEN_FIGHTER, race=ELF, objId=268463815)
[04.05.26 22:47:22:042] INFO instancemanager.StarterPackManager: StarterPack: Attempting to spawn classId=25 name=DarkZone
[04.05.26 22:47:22:042] INFO instancemanager.StarterPackManager: StarterPack: classId=25 validated as ELVEN_MAGE race=ELF
[04.05.26 22:47:22:046] INFO instancemanager.StarterPackManager: StarterPack: Player.create() returned obj=268463837 for classId=25 name=DarkZone
[04.05.26 22:47:22:113] INFO instancemanager.StarterPackManager: StarterPack: initNewChar completed for DarkZone result=true
[04.05.26 22:47:22:127] INFO instancemanager.StarterPackManager: StarterPack: Player.restore() returned DarkZone for objId=268463837
[04.05.26 22:47:22:138] INFO instancemanager.StarterPackManager: StarterPack: Bot DarkZone entered world at 46047,41155,-3504
[04.05.26 22:47:22:139] INFO instancemanager.StarterPackManager: StarterPack: Spawned bot DarkZone (class=25/ELVEN_MAGE, race=ELF, objId=268463837)
[04.05.26 22:47:22:542] INFO instancemanager.StarterPackManager: StarterPack: Attempting to spawn classId=31 name=DarkClaw
[04.05.26 22:47:22:542] INFO instancemanager.StarterPackManager: StarterPack: classId=31 validated as DARK_FIGHTER race=DARKELF
[04.05.26 22:47:22:549] INFO instancemanager.StarterPackManager: StarterPack: Player.create() returned obj=268463862 for classId=31 name=DarkClaw
[04.05.26 22:47:22:605] INFO instancemanager.StarterPackManager: StarterPack: initNewChar completed for DarkClaw result=true
[04.05.26 22:47:22:619] INFO instancemanager.StarterPackManager: StarterPack: Player.restore() returned DarkClaw for objId=268463862
[04.05.26 22:47:22:629] INFO instancemanager.StarterPackManager: StarterPack: Bot DarkClaw entered world at 28379,10998,-4232
[04.05.26 22:47:22:629] INFO instancemanager.StarterPackManager: StarterPack: Spawned bot DarkClaw (class=31/DARK_FIGHTER, race=DARKELF, objId=268463862)
[04.05.26 22:47:23:040] INFO instancemanager.StarterPackManager: StarterPack: Attempting to spawn classId=38 name=DarkSoul
[04.05.26 22:47:23:040] INFO instancemanager.StarterPackManager: StarterPack: classId=38 validated as DARK_MAGE race=DARKELF
[04.05.26 22:47:23:045] INFO instancemanager.StarterPackManager: StarterPack: Player.create() returned obj=268463884 for classId=38 name=DarkSoul
[04.05.26 22:47:23:097] INFO instancemanager.StarterPackManager: StarterPack: initNewChar completed for DarkSoul result=true
[04.05.26 22:47:23:111] INFO instancemanager.StarterPackManager: StarterPack: Player.restore() returned DarkSoul for objId=268463884
[04.05.26 22:47:23:123] INFO instancemanager.StarterPackManager: StarterPack: Bot DarkSoul entered world at 28346,11035,-4232
[04.05.26 22:47:23:123] INFO instancemanager.StarterPackManager: StarterPack: Spawned bot DarkSoul (class=38/DARK_MAGE, race=DARKELF, objId=268463884)
[04.05.26 22:47:23:541] INFO instancemanager.StarterPackManager: StarterPack: Attempting to spawn classId=44 name=DarkStar
[04.05.26 22:47:23:541] INFO instancemanager.StarterPackManager: StarterPack: classId=44 validated as ORC_FIGHTER race=ORC
[04.05.26 22:47:23:545] INFO instancemanager.StarterPackManager: StarterPack: Player.create() returned obj=268463906 for classId=44 name=DarkStar
[04.05.26 22:47:23:607] INFO instancemanager.StarterPackManager: StarterPack: initNewChar completed for DarkStar result=true
[04.05.26 22:47:23:620] INFO instancemanager.StarterPackManager: StarterPack: Player.restore() returned DarkStar for objId=268463906
[04.05.26 22:47:23:632] INFO instancemanager.StarterPackManager: StarterPack: Bot DarkStar entered world at -56738,-113616,-672
[04.05.26 22:47:23:632] INFO instancemanager.StarterPackManager: StarterPack: Spawned bot DarkStar (class=44/ORC_FIGHTER, race=ORC, objId=268463906)
[04.05.26 22:47:24:041] INFO instancemanager.StarterPackManager: StarterPack: Attempting to spawn classId=49 name=DarkFire
[04.05.26 22:47:24:042] INFO instancemanager.StarterPackManager: StarterPack: classId=49 validated as ORC_MAGE race=ORC
[04.05.26 22:47:24:049] INFO instancemanager.StarterPackManager: StarterPack: Player.create() returned obj=268463929 for classId=49 name=DarkFire
[04.05.26 22:47:24:095] INFO instancemanager.StarterPackManager: StarterPack: initNewChar completed for DarkFire result=true
[04.05.26 22:47:24:109] INFO instancemanager.StarterPackManager: StarterPack: Player.restore() returned DarkFire for objId=268463929
[04.05.26 22:47:24:118] INFO instancemanager.StarterPackManager: StarterPack: Bot DarkFire entered world at -56668,-113644,-672
[04.05.26 22:47:24:118] INFO instancemanager.StarterPackManager: StarterPack: Spawned bot DarkFire (class=49/ORC_MAGE, race=ORC, objId=268463929)
[04.05.26 22:47:24:541] INFO instancemanager.StarterPackManager: StarterPack: Attempting to spawn classId=53 name=DarkWind
[04.05.26 22:47:24:541] INFO instancemanager.StarterPackManager: StarterPack: classId=53 validated as DWARVEN_FIGHTER race=DWARF
[04.05.26 22:47:24:547] INFO instancemanager.StarterPackManager: StarterPack: Player.create() returned obj=268463951 for classId=53 name=DarkWind
[04.05.26 22:47:24:593] INFO instancemanager.StarterPackManager: StarterPack: initNewChar completed for DarkWind result=true
[04.05.26 22:47:24:606] INFO instancemanager.StarterPackManager: StarterPack: Player.restore() returned DarkWind for objId=268463951
[04.05.26 22:47:24:618] INFO instancemanager.StarterPackManager: StarterPack: Bot DarkWind entered world at 108575,-174070,-408
[04.05.26 22:47:24:618] INFO instancemanager.StarterPackManager: StarterPack: Spawned bot DarkWind (class=53/DWARVEN_FIGHTER, race=DWARF, objId=268463951)
[04.05.26 22:47:25:041] INFO instancemanager.StarterPackManager: StarterPack: Attempting to spawn classId=0 name=DarkRage
[04.05.26 22:47:25:041] INFO instancemanager.StarterPackManager: StarterPack: classId=0 validated as HUMAN_FIGHTER race=HUMAN
[04.05.26 22:47:25:048] INFO instancemanager.StarterPackManager: StarterPack: Player.create() returned obj=268463971 for classId=0 name=DarkRage
[04.05.26 22:47:25:096] INFO instancemanager.StarterPackManager: StarterPack: initNewChar completed for DarkRage result=true
[04.05.26 22:47:25:109] INFO instancemanager.StarterPackManager: StarterPack: Player.restore() returned DarkRage for objId=268463971
[04.05.26 22:47:25:118] INFO instancemanager.StarterPackManager: StarterPack: Bot DarkRage entered world at -71385,258296,-3104
[04.05.26 22:47:25:118] INFO instancemanager.StarterPackManager: StarterPack: Spawned bot DarkRage (class=0/HUMAN_FIGHTER, race=HUMAN, objId=268463971)
[04.05.26 22:47:25:541] INFO instancemanager.StarterPackManager: StarterPack: Attempting to spawn classId=10 name=DarkHawk
[04.05.26 22:47:25:541] INFO instancemanager.StarterPackManager: StarterPack: classId=10 validated as HUMAN_MAGE race=HUMAN
[04.05.26 22:47:25:547] INFO instancemanager.StarterPackManager: StarterPack: Player.create() returned obj=268463997 for classId=10 name=DarkHawk
[04.05.26 22:47:25:594] INFO instancemanager.StarterPackManager: StarterPack: initNewChar completed for DarkHawk result=true
[04.05.26 22:47:25:606] INFO instancemanager.StarterPackManager: StarterPack: Player.restore() returned DarkHawk for objId=268463997
[04.05.26 22:47:25:617] INFO instancemanager.StarterPackManager: StarterPack: Bot DarkHawk entered world at -90873,248045,-3568
[04.05.26 22:47:25:617] INFO instancemanager.StarterPackManager: StarterPack: Spawned bot DarkHawk (class=10/HUMAN_MAGE, race=HUMAN, objId=268463997)
[04.05.26 22:47:26:041] INFO instancemanager.StarterPackManager: StarterPack: Attempting to spawn classId=18 name=DarkWolf
[04.05.26 22:47:26:041] INFO instancemanager.StarterPackManager: StarterPack: classId=18 validated as ELVEN_FIGHTER race=ELF
[04.05.26 22:47:26:047] INFO instancemanager.StarterPackManager: StarterPack: Player.create() returned obj=268464021 for classId=18 name=DarkWolf
[04.05.26 22:47:26:109] INFO instancemanager.StarterPackManager: StarterPack: initNewChar completed for DarkWolf result=true
[04.05.26 22:47:26:122] INFO instancemanager.StarterPackManager: StarterPack: Player.restore() returned DarkWolf for objId=268464021
[04.05.26 22:47:26:134] INFO instancemanager.StarterPackManager: StarterPack: Bot DarkWolf entered world at 46115,41175,-3504
[04.05.26 22:47:26:134] INFO instancemanager.StarterPackManager: StarterPack: Spawned bot DarkWolf (class=18/ELVEN_FIGHTER, race=ELF, objId=268464021)
[04.05.26 22:47:26:541] INFO instancemanager.StarterPackManager: StarterPack: Attempting to spawn classId=25 name=DarkStrike
[04.05.26 22:47:26:541] INFO instancemanager.StarterPackManager: StarterPack: classId=25 validated as ELVEN_MAGE race=ELF
[04.05.26 22:47:26:548] INFO instancemanager.StarterPackManager: StarterPack: Player.create() returned obj=268464043 for classId=25 name=DarkStrike
[04.05.26 22:47:26:613] INFO instancemanager.StarterPackManager: StarterPack: initNewChar completed for DarkStrike result=true
[04.05.26 22:47:26:627] INFO instancemanager.StarterPackManager: StarterPack: Player.restore() returned DarkStrike for objId=268464043
[04.05.26 22:47:26:636] INFO instancemanager.StarterPackManager: StarterPack: Bot DarkStrike entered world at 46083,41178,-3504
[04.05.26 22:47:26:636] INFO instancemanager.StarterPackManager: StarterPack: Spawned bot DarkStrike (class=25/ELVEN_MAGE, race=ELF, objId=268464043)
[04.05.26 22:47:27:043] INFO instancemanager.StarterPackManager: StarterPack: Attempting to spawn classId=31 name=DarkVeil
[04.05.26 22:47:27:043] INFO instancemanager.StarterPackManager: StarterPack: classId=31 validated as DARK_FIGHTER race=DARKELF
[04.05.26 22:47:27:048] INFO instancemanager.StarterPackManager: StarterPack: Player.create() returned obj=268464065 for classId=31 name=DarkVeil
[04.05.26 22:47:27:092] INFO instancemanager.StarterPackManager: StarterPack: initNewChar completed for DarkVeil result=true
[04.05.26 22:47:27:105] INFO instancemanager.StarterPackManager: StarterPack: Player.restore() returned DarkVeil for objId=268464065
[04.05.26 22:47:27:115] INFO instancemanager.StarterPackManager: StarterPack: Bot DarkVeil entered world at 28335,11046,-4232
[04.05.26 22:47:27:116] INFO instancemanager.StarterPackManager: StarterPack: Spawned bot DarkVeil (class=31/DARK_FIGHTER, race=DARKELF, objId=268464065)
[04.05.26 22:47:27:541] INFO instancemanager.StarterPackManager: StarterPack: Attempting to spawn classId=38 name=DarkWisp
[04.05.26 22:47:27:541] INFO instancemanager.StarterPackManager: StarterPack: classId=38 validated as DARK_MAGE race=DARKELF
[04.05.26 22:47:27:545] INFO instancemanager.StarterPackManager: StarterPack: Player.create() returned obj=268464088 for classId=38 name=DarkWisp
[04.05.26 22:47:27:607] INFO instancemanager.StarterPackManager: StarterPack: initNewChar completed for DarkWisp result=true
[04.05.26 22:47:27:620] INFO instancemanager.StarterPackManager: StarterPack: Player.restore() returned DarkWisp for objId=268464088
[04.05.26 22:47:27:632] INFO instancemanager.StarterPackManager: StarterPack: Bot DarkWisp entered world at 28427,11035,-4232
[04.05.26 22:47:27:632] INFO instancemanager.StarterPackManager: StarterPack: Spawned bot DarkWisp (class=38/DARK_MAGE, race=DARKELF, objId=268464088)
[04.05.26 22:47:28:041] INFO instancemanager.StarterPackManager: StarterPack: Attempting to spawn classId=44 name=DarkGloom
[04.05.26 22:47:28:041] INFO instancemanager.StarterPackManager: StarterPack: classId=44 validated as ORC_FIGHTER race=ORC
[04.05.26 22:47:28:048] INFO instancemanager.StarterPackManager: StarterPack: Player.create() returned obj=268464104 for classId=44 name=DarkGloom
[04.05.26 22:47:28:095] INFO instancemanager.StarterPackManager: StarterPack: initNewChar completed for DarkGloom result=true
[04.05.26 22:47:28:108] INFO instancemanager.StarterPackManager: StarterPack: Player.restore() returned DarkGloom for objId=268464104
[04.05.26 22:47:28:118] INFO instancemanager.StarterPackManager: StarterPack: Bot DarkGloom entered world at -56666,-113575,-672
[04.05.26 22:47:28:118] INFO instancemanager.StarterPackManager: StarterPack: Spawned bot DarkGloom (class=44/ORC_FIGHTER, race=ORC, objId=268464104)
[04.05.26 22:47:28:541] INFO instancemanager.StarterPackManager: StarterPack: Attempting to spawn classId=49 name=DarkStone
[04.05.26 22:47:28:541] INFO instancemanager.StarterPackManager: StarterPack: classId=49 validated as ORC_MAGE race=ORC
[04.05.26 22:47:28:548] INFO instancemanager.StarterPackManager: StarterPack: Player.create() returned obj=268464132 for classId=49 name=DarkStone
[04.05.26 22:47:28:598] INFO instancemanager.StarterPackManager: StarterPack: initNewChar completed for DarkStone result=true
[04.05.26 22:47:28:610] INFO instancemanager.StarterPackManager: StarterPack: Player.restore() returned DarkStone for objId=268464132
[04.05.26 22:47:28:619] INFO instancemanager.StarterPackManager: StarterPack: Bot DarkStone entered world at -56762,-113645,-672
[04.05.26 22:47:28:619] INFO instancemanager.StarterPackManager: StarterPack: Spawned bot DarkStone (class=49/ORC_MAGE, race=ORC, objId=268464132)
[04.05.26 22:47:29:041] INFO instancemanager.StarterPackManager: StarterPack: Attempting to spawn classId=53 name=DarkCrown
[04.05.26 22:47:29:041] INFO instancemanager.StarterPackManager: StarterPack: classId=53 validated as DWARVEN_FIGHTER race=DWARF
[04.05.26 22:47:29:046] INFO instancemanager.StarterPackManager: StarterPack: Player.create() returned obj=268464155 for classId=53 name=DarkCrown
[04.05.26 22:47:29:108] INFO instancemanager.StarterPackManager: StarterPack: initNewChar completed for DarkCrown result=true
[04.05.26 22:47:29:123] INFO instancemanager.StarterPackManager: StarterPack: Player.restore() returned DarkCrown for objId=268464155
[04.05.26 22:47:29:134] INFO instancemanager.StarterPackManager: StarterPack: Bot DarkCrown entered world at 108626,-174076,-272
[04.05.26 22:47:29:135] INFO instancemanager.StarterPackManager: StarterPack: Spawned bot DarkCrown (class=53/DWARVEN_FIGHTER, race=DWARF, objId=268464155)
[04.05.26 22:47:29:541] INFO instancemanager.StarterPackManager: StarterPack: Attempting to spawn classId=0 name=DarkThorn
[04.05.26 22:47:29:541] INFO instancemanager.StarterPackManager: StarterPack: classId=0 validated as HUMAN_FIGHTER race=HUMAN
[04.05.26 22:47:29:548] INFO instancemanager.StarterPackManager: StarterPack: Player.create() returned obj=268464178 for classId=0 name=DarkThorn
[04.05.26 22:47:29:604] INFO instancemanager.StarterPackManager: StarterPack: initNewChar completed for DarkThorn result=true
[04.05.26 22:47:29:618] INFO instancemanager.StarterPackManager: StarterPack: Player.restore() returned DarkThorn for objId=268464178
[04.05.26 22:47:29:627] INFO instancemanager.StarterPackManager: StarterPack: Bot DarkThorn entered world at -71365,258279,-3104
[04.05.26 22:47:29:627] INFO instancemanager.StarterPackManager: StarterPack: Spawned bot DarkThorn (class=0/HUMAN_FIGHTER, race=HUMAN, objId=268464178)
[04.05.26 22:47:30:041] INFO instancemanager.StarterPackManager: StarterPack: Attempting to spawn classId=10 name=DarkSpark
[04.05.26 22:47:30:041] INFO instancemanager.StarterPackManager: StarterPack: classId=10 validated as HUMAN_MAGE race=HUMAN
[04.05.26 22:47:30:045] INFO instancemanager.StarterPackManager: StarterPack: Player.create() returned obj=268464199 for classId=10 name=DarkSpark
[04.05.26 22:47:30:100] INFO instancemanager.StarterPackManager: StarterPack: initNewChar completed for DarkSpark result=true
[04.05.26 22:47:30:114] INFO instancemanager.StarterPackManager: StarterPack: Player.restore() returned DarkSpark for objId=268464199
[04.05.26 22:47:30:126] INFO instancemanager.StarterPackManager: StarterPack: Bot DarkSpark entered world at -90865,248096,-3568
[04.05.26 22:47:30:126] INFO instancemanager.StarterPackManager: StarterPack: Spawned bot DarkSpark (class=10/HUMAN_MAGE, race=HUMAN, objId=268464199)
[04.05.26 22:47:30:542] INFO instancemanager.StarterPackManager: StarterPack: Attempting to spawn classId=18 name=DarkFlash
[04.05.26 22:47:30:543] INFO instancemanager.StarterPackManager: StarterPack: classId=18 validated as ELVEN_FIGHTER race=ELF
[04.05.26 22:47:30:548] INFO instancemanager.StarterPackManager: StarterPack: Player.create() returned obj=268464215 for classId=18 name=DarkFlash
[04.05.26 22:47:30:608] INFO instancemanager.StarterPackManager: StarterPack: initNewChar completed for DarkFlash result=true
[04.05.26 22:47:30:622] INFO instancemanager.StarterPackManager: StarterPack: Player.restore() returned DarkFlash for objId=268464215
[04.05.26 22:47:30:634] INFO instancemanager.StarterPackManager: StarterPack: Bot DarkFlash entered world at 46062,41213,-3504
[04.05.26 22:47:30:635] INFO instancemanager.StarterPackManager: StarterPack: Spawned bot DarkFlash (class=18/ELVEN_FIGHTER, race=ELF, objId=268464215)
[04.05.26 22:47:31:042] INFO instancemanager.StarterPackManager: StarterPack: Attempting to spawn classId=25 name=DarkBloom
[04.05.26 22:47:31:042] INFO instancemanager.StarterPackManager: StarterPack: classId=25 validated as ELVEN_MAGE race=ELF
[04.05.26 22:47:31:046] INFO instancemanager.StarterPackManager: StarterPack: Player.create() returned obj=268464240 for classId=25 name=DarkBloom
[04.05.26 22:47:31:093] INFO instancemanager.StarterPackManager: StarterPack: initNewChar completed for DarkBloom result=true
[04.05.26 22:47:31:107] INFO instancemanager.StarterPackManager: StarterPack: Player.restore() returned DarkBloom for objId=268464240
[04.05.26 22:47:31:119] INFO instancemanager.StarterPackManager: StarterPack: Bot DarkBloom entered world at 46107,41181,-3504
[04.05.26 22:47:31:119] INFO instancemanager.StarterPackManager: StarterPack: Spawned bot DarkBloom (class=25/ELVEN_MAGE, race=ELF, objId=268464240)
[04.05.26 22:47:31:542] INFO instancemanager.StarterPackManager: StarterPack: Attempting to spawn classId=31 name=DarkCreek
[04.05.26 22:47:31:542] INFO instancemanager.StarterPackManager: StarterPack: classId=31 validated as DARK_FIGHTER race=DARKELF
[04.05.26 22:47:31:546] INFO instancemanager.StarterPackManager: StarterPack: Player.create() returned obj=268464267 for classId=31 name=DarkCreek
[04.05.26 22:47:31:598] INFO instancemanager.StarterPackManager: StarterPack: initNewChar completed for DarkCreek result=true
[04.05.26 22:47:31:613] INFO instancemanager.StarterPackManager: StarterPack: Player.restore() returned DarkCreek for objId=268464267
[04.05.26 22:47:31:624] INFO instancemanager.StarterPackManager: StarterPack: Bot DarkCreek entered world at 28408,11007,-4232
[04.05.26 22:47:31:624] INFO instancemanager.StarterPackManager: StarterPack: Spawned bot DarkCreek (class=31/DARK_FIGHTER, race=DARKELF, objId=268464267)
[04.05.26 22:47:32:041] INFO instancemanager.StarterPackManager: StarterPack: Attempting to spawn classId=38 name=DarkMarsh
[04.05.26 22:47:32:041] INFO instancemanager.StarterPackManager: StarterPack: classId=38 validated as DARK_MAGE race=DARKELF
[04.05.26 22:47:32:048] INFO instancemanager.StarterPackManager: StarterPack: Player.create() returned obj=268464294 for classId=38 name=DarkMarsh
[04.05.26 22:47:32:104] INFO instancemanager.StarterPackManager: StarterPack: initNewChar completed for DarkMarsh result=true
[04.05.26 22:47:32:117] INFO instancemanager.StarterPackManager: StarterPack: Player.restore() returned DarkMarsh for objId=268464294
[04.05.26 22:47:32:126] INFO instancemanager.StarterPackManager: StarterPack: Bot DarkMarsh entered world at 28407,10996,-4232
[04.05.26 22:47:32:127] INFO instancemanager.StarterPackManager: StarterPack: Spawned bot DarkMarsh (class=38/DARK_MAGE, race=DARKELF, objId=268464294)
[04.05.26 22:47:32:541] INFO instancemanager.StarterPackManager: StarterPack: Attempting to spawn classId=44 name=DarkField
[04.05.26 22:47:32:541] INFO instancemanager.StarterPackManager: StarterPack: classId=44 validated as ORC_FIGHTER race=ORC
[04.05.26 22:47:32:546] INFO instancemanager.StarterPackManager: StarterPack: Player.create() returned obj=268464317 for classId=44 name=DarkField
[04.05.26 22:47:32:586] INFO instancemanager.StarterPackManager: StarterPack: initNewChar completed for DarkField result=true
[04.05.26 22:47:32:598] INFO instancemanager.StarterPackManager: StarterPack: Player.restore() returned DarkField for objId=268464317
[04.05.26 22:47:32:608] INFO instancemanager.StarterPackManager: StarterPack: Bot DarkField entered world at -56691,-113607,-672
[04.05.26 22:47:32:609] INFO instancemanager.StarterPackManager: StarterPack: Spawned bot DarkField (class=44/ORC_FIGHTER, race=ORC, objId=268464317)
[04.05.26 22:47:33:041] INFO instancemanager.StarterPackManager: StarterPack: Attempting to spawn classId=49 name=DarkGrove
[04.05.26 22:47:33:041] INFO instancemanager.StarterPackManager: StarterPack: classId=49 validated as ORC_MAGE race=ORC
[04.05.26 22:47:33:048] INFO instancemanager.StarterPackManager: StarterPack: Player.create() returned obj=268464339 for classId=49 name=DarkGrove
[04.05.26 22:47:33:123] INFO instancemanager.StarterPackManager: StarterPack: initNewChar completed for DarkGrove result=true
[04.05.26 22:47:33:136] INFO instancemanager.StarterPackManager: StarterPack: Player.restore() returned DarkGrove for objId=268464339
[04.05.26 22:47:33:146] INFO instancemanager.StarterPackManager: StarterPack: Bot DarkGrove entered world at -56670,-113565,-672
[04.05.26 22:47:33:146] INFO instancemanager.StarterPackManager: StarterPack: Spawned bot DarkGrove (class=49/ORC_MAGE, race=ORC, objId=268464339)
[04.05.26 22:47:33:541] INFO instancemanager.StarterPackManager: StarterPack: Attempting to spawn classId=53 name=DarkCrest
[04.05.26 22:47:33:541] INFO instancemanager.StarterPackManager: StarterPack: classId=53 validated as DWARVEN_FIGHTER race=DWARF
[04.05.26 22:47:33:548] INFO instancemanager.StarterPackManager: StarterPack: Player.create() returned obj=268464362 for classId=53 name=DarkCrest
[04.05.26 22:47:33:599] INFO instancemanager.StarterPackManager: StarterPack: initNewChar completed for DarkCrest result=true
[04.05.26 22:47:33:612] INFO instancemanager.StarterPackManager: StarterPack: Player.restore() returned DarkCrest for objId=268464362
[04.05.26 22:47:33:621] INFO instancemanager.StarterPackManager: StarterPack: Bot DarkCrest entered world at 108624,-174084,-272
[04.05.26 22:47:33:622] INFO instancemanager.StarterPackManager: StarterPack: Spawned bot DarkCrest (class=53/DWARVEN_FIGHTER, race=DWARF, objId=268464362)
[04.05.26 22:47:34:040] INFO instancemanager.StarterPackManager: StarterPack: Attempting to spawn classId=0 name=DarkRidge
[04.05.26 22:47:34:040] INFO instancemanager.StarterPackManager: StarterPack: classId=0 validated as HUMAN_FIGHTER race=HUMAN
[04.05.26 22:47:34:045] INFO instancemanager.StarterPackManager: StarterPack: Player.create() returned obj=268464382 for classId=0 name=DarkRidge
[04.05.26 22:47:34:094] INFO instancemanager.StarterPackManager: StarterPack: initNewChar completed for DarkRidge result=true
[04.05.26 22:47:34:107] INFO instancemanager.StarterPackManager: StarterPack: Player.restore() returned DarkRidge for objId=268464382
[04.05.26 22:47:34:119] INFO instancemanager.StarterPackManager: StarterPack: Bot DarkRidge entered world at -71431,258352,-3104
[04.05.26 22:47:34:120] INFO instancemanager.StarterPackManager: StarterPack: Spawned bot DarkRidge (class=0/HUMAN_FIGHTER, race=HUMAN, objId=268464382)
[04.05.26 22:47:34:541] INFO instancemanager.StarterPackManager: StarterPack: Attempting to spawn classId=10 name=DarkDrake
[04.05.26 22:47:34:541] INFO instancemanager.StarterPackManager: StarterPack: classId=10 validated as HUMAN_MAGE race=HUMAN
[04.05.26 22:47:34:548] INFO instancemanager.StarterPackManager: StarterPack: Player.create() returned obj=268464407 for classId=10 name=DarkDrake
[04.05.26 22:47:34:592] INFO instancemanager.StarterPackManager: StarterPack: initNewChar completed for DarkDrake result=true
[04.05.26 22:47:34:605] INFO instancemanager.StarterPackManager: StarterPack: Player.restore() returned DarkDrake for objId=268464407
[04.05.26 22:47:34:616] INFO instancemanager.StarterPackManager: StarterPack: Bot DarkDrake entered world at -90870,248123,-3568
[04.05.26 22:47:34:617] INFO instancemanager.StarterPackManager: StarterPack: Spawned bot DarkDrake (class=10/HUMAN_MAGE, race=HUMAN, objId=268464407)
[04.05.26 22:47:35:040] INFO instancemanager.StarterPackManager: StarterPack: Attempting to spawn classId=18 name=DarkSerpent
[04.05.26 22:47:35:040] INFO instancemanager.StarterPackManager: StarterPack: classId=18 validated as ELVEN_FIGHTER race=ELF
[04.05.26 22:47:35:047] INFO instancemanager.StarterPackManager: StarterPack: Player.create() returned obj=268464427 for classId=18 name=DarkSerpent
[04.05.26 22:47:35:109] INFO instancemanager.StarterPackManager: StarterPack: initNewChar completed for DarkSerpent result=true
[04.05.26 22:47:35:122] INFO instancemanager.StarterPackManager: StarterPack: Player.restore() returned DarkSerpent for objId=268464427
[04.05.26 22:47:35:134] INFO instancemanager.StarterPackManager: StarterPack: Bot DarkSerpent entered world at 46111,41140,-3504
[04.05.26 22:47:35:134] INFO instancemanager.StarterPackManager: StarterPack: Spawned bot DarkSerpent (class=18/ELVEN_FIGHTER, race=ELF, objId=268464427)
[04.05.26 22:47:35:541] INFO instancemanager.StarterPackManager: StarterPack: Attempting to spawn classId=25 name=IronBlade
[04.05.26 22:47:35:541] INFO instancemanager.StarterPackManager: StarterPack: classId=25 validated as ELVEN_MAGE race=ELF
[04.05.26 22:47:35:546] INFO instancemanager.StarterPackManager: StarterPack: Player.create() returned obj=268464452 for classId=25 name=IronBlade
[04.05.26 22:47:35:607] INFO instancemanager.StarterPackManager: StarterPack: initNewChar completed for IronBlade result=true
[04.05.26 22:47:35:620] INFO instancemanager.StarterPackManager: StarterPack: Player.restore() returned IronBlade for objId=268464452
[04.05.26 22:47:35:631] INFO instancemanager.StarterPackManager: StarterPack: Bot IronBlade entered world at 46065,41176,-3504
[04.05.26 22:47:35:631] INFO instancemanager.StarterPackManager: StarterPack: Spawned bot IronBlade (class=25/ELVEN_MAGE, race=ELF, objId=268464452)
[04.05.26 22:47:36:040] INFO instancemanager.StarterPackManager: StarterPack: Attempting to spawn classId=31 name=IronFang
[04.05.26 22:47:36:040] INFO instancemanager.StarterPackManager: StarterPack: classId=31 validated as DARK_FIGHTER race=DARKELF
[04.05.26 22:47:36:049] INFO instancemanager.StarterPackManager: StarterPack: Player.create() returned obj=268464476 for classId=31 name=IronFang
[04.05.26 22:47:36:099] INFO instancemanager.StarterPackManager: StarterPack: initNewChar completed for IronFang result=true
[04.05.26 22:47:36:114] INFO instancemanager.StarterPackManager: StarterPack: Player.restore() returned IronFang for objId=268464476
[04.05.26 22:47:36:125] INFO instancemanager.StarterPackManager: StarterPack: Bot IronFang entered world at 28401,11036,-4232
[04.05.26 22:47:36:125] INFO instancemanager.StarterPackManager: StarterPack: Spawned bot IronFang (class=31/DARK_FIGHTER, race=DARKELF, objId=268464476)
[04.05.26 22:47:36:541] INFO instancemanager.StarterPackManager: StarterPack: Attempting to spawn classId=38 name=IronEdge
[04.05.26 22:47:36:541] INFO instancemanager.StarterPackManager: StarterPack: classId=38 validated as DARK_MAGE race=DARKELF
[04.05.26 22:47:36:552] INFO instancemanager.StarterPackManager: StarterPack: Player.create() returned obj=268464506 for classId=38 name=IronEdge
[04.05.26 22:47:36:620] INFO instancemanager.StarterPackManager: StarterPack: initNewChar completed for IronEdge result=true
[04.05.26 22:47:36:633] INFO instancemanager.StarterPackManager: StarterPack: Player.restore() returned IronEdge for objId=268464506
[04.05.26 22:47:36:642] INFO instancemanager.StarterPackManager: StarterPack: Bot IronEdge entered world at 28358,11011,-4232
[04.05.26 22:47:36:642] INFO instancemanager.StarterPackManager: StarterPack: Spawned bot IronEdge (class=38/DARK_MAGE, race=DARKELF, objId=268464506)
[04.05.26 22:47:37:041] INFO instancemanager.StarterPackManager: StarterPack: Attempting to spawn classId=44 name=IronCore
[04.05.26 22:47:37:041] INFO instancemanager.StarterPackManager: StarterPack: classId=44 validated as ORC_FIGHTER race=ORC
[04.05.26 22:47:37:046] INFO instancemanager.StarterPackManager: StarterPack: Player.create() returned obj=268464532 for classId=44 name=IronCore
[04.05.26 22:47:37:089] INFO instancemanager.StarterPackManager: StarterPack: initNewChar completed for IronCore result=true
[04.05.26 22:47:37:103] INFO instancemanager.StarterPackManager: StarterPack: Player.restore() returned IronCore for objId=268464532
[04.05.26 22:47:37:114] INFO instancemanager.StarterPackManager: StarterPack: Bot IronCore entered world at -56691,-113554,-672
[04.05.26 22:47:37:115] INFO instancemanager.StarterPackManager: StarterPack: Spawned bot IronCore (class=44/ORC_FIGHTER, race=ORC, objId=268464532)
[04.05.26 22:47:37:542] INFO instancemanager.StarterPackManager: StarterPack: Attempting to spawn classId=49 name=IronZone
[04.05.26 22:47:37:542] INFO instancemanager.StarterPackManager: StarterPack: classId=49 validated as ORC_MAGE race=ORC
[04.05.26 22:47:37:546] INFO instancemanager.StarterPackManager: StarterPack: Player.create() returned obj=268464555 for classId=49 name=IronZone
[04.05.26 22:47:37:615] INFO instancemanager.StarterPackManager: StarterPack: initNewChar completed for IronZone result=true
[04.05.26 22:47:37:630] INFO instancemanager.StarterPackManager: StarterPack: Player.restore() returned IronZone for objId=268464555
[04.05.26 22:47:37:642] INFO instancemanager.StarterPackManager: StarterPack: Bot IronZone entered world at -56718,-113648,-672
[04.05.26 22:47:37:642] INFO instancemanager.StarterPackManager: StarterPack: Spawned bot IronZone (class=49/ORC_MAGE, race=ORC, objId=268464555)
[04.05.26 22:47:38:042] INFO instancemanager.StarterPackManager: StarterPack: Attempting to spawn classId=53 name=IronClaw
[04.05.26 22:47:38:042] INFO instancemanager.StarterPackManager: StarterPack: classId=53 validated as DWARVEN_FIGHTER race=DWARF
[04.05.26 22:47:38:046] INFO instancemanager.StarterPackManager: StarterPack: Player.create() returned obj=268464570 for classId=53 name=IronClaw
[04.05.26 22:47:38:086] INFO instancemanager.StarterPackManager: StarterPack: initNewChar completed for IronClaw result=true
[04.05.26 22:47:38:098] INFO instancemanager.StarterPackManager: StarterPack: Player.restore() returned IronClaw for objId=268464570
[04.05.26 22:47:38:108] INFO instancemanager.StarterPackManager: StarterPack: Bot IronClaw entered world at 108610,-174058,-408
[04.05.26 22:47:38:108] INFO instancemanager.StarterPackManager: StarterPack: Spawned bot IronClaw (class=53/DWARVEN_FIGHTER, race=DWARF, objId=268464570)
[04.05.26 22:47:38:541] INFO instancemanager.StarterPackManager: StarterPack: Attempting to spawn classId=0 name=IronSoul
[04.05.26 22:47:38:541] INFO instancemanager.StarterPackManager: StarterPack: classId=0 validated as HUMAN_FIGHTER race=HUMAN
[04.05.26 22:47:38:546] INFO instancemanager.StarterPackManager: StarterPack: Player.create() returned obj=268464594 for classId=0 name=IronSoul
[04.05.26 22:47:38:592] INFO instancemanager.StarterPackManager: StarterPack: initNewChar completed for IronSoul result=true
[04.05.26 22:47:38:604] INFO instancemanager.StarterPackManager: StarterPack: Player.restore() returned IronSoul for objId=268464594
[04.05.26 22:47:38:616] INFO instancemanager.StarterPackManager: StarterPack: Bot IronSoul entered world at -71403,258353,-3080
[04.05.26 22:47:38:616] INFO instancemanager.StarterPackManager: StarterPack: Spawned bot IronSoul (class=0/HUMAN_FIGHTER, race=HUMAN, objId=268464594)
[04.05.26 22:47:39:041] INFO instancemanager.StarterPackManager: StarterPack: Attempting to spawn classId=10 name=IronStar
[04.05.26 22:47:39:041] INFO instancemanager.StarterPackManager: StarterPack: classId=10 validated as HUMAN_MAGE race=HUMAN
[04.05.26 22:47:39:048] INFO instancemanager.StarterPackManager: StarterPack: Player.create() returned obj=268464622 for classId=10 name=IronStar
[04.05.26 22:47:39:110] INFO instancemanager.StarterPackManager: StarterPack: initNewChar completed for IronStar result=true
[04.05.26 22:47:39:124] INFO instancemanager.StarterPackManager: StarterPack: Player.restore() returned IronStar for objId=268464622
[04.05.26 22:47:39:133] INFO instancemanager.StarterPackManager: StarterPack: Bot IronStar entered world at -90846,248056,-3568
[04.05.26 22:47:39:133] INFO instancemanager.StarterPackManager: StarterPack: Spawned bot IronStar (class=10/HUMAN_MAGE, race=HUMAN, objId=268464622)
[04.05.26 22:47:39:540] INFO instancemanager.StarterPackManager: StarterPack: Attempting to spawn classId=18 name=IronFire
[04.05.26 22:47:39:540] INFO instancemanager.StarterPackManager: StarterPack: classId=18 validated as ELVEN_FIGHTER race=ELF
[04.05.26 22:47:39:546] INFO instancemanager.StarterPackManager: StarterPack: Player.create() returned obj=268464645 for classId=18 name=IronFire
[04.05.26 22:47:39:584] INFO instancemanager.StarterPackManager: StarterPack: initNewChar completed for IronFire result=true
[04.05.26 22:47:39:598] INFO instancemanager.StarterPackManager: StarterPack: Player.restore() returned IronFire for objId=268464645
[04.05.26 22:47:39:608] INFO instancemanager.StarterPackManager: StarterPack: Bot IronFire entered world at 46101,41174,-3504
[04.05.26 22:47:39:608] INFO instancemanager.StarterPackManager: StarterPack: Spawned bot IronFire (class=18/ELVEN_FIGHTER, race=ELF, objId=268464645)
[04.05.26 22:47:40:042] INFO instancemanager.StarterPackManager: StarterPack: Attempting to spawn classId=25 name=IronWind
[04.05.26 22:47:40:042] INFO instancemanager.StarterPackManager: StarterPack: classId=25 validated as ELVEN_MAGE race=ELF
[04.05.26 22:47:40:048] INFO instancemanager.StarterPackManager: StarterPack: Player.create() returned obj=268464671 for classId=25 name=IronWind
[04.05.26 22:47:40:121] INFO instancemanager.StarterPackManager: StarterPack: initNewChar completed for IronWind result=true
[04.05.26 22:47:40:134] INFO instancemanager.StarterPackManager: StarterPack: Player.restore() returned IronWind for objId=268464671
[04.05.26 22:47:40:144] INFO instancemanager.StarterPackManager: StarterPack: Bot IronWind entered world at 46125,41198,-3504
[04.05.26 22:47:40:144] INFO instancemanager.StarterPackManager: StarterPack: Spawned bot IronWind (class=25/ELVEN_MAGE, race=ELF, objId=268464671)
[04.05.26 22:47:40:541] INFO instancemanager.StarterPackManager: StarterPack: Attempting to spawn classId=31 name=IronRage
[04.05.26 22:47:40:541] INFO instancemanager.StarterPackManager: StarterPack: classId=31 validated as DARK_FIGHTER race=DARKELF
[04.05.26 22:47:40:547] INFO instancemanager.StarterPackManager: StarterPack: Player.create() returned obj=268464693 for classId=31 name=IronRage
[04.05.26 22:47:40:592] INFO instancemanager.StarterPackManager: StarterPack: initNewChar completed for IronRage result=true
[04.05.26 22:47:40:604] INFO instancemanager.StarterPackManager: StarterPack: Player.restore() returned IronRage for objId=268464693
[04.05.26 22:47:40:615] INFO instancemanager.StarterPackManager: StarterPack: Bot IronRage entered world at 28360,10978,-4232
[04.05.26 22:47:40:615] INFO instancemanager.StarterPackManager: StarterPack: Spawned bot IronRage (class=31/DARK_FIGHTER, race=DARKELF, objId=268464693)
[04.05.26 22:47:41:042] INFO instancemanager.StarterPackManager: StarterPack: Attempting to spawn classId=38 name=IronHawk
[04.05.26 22:47:41:042] INFO instancemanager.StarterPackManager: StarterPack: classId=38 validated as DARK_MAGE race=DARKELF
[04.05.26 22:47:41:046] INFO instancemanager.StarterPackManager: StarterPack: Player.create() returned obj=268464716 for classId=38 name=IronHawk
[04.05.26 22:47:41:113] INFO instancemanager.StarterPackManager: StarterPack: initNewChar completed for IronHawk result=true
[04.05.26 22:47:41:127] INFO instancemanager.StarterPackManager: StarterPack: Player.restore() returned IronHawk for objId=268464716
[04.05.26 22:47:41:139] INFO instancemanager.StarterPackManager: StarterPack: Bot IronHawk entered world at 28348,11016,-4232
[04.05.26 22:47:41:139] INFO instancemanager.StarterPackManager: StarterPack: Spawned bot IronHawk (class=38/DARK_MAGE, race=DARKELF, objId=268464716)
[04.05.26 22:47:41:541] INFO instancemanager.StarterPackManager: StarterPack: Attempting to spawn classId=44 name=IronWolf
[04.05.26 22:47:41:541] INFO instancemanager.StarterPackManager: StarterPack: classId=44 validated as ORC_FIGHTER race=ORC
[04.05.26 22:47:41:548] INFO instancemanager.StarterPackManager: StarterPack: Player.create() returned obj=268464738 for classId=44 name=IronWolf
[04.05.26 22:47:41:605] INFO instancemanager.StarterPackManager: StarterPack: initNewChar completed for IronWolf result=true
[04.05.26 22:47:41:617] INFO instancemanager.StarterPackManager: StarterPack: Player.restore() returned IronWolf for objId=268464738
[04.05.26 22:47:41:628] INFO instancemanager.StarterPackManager: StarterPack: Bot IronWolf entered world at -56753,-113589,-672
[04.05.26 22:47:41:628] INFO instancemanager.StarterPackManager: StarterPack: Spawned bot IronWolf (class=44/ORC_FIGHTER, race=ORC, objId=268464738)
[04.05.26 22:47:42:041] INFO instancemanager.StarterPackManager: StarterPack: Attempting to spawn classId=49 name=IronStrike
[04.05.26 22:47:42:041] INFO instancemanager.StarterPackManager: StarterPack: classId=49 validated as ORC_MAGE race=ORC
[04.05.26 22:47:42:046] INFO instancemanager.StarterPackManager: StarterPack: Player.create() returned obj=268464760 for classId=49 name=IronStrike
[04.05.26 22:47:42:097] INFO instancemanager.StarterPackManager: StarterPack: initNewChar completed for IronStrike result=true
[04.05.26 22:47:42:111] INFO instancemanager.StarterPackManager: StarterPack: Player.restore() returned IronStrike for objId=268464760
[04.05.26 22:47:42:123] INFO instancemanager.StarterPackManager: StarterPack: Bot IronStrike entered world at -56691,-113644,-672
[04.05.26 22:47:42:123] INFO instancemanager.StarterPackManager: StarterPack: Spawned bot IronStrike (class=49/ORC_MAGE, race=ORC, objId=268464760)
[04.05.26 22:47:42:542] INFO instancemanager.StarterPackManager: StarterPack: Attempting to spawn classId=53 name=IronVeil
[04.05.26 22:47:42:542] INFO instancemanager.StarterPackManager: StarterPack: classId=53 validated as DWARVEN_FIGHTER race=DWARF
[04.05.26 22:47:42:547] INFO instancemanager.StarterPackManager: StarterPack: Player.create() returned obj=268464782 for classId=53 name=IronVeil
[04.05.26 22:47:42:599] INFO instancemanager.StarterPackManager: StarterPack: initNewChar completed for IronVeil result=true
[04.05.26 22:47:42:615] INFO instancemanager.StarterPackManager: StarterPack: Player.restore() returned IronVeil for objId=268464782
[04.05.26 22:47:42:625] INFO instancemanager.StarterPackManager: StarterPack: Bot IronVeil entered world at 108615,-174003,-408
[04.05.26 22:47:42:626] INFO instancemanager.StarterPackManager: StarterPack: Spawned bot IronVeil (class=53/DWARVEN_FIGHTER, race=DWARF, objId=268464782)
[04.05.26 22:47:43:042] INFO instancemanager.StarterPackManager: StarterPack: Attempting to spawn classId=0 name=IronWisp
[04.05.26 22:47:43:042] INFO instancemanager.StarterPackManager: StarterPack: classId=0 validated as HUMAN_FIGHTER race=HUMAN
[04.05.26 22:47:43:049] INFO instancemanager.StarterPackManager: StarterPack: Player.create() returned obj=268464803 for classId=0 name=IronWisp
[04.05.26 22:47:43:097] INFO instancemanager.StarterPackManager: StarterPack: initNewChar completed for IronWisp result=true
[04.05.26 22:47:43:110] INFO instancemanager.StarterPackManager: StarterPack: Player.restore() returned IronWisp for objId=268464803
[04.05.26 22:47:43:120] INFO instancemanager.StarterPackManager: StarterPack: Bot IronWisp entered world at -71426,258336,-3104
[04.05.26 22:47:43:120] INFO instancemanager.StarterPackManager: StarterPack: Spawned bot IronWisp (class=0/HUMAN_FIGHTER, race=HUMAN, objId=268464803)
[04.05.26 22:47:43:541] INFO instancemanager.StarterPackManager: StarterPack: Attempting to spawn classId=10 name=IronGloom
[04.05.26 22:47:43:541] INFO instancemanager.StarterPackManager: StarterPack: classId=10 validated as HUMAN_MAGE race=HUMAN
[04.05.26 22:47:43:548] INFO instancemanager.StarterPackManager: StarterPack: Player.create() returned obj=268464828 for classId=10 name=IronGloom
[04.05.26 22:47:43:600] INFO instancemanager.StarterPackManager: StarterPack: initNewChar completed for IronGloom result=true
[04.05.26 22:47:43:613] INFO instancemanager.StarterPackManager: StarterPack: Player.restore() returned IronGloom for objId=268464828
[04.05.26 22:47:43:622] INFO instancemanager.StarterPackManager: StarterPack: Bot IronGloom entered world at -90848,248092,-3568
[04.05.26 22:47:43:622] INFO instancemanager.StarterPackManager: StarterPack: Spawned bot IronGloom (class=10/HUMAN_MAGE, race=HUMAN, objId=268464828)
[04.05.26 22:47:44:042] INFO instancemanager.StarterPackManager: StarterPack: Attempting to spawn classId=18 name=IronStone
[04.05.26 22:47:44:042] INFO instancemanager.StarterPackManager: StarterPack: classId=18 validated as ELVEN_FIGHTER race=ELF
[04.05.26 22:47:44:050] INFO instancemanager.StarterPackManager: StarterPack: Player.create() returned obj=268464849 for classId=18 name=IronStone
[04.05.26 22:47:44:110] INFO instancemanager.StarterPackManager: StarterPack: initNewChar completed for IronStone result=true
[04.05.26 22:47:44:124] INFO instancemanager.StarterPackManager: StarterPack: Player.restore() returned IronStone for objId=268464849
[04.05.26 22:47:44:136] INFO instancemanager.StarterPackManager: StarterPack: Bot IronStone entered world at 46065,41192,-3504
[04.05.26 22:47:44:136] INFO instancemanager.StarterPackManager: StarterPack: Spawned bot IronStone (class=18/ELVEN_FIGHTER, race=ELF, objId=268464849)
[04.05.26 22:47:44:542] INFO instancemanager.StarterPackManager: StarterPack: Attempting to spawn classId=25 name=IronCrown
[04.05.26 22:47:44:542] INFO instancemanager.StarterPackManager: StarterPack: classId=25 validated as ELVEN_MAGE race=ELF
[04.05.26 22:47:44:548] INFO instancemanager.StarterPackManager: StarterPack: Player.create() returned obj=268464877 for classId=25 name=IronCrown
[04.05.26 22:47:44:609] INFO instancemanager.StarterPackManager: StarterPack: initNewChar completed for IronCrown result=true
[04.05.26 22:47:44:622] INFO instancemanager.StarterPackManager: StarterPack: Player.restore() returned IronCrown for objId=268464877
[04.05.26 22:47:44:633] INFO instancemanager.StarterPackManager: StarterPack: Bot IronCrown entered world at 46080,41204,-3504
[04.05.26 22:47:44:633] INFO instancemanager.StarterPackManager: StarterPack: Spawned bot IronCrown (class=25/ELVEN_MAGE, race=ELF, objId=268464877)
[04.05.26 22:47:45:041] INFO instancemanager.StarterPackManager: StarterPack: Attempting to spawn classId=31 name=IronThorn
[04.05.26 22:47:45:041] INFO instancemanager.StarterPackManager: StarterPack: classId=31 validated as DARK_FIGHTER race=DARKELF
[04.05.26 22:47:45:046] INFO instancemanager.StarterPackManager: StarterPack: Player.create() returned obj=268464894 for classId=31 name=IronThorn
[04.05.26 22:47:45:092] INFO instancemanager.StarterPackManager: StarterPack: initNewChar completed for IronThorn result=true
[04.05.26 22:47:45:105] INFO instancemanager.StarterPackManager: StarterPack: Player.restore() returned IronThorn for objId=268464894
[04.05.26 22:47:45:117] INFO instancemanager.StarterPackManager: StarterPack: Bot IronThorn entered world at 28345,11031,-4232
[04.05.26 22:47:45:117] INFO instancemanager.StarterPackManager: StarterPack: Spawned bot IronThorn (class=31/DARK_FIGHTER, race=DARKELF, objId=268464894)
[04.05.26 22:47:45:541] INFO instancemanager.StarterPackManager: StarterPack: Attempting to spawn classId=38 name=IronSpark
[04.05.26 22:47:45:541] INFO instancemanager.StarterPackManager: StarterPack: classId=38 validated as DARK_MAGE race=DARKELF
[04.05.26 22:47:45:545] INFO instancemanager.StarterPackManager: StarterPack: Player.create() returned obj=268464924 for classId=38 name=IronSpark
[04.05.26 22:47:45:613] INFO instancemanager.StarterPackManager: StarterPack: initNewChar completed for IronSpark result=true
[04.05.26 22:47:45:628] INFO instancemanager.StarterPackManager: StarterPack: Player.restore() returned IronSpark for objId=268464924
[04.05.26 22:47:45:639] INFO instancemanager.StarterPackManager: StarterPack: Bot IronSpark entered world at 28340,10978,-4232
[04.05.26 22:47:45:639] INFO instancemanager.StarterPackManager: StarterPack: Spawned bot IronSpark (class=38/DARK_MAGE, race=DARKELF, objId=268464924)
[04.05.26 22:47:46:040] INFO instancemanager.StarterPackManager: StarterPack: Attempting to spawn classId=44 name=IronFlash
[04.05.26 22:47:46:040] INFO instancemanager.StarterPackManager: StarterPack: classId=44 validated as ORC_FIGHTER race=ORC
[04.05.26 22:47:46:047] INFO instancemanager.StarterPackManager: StarterPack: Player.create() returned obj=268464940 for classId=44 name=IronFlash
[04.05.26 22:47:46:085] INFO instancemanager.StarterPackManager: StarterPack: initNewChar completed for IronFlash result=true
[04.05.26 22:47:46:099] INFO instancemanager.StarterPackManager: StarterPack: Player.restore() returned IronFlash for objId=268464940
[04.05.26 22:47:46:108] INFO instancemanager.StarterPackManager: StarterPack: Bot IronFlash entered world at -56760,-113619,-672
[04.05.26 22:47:46:108] INFO instancemanager.StarterPackManager: StarterPack: Spawned bot IronFlash (class=44/ORC_FIGHTER, race=ORC, objId=268464940)
[04.05.26 22:47:46:541] INFO instancemanager.StarterPackManager: StarterPack: Attempting to spawn classId=49 name=IronBloom
[04.05.26 22:47:46:542] INFO instancemanager.StarterPackManager: StarterPack: classId=49 validated as ORC_MAGE race=ORC
[04.05.26 22:47:46:548] INFO instancemanager.StarterPackManager: StarterPack: Player.create() returned obj=268464963 for classId=49 name=IronBloom
[04.05.26 22:47:46:594] INFO instancemanager.StarterPackManager: StarterPack: initNewChar completed for IronBloom result=true
[04.05.26 22:47:46:606] INFO instancemanager.StarterPackManager: StarterPack: Player.restore() returned IronBloom for objId=268464963
[04.05.26 22:47:46:616] INFO instancemanager.StarterPackManager: StarterPack: Bot IronBloom entered world at -56689,-113562,-672
[04.05.26 22:47:46:616] INFO instancemanager.StarterPackManager: StarterPack: Spawned bot IronBloom (class=49/ORC_MAGE, race=ORC, objId=268464963)
[04.05.26 22:47:47:041] INFO instancemanager.StarterPackManager: StarterPack: Attempting to spawn classId=53 name=IronCreek
[04.05.26 22:47:47:041] INFO instancemanager.StarterPackManager: StarterPack: classId=53 validated as DWARVEN_FIGHTER race=DWARF
[04.05.26 22:47:47:047] INFO instancemanager.StarterPackManager: StarterPack: Player.create() returned obj=268464991 for classId=53 name=IronCreek
[04.05.26 22:47:47:108] INFO instancemanager.StarterPackManager: StarterPack: initNewChar completed for IronCreek result=true
[04.05.26 22:47:47:123] INFO instancemanager.StarterPackManager: StarterPack: Player.restore() returned IronCreek for objId=268464991
[04.05.26 22:47:47:134] INFO instancemanager.StarterPackManager: StarterPack: Bot IronCreek entered world at 108561,-174054,-408
[04.05.26 22:47:47:134] INFO instancemanager.StarterPackManager: StarterPack: Spawned bot IronCreek (class=53/DWARVEN_FIGHTER, race=DWARF, objId=268464991)
[04.05.26 22:47:47:541] INFO instancemanager.StarterPackManager: StarterPack: Attempting to spawn classId=0 name=IronMarsh
[04.05.26 22:47:47:541] INFO instancemanager.StarterPackManager: StarterPack: classId=0 validated as HUMAN_FIGHTER race=HUMAN
[04.05.26 22:47:47:545] INFO instancemanager.StarterPackManager: StarterPack: Player.create() returned obj=268465014 for classId=0 name=IronMarsh
[04.05.26 22:47:47:604] INFO instancemanager.StarterPackManager: StarterPack: initNewChar completed for IronMarsh result=true
[04.05.26 22:47:47:617] INFO instancemanager.StarterPackManager: StarterPack: Player.restore() returned IronMarsh for objId=268465014
[04.05.26 22:47:47:629] INFO instancemanager.StarterPackManager: StarterPack: Bot IronMarsh entered world at -71416,258321,-3104
[04.05.26 22:47:47:629] INFO instancemanager.StarterPackManager: StarterPack: Spawned bot IronMarsh (class=0/HUMAN_FIGHTER, race=HUMAN, objId=268465014)
[04.05.26 22:47:48:041] INFO instancemanager.StarterPackManager: StarterPack: Attempting to spawn classId=10 name=IronField
[04.05.26 22:47:48:041] INFO instancemanager.StarterPackManager: StarterPack: classId=10 validated as HUMAN_MAGE race=HUMAN
[04.05.26 22:47:48:047] INFO instancemanager.StarterPackManager: StarterPack: Player.create() returned obj=268465042 for classId=10 name=IronField
[04.05.26 22:47:48:096] INFO instancemanager.StarterPackManager: StarterPack: initNewChar completed for IronField result=true
[04.05.26 22:47:48:112] INFO instancemanager.StarterPackManager: StarterPack: Player.restore() returned IronField for objId=268465042
[04.05.26 22:47:48:123] INFO instancemanager.StarterPackManager: StarterPack: Bot IronField entered world at -90832,248043,-3568
[04.05.26 22:47:48:123] INFO instancemanager.StarterPackManager: StarterPack: Spawned bot IronField (class=10/HUMAN_MAGE, race=HUMAN, objId=268465042)
[04.05.26 22:47:48:541] INFO instancemanager.StarterPackManager: StarterPack: Attempting to spawn classId=18 name=IronGrove
[04.05.26 22:47:48:541] INFO instancemanager.StarterPackManager: StarterPack: classId=18 validated as ELVEN_FIGHTER race=ELF
[04.05.26 22:47:48:545] INFO instancemanager.StarterPackManager: StarterPack: Player.create() returned obj=268465064 for classId=18 name=IronGrove
[04.05.26 22:47:48:580] INFO instancemanager.StarterPackManager: StarterPack: initNewChar completed for IronGrove result=true
[04.05.26 22:47:48:592] INFO instancemanager.StarterPackManager: StarterPack: Player.restore() returned IronGrove for objId=268465064
[04.05.26 22:47:48:602] INFO instancemanager.StarterPackManager: StarterPack: Bot IronGrove entered world at 46109,41170,-3504
[04.05.26 22:47:48:602] INFO instancemanager.StarterPackManager: StarterPack: Spawned bot IronGrove (class=18/ELVEN_FIGHTER, race=ELF, objId=268465064)
[04.05.26 22:47:49:041] INFO instancemanager.StarterPackManager: StarterPack: Attempting to spawn classId=25 name=IronCrest
[04.05.26 22:47:49:042] INFO instancemanager.StarterPackManager: StarterPack: classId=25 validated as ELVEN_MAGE race=ELF
[04.05.26 22:47:49:046] INFO instancemanager.StarterPackManager: StarterPack: Player.create() returned obj=268465089 for classId=25 name=IronCrest
[04.05.26 22:47:49:119] INFO instancemanager.StarterPackManager: StarterPack: initNewChar completed for IronCrest result=true
[04.05.26 22:47:49:133] INFO instancemanager.StarterPackManager: StarterPack: Player.restore() returned IronCrest for objId=268465089
[04.05.26 22:47:49:143] INFO instancemanager.StarterPackManager: StarterPack: Bot IronCrest entered world at 46125,41213,-3504
[04.05.26 22:47:49:143] INFO instancemanager.StarterPackManager: StarterPack: Spawned bot IronCrest (class=25/ELVEN_MAGE, race=ELF, objId=268465089)
[04.05.26 22:47:49:541] INFO instancemanager.StarterPackManager: StarterPack: Attempting to spawn classId=31 name=IronRidge
[04.05.26 22:47:49:541] INFO instancemanager.StarterPackManager: StarterPack: classId=31 validated as DARK_FIGHTER race=DARKELF
[04.05.26 22:47:49:546] INFO instancemanager.StarterPackManager: StarterPack: Player.create() returned obj=268465114 for classId=31 name=IronRidge
[04.05.26 22:47:49:610] INFO instancemanager.StarterPackManager: StarterPack: initNewChar completed for IronRidge result=true
[04.05.26 22:47:49:624] INFO instancemanager.StarterPackManager: StarterPack: Player.restore() returned IronRidge for objId=268465114
[04.05.26 22:47:49:637] INFO instancemanager.StarterPackManager: StarterPack: Bot IronRidge entered world at 28415,10981,-4232
[04.05.26 22:47:49:638] INFO instancemanager.StarterPackManager: StarterPack: Spawned bot IronRidge (class=31/DARK_FIGHTER, race=DARKELF, objId=268465114)
[04.05.26 22:47:50:042] INFO instancemanager.StarterPackManager: StarterPack: Attempting to spawn classId=38 name=IronDrake
[04.05.26 22:47:50:042] INFO instancemanager.StarterPackManager: StarterPack: classId=38 validated as DARK_MAGE race=DARKELF
[04.05.26 22:47:50:047] INFO instancemanager.StarterPackManager: StarterPack: Player.create() returned obj=268465142 for classId=38 name=IronDrake
[04.05.26 22:47:50:095] INFO instancemanager.StarterPackManager: StarterPack: initNewChar completed for IronDrake result=true
[04.05.26 22:47:50:109] INFO instancemanager.StarterPackManager: StarterPack: Player.restore() returned IronDrake for objId=268465142
[04.05.26 22:47:50:120] INFO instancemanager.StarterPackManager: StarterPack: Bot IronDrake entered world at 28400,11064,-4232
[04.05.26 22:47:50:120] INFO instancemanager.StarterPackManager: StarterPack: Spawned bot IronDrake (class=38/DARK_MAGE, race=DARKELF, objId=268465142)
[04.05.26 22:47:50:542] INFO instancemanager.StarterPackManager: StarterPack: Attempting to spawn classId=44 name=IronSerpent
[04.05.26 22:47:50:542] INFO instancemanager.StarterPackManager: StarterPack: classId=44 validated as ORC_FIGHTER race=ORC
[04.05.26 22:47:50:545] INFO instancemanager.StarterPackManager: StarterPack: Player.create() returned obj=268465157 for classId=44 name=IronSerpent
[04.05.26 22:47:50:587] INFO instancemanager.StarterPackManager: StarterPack: initNewChar completed for IronSerpent result=true
[04.05.26 22:47:50:600] INFO instancemanager.StarterPackManager: StarterPack: Player.restore() returned IronSerpent for objId=268465157
[04.05.26 22:47:50:613] INFO instancemanager.StarterPackManager: StarterPack: Bot IronSerpent entered world at -56744,-113597,-672
[04.05.26 22:47:50:613] INFO instancemanager.StarterPackManager: StarterPack: Spawned bot IronSerpent (class=44/ORC_FIGHTER, race=ORC, objId=268465157)
[04.05.26 22:47:51:041] INFO instancemanager.StarterPackManager: StarterPack: Attempting to spawn classId=49 name=FrostBlade
[04.05.26 22:47:51:041] INFO instancemanager.StarterPackManager: StarterPack: classId=49 validated as ORC_MAGE race=ORC
[04.05.26 22:47:51:048] INFO instancemanager.StarterPackManager: StarterPack: Player.create() returned obj=268465181 for classId=49 name=FrostBlade
[04.05.26 22:47:51:116] INFO instancemanager.StarterPackManager: StarterPack: initNewChar completed for FrostBlade result=true
[04.05.26 22:47:51:129] INFO instancemanager.StarterPackManager: StarterPack: Player.restore() returned FrostBlade for objId=268465181
[04.05.26 22:47:51:139] INFO instancemanager.StarterPackManager: StarterPack: Bot FrostBlade entered world at -56691,-113633,-672
[04.05.26 22:47:51:140] INFO instancemanager.StarterPackManager: StarterPack: Spawned bot FrostBlade (class=49/ORC_MAGE, race=ORC, objId=268465181)
[04.05.26 22:47:51:541] INFO instancemanager.StarterPackManager: StarterPack: Attempting to spawn classId=53 name=FrostFang
[04.05.26 22:47:51:541] INFO instancemanager.StarterPackManager: StarterPack: classId=53 validated as DWARVEN_FIGHTER race=DWARF
[04.05.26 22:47:51:546] INFO instancemanager.StarterPackManager: StarterPack: Player.create() returned obj=268465204 for classId=53 name=FrostFang
[04.05.26 22:47:51:607] INFO instancemanager.StarterPackManager: StarterPack: initNewChar completed for FrostFang result=true
[04.05.26 22:47:51:620] INFO instancemanager.StarterPackManager: StarterPack: Player.restore() returned FrostFang for objId=268465204
[04.05.26 22:47:51:630] INFO instancemanager.StarterPackManager: StarterPack: Bot FrostFang entered world at 108612,-173995,-408
[04.05.26 22:47:51:630] INFO instancemanager.StarterPackManager: StarterPack: Spawned bot FrostFang (class=53/DWARVEN_FIGHTER, race=DWARF, objId=268465204)
[04.05.26 22:47:52:041] INFO instancemanager.StarterPackManager: StarterPack: Attempting to spawn classId=0 name=FrostEdge
[04.05.26 22:47:52:041] INFO instancemanager.StarterPackManager: StarterPack: classId=0 validated as HUMAN_FIGHTER race=HUMAN
[04.05.26 22:47:52:045] INFO instancemanager.StarterPackManager: StarterPack: Player.create() returned obj=268465222 for classId=0 name=FrostEdge
[04.05.26 22:47:52:096] INFO instancemanager.StarterPackManager: StarterPack: initNewChar completed for FrostEdge result=true
[04.05.26 22:47:52:109] INFO instancemanager.StarterPackManager: StarterPack: Player.restore() returned FrostEdge for objId=268465222
[04.05.26 22:47:52:122] INFO instancemanager.StarterPackManager: StarterPack: Bot FrostEdge entered world at -71358,258346,-3080
[04.05.26 22:47:52:122] INFO instancemanager.StarterPackManager: StarterPack: Spawned bot FrostEdge (class=0/HUMAN_FIGHTER, race=HUMAN, objId=268465222)
[04.05.26 22:47:52:542] INFO instancemanager.StarterPackManager: StarterPack: Attempting to spawn classId=10 name=FrostCore
[04.05.26 22:47:52:542] INFO instancemanager.StarterPackManager: StarterPack: classId=10 validated as HUMAN_MAGE race=HUMAN
[04.05.26 22:47:52:546] INFO instancemanager.StarterPackManager: StarterPack: Player.create() returned obj=268465247 for classId=10 name=FrostCore
[04.05.26 22:47:52:602] INFO instancemanager.StarterPackManager: StarterPack: initNewChar completed for FrostCore result=true
[04.05.26 22:47:52:615] INFO instancemanager.StarterPackManager: StarterPack: Player.restore() returned FrostCore for objId=268465247
[04.05.26 22:47:52:627] INFO instancemanager.StarterPackManager: StarterPack: Bot FrostCore entered world at -90881,248051,-3568
[04.05.26 22:47:52:628] INFO instancemanager.StarterPackManager: StarterPack: Spawned bot FrostCore (class=10/HUMAN_MAGE, race=HUMAN, objId=268465247)
[04.05.26 22:47:53:040] INFO instancemanager.StarterPackManager: StarterPack: Attempting to spawn classId=18 name=FrostZone
[04.05.26 22:47:53:040] INFO instancemanager.StarterPackManager: StarterPack: classId=18 validated as ELVEN_FIGHTER race=ELF
[04.05.26 22:47:53:047] INFO instancemanager.StarterPackManager: StarterPack: Player.create() returned obj=268465268 for classId=18 name=FrostZone
[04.05.26 22:47:53:101] INFO instancemanager.StarterPackManager: StarterPack: initNewChar completed for FrostZone result=true
[04.05.26 22:47:53:113] INFO instancemanager.StarterPackManager: StarterPack: Player.restore() returned FrostZone for objId=268465268
[04.05.26 22:47:53:123] INFO instancemanager.StarterPackManager: StarterPack: Bot FrostZone entered world at 46083,41173,-3504
[04.05.26 22:47:53:123] INFO instancemanager.StarterPackManager: StarterPack: Spawned bot FrostZone (class=18/ELVEN_FIGHTER, race=ELF, objId=268465268)
[04.05.26 22:47:53:542] INFO instancemanager.StarterPackManager: StarterPack: Attempting to spawn classId=25 name=FrostClaw
[04.05.26 22:47:53:542] INFO instancemanager.StarterPackManager: StarterPack: classId=25 validated as ELVEN_MAGE race=ELF
[04.05.26 22:47:53:548] INFO instancemanager.StarterPackManager: StarterPack: Player.create() returned obj=268465289 for classId=25 name=FrostClaw
[04.05.26 22:47:53:621] INFO instancemanager.StarterPackManager: StarterPack: initNewChar completed for FrostClaw result=true
[04.05.26 22:47:53:635] INFO instancemanager.StarterPackManager: StarterPack: Player.restore() returned FrostClaw for objId=268465289
[04.05.26 22:47:53:646] INFO instancemanager.StarterPackManager: StarterPack: Bot FrostClaw entered world at 46093,41158,-3504
[04.05.26 22:47:53:646] INFO instancemanager.StarterPackManager: StarterPack: Spawned bot FrostClaw (class=25/ELVEN_MAGE, race=ELF, objId=268465289)
[04.05.26 22:47:54:040] INFO instancemanager.StarterPackManager: StarterPack: Attempting to spawn classId=31 name=FrostSoul
[04.05.26 22:47:54:040] INFO instancemanager.StarterPackManager: StarterPack: classId=31 validated as DARK_FIGHTER race=DARKELF
[04.05.26 22:47:54:045] INFO instancemanager.StarterPackManager: StarterPack: Player.create() returned obj=268465307 for classId=31 name=FrostSoul
[04.05.26 22:47:54:086] INFO instancemanager.StarterPackManager: StarterPack: initNewChar completed for FrostSoul result=true
[04.05.26 22:47:54:099] INFO instancemanager.StarterPackManager: StarterPack: Player.restore() returned FrostSoul for objId=268465307
[04.05.26 22:47:54:112] INFO instancemanager.StarterPackManager: StarterPack: Bot FrostSoul entered world at 28398,10991,-4232
[04.05.26 22:47:54:112] INFO instancemanager.StarterPackManager: StarterPack: Spawned bot FrostSoul (class=31/DARK_FIGHTER, race=DARKELF, objId=268465307)
[04.05.26 22:47:54:542] INFO instancemanager.StarterPackManager: StarterPack: Attempting to spawn classId=38 name=FrostStar
[04.05.26 22:47:54:542] INFO instancemanager.StarterPackManager: StarterPack: classId=38 validated as DARK_MAGE race=DARKELF
[04.05.26 22:47:54:548] INFO instancemanager.StarterPackManager: StarterPack: Player.create() returned obj=268465326 for classId=38 name=FrostStar
[04.05.26 22:47:54:596] INFO instancemanager.StarterPackManager: StarterPack: initNewChar completed for FrostStar result=true
[04.05.26 22:47:54:608] INFO instancemanager.StarterPackManager: StarterPack: Player.restore() returned FrostStar for objId=268465326
[04.05.26 22:47:54:618] INFO instancemanager.StarterPackManager: StarterPack: Bot FrostStar entered world at 28357,11070,-4232
[04.05.26 22:47:54:618] INFO instancemanager.StarterPackManager: StarterPack: Spawned bot FrostStar (class=38/DARK_MAGE, race=DARKELF, objId=268465326)
[04.05.26 22:47:55:041] INFO instancemanager.StarterPackManager: StarterPack: Attempting to spawn classId=44 name=FrostFire
[04.05.26 22:47:55:041] INFO instancemanager.StarterPackManager: StarterPack: classId=44 validated as ORC_FIGHTER race=ORC
[04.05.26 22:47:55:048] INFO instancemanager.StarterPackManager: StarterPack: Player.create() returned obj=268465345 for classId=44 name=FrostFire
[04.05.26 22:47:55:109] INFO instancemanager.StarterPackManager: StarterPack: initNewChar completed for FrostFire result=true
[04.05.26 22:47:55:121] INFO instancemanager.StarterPackManager: StarterPack: Player.restore() returned FrostFire for objId=268465345
[04.05.26 22:47:55:133] INFO instancemanager.StarterPackManager: StarterPack: Bot FrostFire entered world at -56712,-113566,-672
[04.05.26 22:47:55:133] INFO instancemanager.StarterPackManager: StarterPack: Spawned bot FrostFire (class=44/ORC_FIGHTER, race=ORC, objId=268465345)
[04.05.26 22:47:55:541] INFO instancemanager.StarterPackManager: StarterPack: Attempting to spawn classId=49 name=FrostWind
[04.05.26 22:47:55:541] INFO instancemanager.StarterPackManager: StarterPack: classId=49 validated as ORC_MAGE race=ORC
[04.05.26 22:47:55:545] INFO instancemanager.StarterPackManager: StarterPack: Player.create() returned obj=268465372 for classId=49 name=FrostWind
[04.05.26 22:47:55:611] INFO instancemanager.StarterPackManager: StarterPack: initNewChar completed for FrostWind result=true
[04.05.26 22:47:55:625] INFO instancemanager.StarterPackManager: StarterPack: Player.restore() returned FrostWind for objId=268465372
[04.05.26 22:47:55:637] INFO instancemanager.StarterPackManager: StarterPack: Bot FrostWind entered world at -56734,-113626,-672
[04.05.26 22:47:55:637] INFO instancemanager.StarterPackManager: StarterPack: Spawned bot FrostWind (class=49/ORC_MAGE, race=ORC, objId=268465372)
[04.05.26 22:47:56:041] INFO instancemanager.StarterPackManager: StarterPack: Attempting to spawn classId=53 name=FrostRage
[04.05.26 22:47:56:041] INFO instancemanager.StarterPackManager: StarterPack: classId=53 validated as DWARVEN_FIGHTER race=DWARF
[04.05.26 22:47:56:048] INFO instancemanager.StarterPackManager: StarterPack: Player.create() returned obj=268465388 for classId=53 name=FrostRage
[04.05.26 22:47:56:090] INFO instancemanager.StarterPackManager: StarterPack: initNewChar completed for FrostRage result=true
[04.05.26 22:47:56:103] INFO instancemanager.StarterPackManager: StarterPack: Player.restore() returned FrostRage for objId=268465388
[04.05.26 22:47:56:113] INFO instancemanager.StarterPackManager: StarterPack: Bot FrostRage entered world at 108569,-174058,-408
[04.05.26 22:47:56:113] INFO instancemanager.StarterPackManager: StarterPack: Spawned bot FrostRage (class=53/DWARVEN_FIGHTER, race=DWARF, objId=268465388)
[04.05.26 22:47:56:540] INFO instancemanager.StarterPackManager: StarterPack: Attempting to spawn classId=0 name=FrostHawk
[04.05.26 22:47:56:540] INFO instancemanager.StarterPackManager: StarterPack: classId=0 validated as HUMAN_FIGHTER race=HUMAN
[04.05.26 22:47:56:547] INFO instancemanager.StarterPackManager: StarterPack: Player.create() returned obj=268465413 for classId=0 name=FrostHawk
[04.05.26 22:47:56:600] INFO instancemanager.StarterPackManager: StarterPack: initNewChar completed for FrostHawk result=true
[04.05.26 22:47:56:612] INFO instancemanager.StarterPackManager: StarterPack: Player.restore() returned FrostHawk for objId=268465413
[04.05.26 22:47:56:622] INFO instancemanager.StarterPackManager: StarterPack: Bot FrostHawk entered world at -71414,258351,-3104
[04.05.26 22:47:56:622] INFO instancemanager.StarterPackManager: StarterPack: Spawned bot FrostHawk (class=0/HUMAN_FIGHTER, race=HUMAN, objId=268465413)
[04.05.26 22:47:57:041] INFO instancemanager.StarterPackManager: StarterPack: Attempting to spawn classId=10 name=FrostWolf
[04.05.26 22:47:57:041] INFO instancemanager.StarterPackManager: StarterPack: classId=10 validated as HUMAN_MAGE race=HUMAN
[04.05.26 22:47:57:046] INFO instancemanager.StarterPackManager: StarterPack: Player.create() returned obj=268465435 for classId=10 name=FrostWolf
[04.05.26 22:47:57:106] INFO instancemanager.StarterPackManager: StarterPack: initNewChar completed for FrostWolf result=true
[04.05.26 22:47:57:120] INFO instancemanager.StarterPackManager: StarterPack: Player.restore() returned FrostWolf for objId=268465435
[04.05.26 22:47:57:131] INFO instancemanager.StarterPackManager: StarterPack: Bot FrostWolf entered world at -90883,248112,-3568
[04.05.26 22:47:57:131] INFO instancemanager.StarterPackManager: StarterPack: Spawned bot FrostWolf (class=10/HUMAN_MAGE, race=HUMAN, objId=268465435)
[04.05.26 22:47:57:541] INFO instancemanager.StarterPackManager: StarterPack: Attempting to spawn classId=18 name=FrostStrike
[04.05.26 22:47:57:541] INFO instancemanager.StarterPackManager: StarterPack: classId=18 validated as ELVEN_FIGHTER race=ELF
[04.05.26 22:47:57:545] INFO instancemanager.StarterPackManager: StarterPack: Player.create() returned obj=268465454 for classId=18 name=FrostStrike
[04.05.26 22:47:57:598] INFO instancemanager.StarterPackManager: StarterPack: initNewChar completed for FrostStrike result=true
[04.05.26 22:47:57:610] INFO instancemanager.StarterPackManager: StarterPack: Player.restore() returned FrostStrike for objId=268465454
[04.05.26 22:47:57:622] INFO instancemanager.StarterPackManager: StarterPack: Bot FrostStrike entered world at 46037,41219,-3504
[04.05.26 22:47:57:622] INFO instancemanager.StarterPackManager: StarterPack: Spawned bot FrostStrike (class=18/ELVEN_FIGHTER, race=ELF, objId=268465454)
[04.05.26 22:47:58:040] INFO instancemanager.StarterPackManager: StarterPack: Attempting to spawn classId=25 name=FrostVeil
[04.05.26 22:47:58:040] INFO instancemanager.StarterPackManager: StarterPack: classId=25 validated as ELVEN_MAGE race=ELF
[04.05.26 22:47:58:047] INFO instancemanager.StarterPackManager: StarterPack: Player.create() returned obj=268465472 for classId=25 name=FrostVeil
[04.05.26 22:47:58:102] INFO instancemanager.StarterPackManager: StarterPack: initNewChar completed for FrostVeil result=true
[04.05.26 22:47:58:116] INFO instancemanager.StarterPackManager: StarterPack: Player.restore() returned FrostVeil for objId=268465472
[04.05.26 22:47:58:126] INFO instancemanager.StarterPackManager: StarterPack: Bot FrostVeil entered world at 46062,41216,-3504
[04.05.26 22:47:58:126] INFO instancemanager.StarterPackManager: StarterPack: Spawned bot FrostVeil (class=25/ELVEN_MAGE, race=ELF, objId=268465472)
[04.05.26 22:47:58:541] INFO instancemanager.StarterPackManager: StarterPack: Attempting to spawn classId=31 name=FrostWisp
[04.05.26 22:47:58:541] INFO instancemanager.StarterPackManager: StarterPack: classId=31 validated as DARK_FIGHTER race=DARKELF
[04.05.26 22:47:58:545] INFO instancemanager.StarterPackManager: StarterPack: Player.create() returned obj=268465493 for classId=31 name=FrostWisp
[04.05.26 22:47:58:583] INFO instancemanager.StarterPackManager: StarterPack: initNewChar completed for FrostWisp result=true
[04.05.26 22:47:58:595] INFO instancemanager.StarterPackManager: StarterPack: Player.restore() returned FrostWisp for objId=268465493
[04.05.26 22:47:58:606] INFO instancemanager.StarterPackManager: StarterPack: Bot FrostWisp entered world at 28380,11000,-4232
[04.05.26 22:47:58:606] INFO instancemanager.StarterPackManager: StarterPack: Spawned bot FrostWisp (class=31/DARK_FIGHTER, race=DARKELF, objId=268465493)
[04.05.26 22:47:59:041] INFO instancemanager.StarterPackManager: StarterPack: Attempting to spawn classId=38 name=FrostGloom
[04.05.26 22:47:59:042] INFO instancemanager.StarterPackManager: StarterPack: classId=38 validated as DARK_MAGE race=DARKELF
[04.05.26 22:47:59:047] INFO instancemanager.StarterPackManager: StarterPack: Player.create() returned obj=268465519 for classId=38 name=FrostGloom
[04.05.26 22:47:59:117] INFO instancemanager.StarterPackManager: StarterPack: initNewChar completed for FrostGloom result=true
[04.05.26 22:47:59:130] INFO instancemanager.StarterPackManager: StarterPack: Player.restore() returned FrostGloom for objId=268465519
[04.05.26 22:47:59:138] INFO instancemanager.StarterPackManager: StarterPack: Bot FrostGloom entered world at 28411,11024,-4232
[04.05.26 22:47:59:139] INFO instancemanager.StarterPackManager: StarterPack: Spawned bot FrostGloom (class=38/DARK_MAGE, race=DARKELF, objId=268465519)
[04.05.26 22:47:59:541] INFO instancemanager.StarterPackManager: StarterPack: Attempting to spawn classId=44 name=FrostStone
[04.05.26 22:47:59:541] INFO instancemanager.StarterPackManager: StarterPack: classId=44 validated as ORC_FIGHTER race=ORC
[04.05.26 22:47:59:547] INFO instancemanager.StarterPackManager: StarterPack: Player.create() returned obj=268465536 for classId=44 name=FrostStone
[04.05.26 22:47:59:597] INFO instancemanager.StarterPackManager: StarterPack: initNewChar completed for FrostStone result=true
[04.05.26 22:47:59:610] INFO instancemanager.StarterPackManager: StarterPack: Player.restore() returned FrostStone for objId=268465536
[04.05.26 22:47:59:619] INFO instancemanager.StarterPackManager: StarterPack: Bot FrostStone entered world at -56696,-113616,-672
[04.05.26 22:47:59:619] INFO instancemanager.StarterPackManager: StarterPack: Spawned bot FrostStone (class=44/ORC_FIGHTER, race=ORC, objId=268465536)
[04.05.26 22:48:00:042] INFO instancemanager.StarterPackManager: StarterPack: Attempting to spawn classId=49 name=FrostCrown
[04.05.26 22:48:00:042] INFO instancemanager.StarterPackManager: StarterPack: classId=49 validated as ORC_MAGE race=ORC
[04.05.26 22:48:00:046] INFO instancemanager.StarterPackManager: StarterPack: Player.create() returned obj=268465560 for classId=49 name=FrostCrown
[04.05.26 22:48:00:111] INFO instancemanager.StarterPackManager: StarterPack: initNewChar completed for FrostCrown result=true
[04.05.26 22:48:00:125] INFO instancemanager.StarterPackManager: StarterPack: Player.restore() returned FrostCrown for objId=268465560
[04.05.26 22:48:00:138] INFO instancemanager.StarterPackManager: StarterPack: Bot FrostCrown entered world at -56740,-113613,-672
[04.05.26 22:48:00:138] INFO instancemanager.StarterPackManager: StarterPack: Spawned bot FrostCrown (class=49/ORC_MAGE, race=ORC, objId=268465560)
[04.05.26 22:48:00:541] INFO instancemanager.StarterPackManager: StarterPack: Attempting to spawn classId=53 name=FrostThorn
[04.05.26 22:48:00:541] INFO instancemanager.StarterPackManager: StarterPack: classId=53 validated as DWARVEN_FIGHTER race=DWARF
[04.05.26 22:48:00:547] INFO instancemanager.StarterPackManager: StarterPack: Player.create() returned obj=268465580 for classId=53 name=FrostThorn
[04.05.26 22:48:00:606] INFO instancemanager.StarterPackManager: StarterPack: initNewChar completed for FrostThorn result=true
[04.05.26 22:48:00:618] INFO instancemanager.StarterPackManager: StarterPack: Player.restore() returned FrostThorn for objId=268465580
[04.05.26 22:48:00:628] INFO instancemanager.StarterPackManager: StarterPack: Bot FrostThorn entered world at 108601,-174051,-408
[04.05.26 22:48:00:628] INFO instancemanager.StarterPackManager: StarterPack: Spawned bot FrostThorn (class=53/DWARVEN_FIGHTER, race=DWARF, objId=268465580)
[04.05.26 22:48:01:041] INFO instancemanager.StarterPackManager: StarterPack: Attempting to spawn classId=0 name=FrostSpark
[04.05.26 22:48:01:041] INFO instancemanager.StarterPackManager: StarterPack: classId=0 validated as HUMAN_FIGHTER race=HUMAN
[04.05.26 22:48:01:045] INFO instancemanager.StarterPackManager: StarterPack: Player.create() returned obj=268465599 for classId=0 name=FrostSpark
[04.05.26 22:48:01:085] INFO instancemanager.StarterPackManager: StarterPack: initNewChar completed for FrostSpark result=true
[04.05.26 22:48:01:100] INFO instancemanager.StarterPackManager: StarterPack: Player.restore() returned FrostSpark for objId=268465599
[04.05.26 22:48:01:111] INFO instancemanager.StarterPackManager: StarterPack: Bot FrostSpark entered world at -71386,258298,-3104
[04.05.26 22:48:01:111] INFO instancemanager.StarterPackManager: StarterPack: Spawned bot FrostSpark (class=0/HUMAN_FIGHTER, race=HUMAN, objId=268465599)
[04.05.26 22:48:01:541] INFO instancemanager.StarterPackManager: StarterPack: Attempting to spawn classId=10 name=FrostFlash
[04.05.26 22:48:01:541] INFO instancemanager.StarterPackManager: StarterPack: classId=10 validated as HUMAN_MAGE race=HUMAN
[04.05.26 22:48:01:545] INFO instancemanager.StarterPackManager: StarterPack: Player.create() returned obj=268465618 for classId=10 name=FrostFlash
[04.05.26 22:48:01:606] INFO instancemanager.StarterPackManager: StarterPack: initNewChar completed for FrostFlash result=true
[04.05.26 22:48:01:619] INFO instancemanager.StarterPackManager: StarterPack: Player.restore() returned FrostFlash for objId=268465618
[04.05.26 22:48:01:630] INFO instancemanager.StarterPackManager: StarterPack: Bot FrostFlash entered world at -90891,248135,-3568
[04.05.26 22:48:01:631] INFO instancemanager.StarterPackManager: StarterPack: Spawned bot FrostFlash (class=10/HUMAN_MAGE, race=HUMAN, objId=268465618)
[04.05.26 22:48:02:041] INFO instancemanager.StarterPackManager: StarterPack: Attempting to spawn classId=18 name=FrostBloom
[04.05.26 22:48:02:041] INFO instancemanager.StarterPackManager: StarterPack: classId=18 validated as ELVEN_FIGHTER race=ELF
[04.05.26 22:48:02:048] INFO instancemanager.StarterPackManager: StarterPack: Player.create() returned obj=268465633 for classId=18 name=FrostBloom
[04.05.26 22:48:02:096] INFO instancemanager.StarterPackManager: StarterPack: initNewChar completed for FrostBloom result=true
[04.05.26 22:48:02:108] INFO instancemanager.StarterPackManager: StarterPack: Player.restore() returned FrostBloom for objId=268465633
[04.05.26 22:48:02:117] INFO instancemanager.StarterPackManager: StarterPack: Bot FrostBloom entered world at 46081,41236,-3504
[04.05.26 22:48:02:117] INFO instancemanager.StarterPackManager: StarterPack: Spawned bot FrostBloom (class=18/ELVEN_FIGHTER, race=ELF, objId=268465633)
[04.05.26 22:48:02:541] INFO instancemanager.StarterPackManager: StarterPack: Attempting to spawn classId=25 name=FrostCreek
[04.05.26 22:48:02:541] INFO instancemanager.StarterPackManager: StarterPack: classId=25 validated as ELVEN_MAGE race=ELF
[04.05.26 22:48:02:546] INFO instancemanager.StarterPackManager: StarterPack: Player.create() returned obj=268465669 for classId=25 name=FrostCreek
[04.05.26 22:48:02:606] INFO instancemanager.StarterPackManager: StarterPack: initNewChar completed for FrostCreek result=true
[04.05.26 22:48:02:618] INFO instancemanager.StarterPackManager: StarterPack: Player.restore() returned FrostCreek for objId=268465669
[04.05.26 22:48:02:628] INFO instancemanager.StarterPackManager: StarterPack: Bot FrostCreek entered world at 46103,41203,-3504
[04.05.26 22:48:02:628] INFO instancemanager.StarterPackManager: StarterPack: Spawned bot FrostCreek (class=25/ELVEN_MAGE, race=ELF, objId=268465669)
[04.05.26 22:48:03:041] INFO instancemanager.StarterPackManager: StarterPack: Attempting to spawn classId=31 name=FrostMarsh
[04.05.26 22:48:03:041] INFO instancemanager.StarterPackManager: StarterPack: classId=31 validated as DARK_FIGHTER race=DARKELF
[04.05.26 22:48:03:046] INFO instancemanager.StarterPackManager: StarterPack: Player.create() returned obj=268465688 for classId=31 name=FrostMarsh
[04.05.26 22:48:03:107] INFO instancemanager.StarterPackManager: StarterPack: initNewChar completed for FrostMarsh result=true
[04.05.26 22:48:03:121] INFO instancemanager.StarterPackManager: StarterPack: Player.restore() returned FrostMarsh for objId=268465688
[04.05.26 22:48:03:132] INFO instancemanager.StarterPackManager: StarterPack: Bot FrostMarsh entered world at 28366,10970,-4232
[04.05.26 22:48:03:132] INFO instancemanager.StarterPackManager: StarterPack: Spawned bot FrostMarsh (class=31/DARK_FIGHTER, race=DARKELF, objId=268465688)
[04.05.26 22:48:03:542] INFO instancemanager.StarterPackManager: StarterPack: Attempting to spawn classId=38 name=FrostField
[04.05.26 22:48:03:542] INFO instancemanager.StarterPackManager: StarterPack: classId=38 validated as DARK_MAGE race=DARKELF
[04.05.26 22:48:03:546] INFO instancemanager.StarterPackManager: StarterPack: Player.create() returned obj=268465712 for classId=38 name=FrostField
[04.05.26 22:48:03:613] INFO instancemanager.StarterPackManager: StarterPack: initNewChar completed for FrostField result=true
[04.05.26 22:48:03:627] INFO instancemanager.StarterPackManager: StarterPack: Player.restore() returned FrostField for objId=268465712
[04.05.26 22:48:03:638] INFO instancemanager.StarterPackManager: StarterPack: Bot FrostField entered world at 28396,11027,-4232
[04.05.26 22:48:03:639] INFO instancemanager.StarterPackManager: StarterPack: Spawned bot FrostField (class=38/DARK_MAGE, race=DARKELF, objId=268465712)
[04.05.26 22:48:04:042] INFO instancemanager.StarterPackManager: StarterPack: Attempting to spawn classId=44 name=FrostGrove
[04.05.26 22:48:04:042] INFO instancemanager.StarterPackManager: StarterPack: classId=44 validated as ORC_FIGHTER race=ORC
[04.05.26 22:48:04:049] INFO instancemanager.StarterPackManager: StarterPack: Player.create() returned obj=268465734 for classId=44 name=FrostGrove
[04.05.26 22:48:04:088] INFO instancemanager.StarterPackManager: StarterPack: initNewChar completed for FrostGrove result=true
[04.05.26 22:48:04:101] INFO instancemanager.StarterPackManager: StarterPack: Player.restore() returned FrostGrove for objId=268465734
[04.05.26 22:48:04:110] INFO instancemanager.StarterPackManager: StarterPack: Bot FrostGrove entered world at -56702,-113619,-672
[04.05.26 22:48:04:110] INFO instancemanager.StarterPackManager: StarterPack: Spawned bot FrostGrove (class=44/ORC_FIGHTER, race=ORC, objId=268465734)
[04.05.26 22:48:04:541] INFO instancemanager.StarterPackManager: StarterPack: Attempting to spawn classId=49 name=FrostCrest
[04.05.26 22:48:04:541] INFO instancemanager.StarterPackManager: StarterPack: classId=49 validated as ORC_MAGE race=ORC
[04.05.26 22:48:04:547] INFO instancemanager.StarterPackManager: StarterPack: Player.create() returned obj=268465751 for classId=49 name=FrostCrest
[04.05.26 22:48:04:594] INFO instancemanager.StarterPackManager: StarterPack: initNewChar completed for FrostCrest result=true
[04.05.26 22:48:04:607] INFO instancemanager.StarterPackManager: StarterPack: Player.restore() returned FrostCrest for objId=268465751
[04.05.26 22:48:04:617] INFO instancemanager.StarterPackManager: StarterPack: Bot FrostCrest entered world at -56728,-113590,-672
[04.05.26 22:48:04:617] INFO instancemanager.StarterPackManager: StarterPack: Spawned bot FrostCrest (class=49/ORC_MAGE, race=ORC, objId=268465751)
[04.05.26 22:48:05:041] INFO instancemanager.StarterPackManager: StarterPack: Attempting to spawn classId=53 name=FrostRidge
[04.05.26 22:48:05:042] INFO instancemanager.StarterPackManager: StarterPack: classId=53 validated as DWARVEN_FIGHTER race=DWARF
[04.05.26 22:48:05:046] INFO instancemanager.StarterPackManager: StarterPack: Player.create() returned obj=268465769 for classId=53 name=FrostRidge
[04.05.26 22:48:05:106] INFO instancemanager.StarterPackManager: StarterPack: initNewChar completed for FrostRidge result=true
[04.05.26 22:48:05:120] INFO instancemanager.StarterPackManager: StarterPack: Player.restore() returned FrostRidge for objId=268465769
[04.05.26 22:48:05:131] INFO instancemanager.StarterPackManager: StarterPack: Bot FrostRidge entered world at 108628,-174001,-408
[04.05.26 22:48:05:131] INFO instancemanager.StarterPackManager: StarterPack: Spawned bot FrostRidge (class=53/DWARVEN_FIGHTER, race=DWARF, objId=268465769)
[04.05.26 22:48:05:541] INFO instancemanager.StarterPackManager: StarterPack: Attempting to spawn classId=0 name=FrostDrake
[04.05.26 22:48:05:541] INFO instancemanager.StarterPackManager: StarterPack: classId=0 validated as HUMAN_FIGHTER race=HUMAN
[04.05.26 22:48:05:545] INFO instancemanager.StarterPackManager: StarterPack: Player.create() returned obj=268465792 for classId=0 name=FrostDrake
[04.05.26 22:48:05:602] INFO instancemanager.StarterPackManager: StarterPack: initNewChar completed for FrostDrake result=true
[04.05.26 22:48:05:614] INFO instancemanager.StarterPackManager: StarterPack: Player.restore() returned FrostDrake for objId=268465792
[04.05.26 22:48:05:625] INFO instancemanager.StarterPackManager: StarterPack: Bot FrostDrake entered world at -71425,258323,-3104
[04.05.26 22:48:05:625] INFO instancemanager.StarterPackManager: StarterPack: Spawned bot FrostDrake (class=0/HUMAN_FIGHTER, race=HUMAN, objId=268465792)
[04.05.26 22:48:06:041] INFO instancemanager.StarterPackManager: StarterPack: Attempting to spawn classId=10 name=FrostSerpent
[04.05.26 22:48:06:041] INFO instancemanager.StarterPackManager: StarterPack: classId=10 validated as HUMAN_MAGE race=HUMAN
[04.05.26 22:48:06:048] INFO instancemanager.StarterPackManager: StarterPack: Player.create() returned obj=268465817 for classId=10 name=FrostSerpent
[04.05.26 22:48:06:092] INFO instancemanager.StarterPackManager: StarterPack: initNewChar completed for FrostSerpent result=true
[04.05.26 22:48:06:105] INFO instancemanager.StarterPackManager: StarterPack: Player.restore() returned FrostSerpent for objId=268465817
[04.05.26 22:48:06:116] INFO instancemanager.StarterPackManager: StarterPack: Bot FrostSerpent entered world at -90885,248056,-3568
[04.05.26 22:48:06:116] INFO instancemanager.StarterPackManager: StarterPack: Spawned bot FrostSerpent (class=10/HUMAN_MAGE, race=HUMAN, objId=268465817)
[04.05.26 22:48:06:542] INFO instancemanager.StarterPackManager: StarterPack: Attempting to spawn classId=18 name=StormBlade
[04.05.26 22:48:06:542] INFO instancemanager.StarterPackManager: StarterPack: classId=18 validated as ELVEN_FIGHTER race=ELF
[04.05.26 22:48:06:550] INFO instancemanager.StarterPackManager: StarterPack: Player.create() returned obj=268465834 for classId=18 name=StormBlade
[04.05.26 22:48:06:589] INFO instancemanager.StarterPackManager: StarterPack: initNewChar completed for StormBlade result=true
[04.05.26 22:48:06:603] INFO instancemanager.StarterPackManager: StarterPack: Player.restore() returned StormBlade for objId=268465834
[04.05.26 22:48:06:613] INFO instancemanager.StarterPackManager: StarterPack: Bot StormBlade entered world at 46059,41228,-3504
[04.05.26 22:48:06:613] INFO instancemanager.StarterPackManager: StarterPack: Spawned bot StormBlade (class=18/ELVEN_FIGHTER, race=ELF, objId=268465834)
[04.05.26 22:48:07:041] INFO instancemanager.StarterPackManager: StarterPack: Attempting to spawn classId=25 name=StormFang
[04.05.26 22:48:07:041] INFO instancemanager.StarterPackManager: StarterPack: classId=25 validated as ELVEN_MAGE race=ELF
[04.05.26 22:48:07:047] INFO instancemanager.StarterPackManager: StarterPack: Player.create() returned obj=268465860 for classId=25 name=StormFang
[04.05.26 22:48:07:115] INFO instancemanager.StarterPackManager: StarterPack: initNewChar completed for StormFang result=true
[04.05.26 22:48:07:129] INFO instancemanager.StarterPackManager: StarterPack: Player.restore() returned StormFang for objId=268465860
[04.05.26 22:48:07:139] INFO instancemanager.StarterPackManager: StarterPack: Bot StormFang entered world at 46041,41156,-3504
[04.05.26 22:48:07:140] INFO instancemanager.StarterPackManager: StarterPack: Spawned bot StormFang (class=25/ELVEN_MAGE, race=ELF, objId=268465860)
[04.05.26 22:48:07:541] INFO instancemanager.StarterPackManager: StarterPack: Attempting to spawn classId=31 name=StormEdge
[04.05.26 22:48:07:541] INFO instancemanager.StarterPackManager: StarterPack: classId=31 validated as DARK_FIGHTER race=DARKELF
[04.05.26 22:48:07:546] INFO instancemanager.StarterPackManager: StarterPack: Player.create() returned obj=268465880 for classId=31 name=StormEdge
[04.05.26 22:48:07:606] INFO instancemanager.StarterPackManager: StarterPack: initNewChar completed for StormEdge result=true
[04.05.26 22:48:07:619] INFO instancemanager.StarterPackManager: StarterPack: Player.restore() returned StormEdge for objId=268465880
[04.05.26 22:48:07:631] INFO instancemanager.StarterPackManager: StarterPack: Bot StormEdge entered world at 28348,11033,-4232
[04.05.26 22:48:07:631] INFO instancemanager.StarterPackManager: StarterPack: Spawned bot StormEdge (class=31/DARK_FIGHTER, race=DARKELF, objId=268465880)
[04.05.26 22:48:08:041] INFO instancemanager.StarterPackManager: StarterPack: Attempting to spawn classId=38 name=StormCore
[04.05.26 22:48:08:041] INFO instancemanager.StarterPackManager: StarterPack: classId=38 validated as DARK_MAGE race=DARKELF
[04.05.26 22:48:08:047] INFO instancemanager.StarterPackManager: StarterPack: Player.create() returned obj=268465901 for classId=38 name=StormCore
[04.05.26 22:48:08:097] INFO instancemanager.StarterPackManager: StarterPack: initNewChar completed for StormCore result=true
[04.05.26 22:48:08:111] INFO instancemanager.StarterPackManager: StarterPack: Player.restore() returned StormCore for objId=268465901
[04.05.26 22:48:08:123] INFO instancemanager.StarterPackManager: StarterPack: Bot StormCore entered world at 28380,11043,-4232
[04.05.26 22:48:08:123] INFO instancemanager.StarterPackManager: StarterPack: Spawned bot StormCore (class=38/DARK_MAGE, race=DARKELF, objId=268465901)
[04.05.26 22:48:08:541] INFO instancemanager.StarterPackManager: StarterPack: Attempting to spawn classId=44 name=StormZone
[04.05.26 22:48:08:541] INFO instancemanager.StarterPackManager: StarterPack: classId=44 validated as ORC_FIGHTER race=ORC
[04.05.26 22:48:08:554] INFO instancemanager.StarterPackManager: StarterPack: Player.create() returned obj=268465925 for classId=44 name=StormZone
[04.05.26 22:48:08:594] INFO instancemanager.StarterPackManager: StarterPack: initNewChar completed for StormZone result=true
[04.05.26 22:48:08:606] INFO instancemanager.StarterPackManager: StarterPack: Player.restore() returned StormZone for objId=268465925
[04.05.26 22:48:08:616] INFO instancemanager.StarterPackManager: StarterPack: Bot StormZone entered world at -56673,-113561,-672
[04.05.26 22:48:08:616] INFO instancemanager.StarterPackManager: StarterPack: Spawned bot StormZone (class=44/ORC_FIGHTER, race=ORC, objId=268465925)
[04.05.26 22:48:09:041] INFO instancemanager.StarterPackManager: StarterPack: Attempting to spawn classId=49 name=StormClaw
[04.05.26 22:48:09:041] INFO instancemanager.StarterPackManager: StarterPack: classId=49 validated as ORC_MAGE race=ORC
[04.05.26 22:48:09:044] INFO instancemanager.StarterPackManager: StarterPack: Player.create() returned obj=268465951 for classId=49 name=StormClaw
[04.05.26 22:48:09:116] INFO instancemanager.StarterPackManager: StarterPack: initNewChar completed for StormClaw result=true
[04.05.26 22:48:09:129] INFO instancemanager.StarterPackManager: StarterPack: Player.restore() returned StormClaw for objId=268465951
[04.05.26 22:48:09:139] INFO instancemanager.StarterPackManager: StarterPack: Bot StormClaw entered world at -56711,-113648,-672
[04.05.26 22:48:09:139] INFO instancemanager.StarterPackManager: StarterPack: Spawned bot StormClaw (class=49/ORC_MAGE, race=ORC, objId=268465951)
[04.05.26 22:48:09:541] INFO instancemanager.StarterPackManager: StarterPack: Attempting to spawn classId=53 name=StormSoul
[04.05.26 22:48:09:541] INFO instancemanager.StarterPackManager: StarterPack: classId=53 validated as DWARVEN_FIGHTER race=DWARF
[04.05.26 22:48:09:548] INFO instancemanager.StarterPackManager: StarterPack: Player.create() returned obj=268465969 for classId=53 name=StormSoul
[04.05.26 22:48:09:606] INFO instancemanager.StarterPackManager: StarterPack: initNewChar completed for StormSoul result=true
[04.05.26 22:48:09:620] INFO instancemanager.StarterPackManager: StarterPack: Player.restore() returned StormSoul for objId=268465969
[04.05.26 22:48:09:632] INFO instancemanager.StarterPackManager: StarterPack: Bot StormSoul entered world at 108542,-174084,-408
[04.05.26 22:48:09:632] INFO instancemanager.StarterPackManager: StarterPack: Spawned bot StormSoul (class=53/DWARVEN_FIGHTER, race=DWARF, objId=268465969)
[04.05.26 22:48:10:041] INFO instancemanager.StarterPackManager: StarterPack: Attempting to spawn classId=0 name=StormStar
[04.05.26 22:48:10:041] INFO instancemanager.StarterPackManager: StarterPack: classId=0 validated as HUMAN_FIGHTER race=HUMAN
[04.05.26 22:48:10:046] INFO instancemanager.StarterPackManager: StarterPack: Player.create() returned obj=268465993 for classId=0 name=StormStar
[04.05.26 22:48:10:086] INFO instancemanager.StarterPackManager: StarterPack: initNewChar completed for StormStar result=true
[04.05.26 22:48:10:099] INFO instancemanager.StarterPackManager: StarterPack: Player.restore() returned StormStar for objId=268465993
[04.05.26 22:48:10:108] INFO instancemanager.StarterPackManager: StarterPack: Bot StormStar entered world at -71378,258350,-3080
[04.05.26 22:48:10:108] INFO instancemanager.StarterPackManager: StarterPack: Spawned bot StormStar (class=0/HUMAN_FIGHTER, race=HUMAN, objId=268465993)
[04.05.26 22:48:10:541] INFO instancemanager.StarterPackManager: StarterPack: Attempting to spawn classId=10 name=StormFire
[04.05.26 22:48:10:541] INFO instancemanager.StarterPackManager: StarterPack: classId=10 validated as HUMAN_MAGE race=HUMAN
[04.05.26 22:48:10:554] INFO instancemanager.StarterPackManager: StarterPack: Player.create() returned obj=268466016 for classId=10 name=StormFire
[04.05.26 22:48:10:616] INFO instancemanager.StarterPackManager: StarterPack: initNewChar completed for StormFire result=true
[04.05.26 22:48:10:629] INFO instancemanager.StarterPackManager: StarterPack: Player.restore() returned StormFire for objId=268466016
[04.05.26 22:48:10:639] INFO instancemanager.StarterPackManager: StarterPack: Bot StormFire entered world at -90902,248085,-3568
[04.05.26 22:48:10:639] INFO instancemanager.StarterPackManager: StarterPack: Spawned bot StormFire (class=10/HUMAN_MAGE, race=HUMAN, objId=268466016)
[04.05.26 22:48:11:041] INFO instancemanager.StarterPackManager: StarterPack: Attempting to spawn classId=18 name=StormWind
[04.05.26 22:48:11:041] INFO instancemanager.StarterPackManager: StarterPack: classId=18 validated as ELVEN_FIGHTER race=ELF
[04.05.26 22:48:11:046] INFO instancemanager.StarterPackManager: StarterPack: Player.create() returned obj=268466039 for classId=18 name=StormWind
[04.05.26 22:48:11:104] INFO instancemanager.StarterPackManager: StarterPack: initNewChar completed for StormWind result=true
[04.05.26 22:48:11:118] INFO instancemanager.StarterPackManager: StarterPack: Player.restore() returned StormWind for objId=268466039
[04.05.26 22:48:11:129] INFO instancemanager.StarterPackManager: StarterPack: Bot StormWind entered world at 46040,41179,-3504
[04.05.26 22:48:11:129] INFO instancemanager.StarterPackManager: StarterPack: Spawned bot StormWind (class=18/ELVEN_FIGHTER, race=ELF, objId=268466039)
[04.05.26 22:48:11:540] INFO instancemanager.StarterPackManager: StarterPack: Attempting to spawn classId=25 name=StormRage
[04.05.26 22:48:11:540] INFO instancemanager.StarterPackManager: StarterPack: classId=25 validated as ELVEN_MAGE race=ELF
[04.05.26 22:48:11:548] INFO instancemanager.StarterPackManager: StarterPack: Player.create() returned obj=268466068 for classId=25 name=StormRage
[04.05.26 22:48:11:629] INFO instancemanager.StarterPackManager: StarterPack: initNewChar completed for StormRage result=true
[04.05.26 22:48:11:643] INFO instancemanager.StarterPackManager: StarterPack: Player.restore() returned StormRage for objId=268466068
[04.05.26 22:48:11:655] INFO instancemanager.StarterPackManager: StarterPack: Bot StormRage entered world at 46081,41145,-3504
[04.05.26 22:48:11:655] INFO instancemanager.StarterPackManager: StarterPack: Spawned bot StormRage (class=25/ELVEN_MAGE, race=ELF, objId=268466068)
[04.05.26 22:48:12:042] INFO instancemanager.StarterPackManager: StarterPack: Attempting to spawn classId=31 name=StormHawk
[04.05.26 22:48:12:042] INFO instancemanager.StarterPackManager: StarterPack: classId=31 validated as DARK_FIGHTER race=DARKELF
[04.05.26 22:48:12:047] INFO instancemanager.StarterPackManager: StarterPack: Player.create() returned obj=268466087 for classId=31 name=StormHawk
[04.05.26 22:48:12:084] INFO instancemanager.StarterPackManager: StarterPack: initNewChar completed for StormHawk result=true
[04.05.26 22:48:12:096] INFO instancemanager.StarterPackManager: StarterPack: Player.restore() returned StormHawk for objId=268466087
[04.05.26 22:48:12:106] INFO instancemanager.StarterPackManager: StarterPack: Bot StormHawk entered world at 28414,11002,-4232
[04.05.26 22:48:12:107] INFO instancemanager.StarterPackManager: StarterPack: Spawned bot StormHawk (class=31/DARK_FIGHTER, race=DARKELF, objId=268466087)
[04.05.26 22:48:12:542] INFO instancemanager.StarterPackManager: StarterPack: Attempting to spawn classId=38 name=StormWolf
[04.05.26 22:48:12:542] INFO instancemanager.StarterPackManager: StarterPack: classId=38 validated as DARK_MAGE race=DARKELF
[04.05.26 22:48:12:549] INFO instancemanager.StarterPackManager: StarterPack: Player.create() returned obj=268466107 for classId=38 name=StormWolf
[04.05.26 22:48:12:621] INFO instancemanager.StarterPackManager: StarterPack: initNewChar completed for StormWolf result=true
[04.05.26 22:48:12:634] INFO instancemanager.StarterPackManager: StarterPack: Player.restore() returned StormWolf for objId=268466107
[04.05.26 22:48:12:645] INFO instancemanager.StarterPackManager: StarterPack: Bot StormWolf entered world at 28418,11014,-4232
[04.05.26 22:48:12:646] INFO instancemanager.StarterPackManager: StarterPack: Spawned bot StormWolf (class=38/DARK_MAGE, race=DARKELF, objId=268466107)
[04.05.26 22:48:13:041] INFO instancemanager.StarterPackManager: StarterPack: Attempting to spawn classId=44 name=StormStrike
[04.05.26 22:48:13:041] INFO instancemanager.StarterPackManager: StarterPack: classId=44 validated as ORC_FIGHTER race=ORC
[04.05.26 22:48:13:048] INFO instancemanager.StarterPackManager: StarterPack: Player.create() returned obj=268466133 for classId=44 name=StormStrike
[04.05.26 22:48:13:099] INFO instancemanager.StarterPackManager: StarterPack: initNewChar completed for StormStrike result=true
[04.05.26 22:48:13:111] INFO instancemanager.StarterPackManager: StarterPack: Player.restore() returned StormStrike for objId=268466133
[04.05.26 22:48:13:122] INFO instancemanager.StarterPackManager: StarterPack: Bot StormStrike entered world at -56758,-113605,-672
[04.05.26 22:48:13:123] INFO instancemanager.StarterPackManager: StarterPack: Spawned bot StormStrike (class=44/ORC_FIGHTER, race=ORC, objId=268466133)
[04.05.26 22:48:13:541] INFO instancemanager.StarterPackManager: StarterPack: Attempting to spawn classId=49 name=StormVeil
[04.05.26 22:48:13:541] INFO instancemanager.StarterPackManager: StarterPack: classId=49 validated as ORC_MAGE race=ORC
[04.05.26 22:48:13:546] INFO instancemanager.StarterPackManager: StarterPack: Player.create() returned obj=268466159 for classId=49 name=StormVeil
[04.05.26 22:48:13:621] INFO instancemanager.StarterPackManager: StarterPack: initNewChar completed for StormVeil result=true
[04.05.26 22:48:13:634] INFO instancemanager.StarterPackManager: StarterPack: Player.restore() returned StormVeil for objId=268466159
[04.05.26 22:48:13:643] INFO instancemanager.StarterPackManager: StarterPack: Bot StormVeil entered world at -56688,-113562,-672
[04.05.26 22:48:13:644] INFO instancemanager.StarterPackManager: StarterPack: Spawned bot StormVeil (class=49/ORC_MAGE, race=ORC, objId=268466159)
[04.05.26 22:48:14:042] INFO instancemanager.StarterPackManager: StarterPack: Attempting to spawn classId=53 name=StormWisp
[04.05.26 22:48:14:042] INFO instancemanager.StarterPackManager: StarterPack: classId=53 validated as DWARVEN_FIGHTER race=DWARF
[04.05.26 22:48:14:049] INFO instancemanager.StarterPackManager: StarterPack: Player.create() returned obj=268466181 for classId=53 name=StormWisp
[04.05.26 22:48:14:112] INFO instancemanager.StarterPackManager: StarterPack: initNewChar completed for StormWisp result=true
[04.05.26 22:48:14:124] INFO instancemanager.StarterPackManager: StarterPack: Player.restore() returned StormWisp for objId=268466181
[04.05.26 22:48:14:134] INFO instancemanager.StarterPackManager: StarterPack: Bot StormWisp entered world at 108589,-173998,-408
[04.05.26 22:48:14:134] INFO instancemanager.StarterPackManager: StarterPack: Spawned bot StormWisp (class=53/DWARVEN_FIGHTER, race=DWARF, objId=268466181)
[04.05.26 22:48:14:542] INFO instancemanager.StarterPackManager: StarterPack: Attempting to spawn classId=0 name=StormGloom
[04.05.26 22:48:14:542] INFO instancemanager.StarterPackManager: StarterPack: classId=0 validated as HUMAN_FIGHTER race=HUMAN
[04.05.26 22:48:14:547] INFO instancemanager.StarterPackManager: StarterPack: Player.create() returned obj=268466205 for classId=0 name=StormGloom
[04.05.26 22:48:14:614] INFO instancemanager.StarterPackManager: StarterPack: initNewChar completed for StormGloom result=true
[04.05.26 22:48:14:627] INFO instancemanager.StarterPackManager: StarterPack: Player.restore() returned StormGloom for objId=268466205
[04.05.26 22:48:14:638] INFO instancemanager.StarterPackManager: StarterPack: Bot StormGloom entered world at -71366,258320,-3080
[04.05.26 22:48:14:638] INFO instancemanager.StarterPackManager: StarterPack: Spawned bot StormGloom (class=0/HUMAN_FIGHTER, race=HUMAN, objId=268466205)
[04.05.26 22:48:15:042] INFO instancemanager.StarterPackManager: StarterPack: Attempting to spawn classId=10 name=StormStone
[04.05.26 22:48:15:042] INFO instancemanager.StarterPackManager: StarterPack: classId=10 validated as HUMAN_MAGE race=HUMAN
[04.05.26 22:48:15:047] INFO instancemanager.StarterPackManager: StarterPack: Player.create() returned obj=268466227 for classId=10 name=StormStone
[04.05.26 22:48:15:105] INFO instancemanager.StarterPackManager: StarterPack: initNewChar completed for StormStone result=true
[04.05.26 22:48:15:119] INFO instancemanager.StarterPackManager: StarterPack: Player.restore() returned StormStone for objId=268466227
[04.05.26 22:48:15:129] INFO instancemanager.StarterPackManager: StarterPack: Bot StormStone entered world at -90836,248067,-3568
[04.05.26 22:48:15:129] INFO instancemanager.StarterPackManager: StarterPack: Spawned bot StormStone (class=10/HUMAN_MAGE, race=HUMAN, objId=268466227)
[04.05.26 22:48:15:541] INFO instancemanager.StarterPackManager: StarterPack: Attempting to spawn classId=18 name=StormCrown
[04.05.26 22:48:15:541] INFO instancemanager.StarterPackManager: StarterPack: classId=18 validated as ELVEN_FIGHTER race=ELF
[04.05.26 22:48:15:548] INFO instancemanager.StarterPackManager: StarterPack: Player.create() returned obj=268466246 for classId=18 name=StormCrown
[04.05.26 22:48:15:623] INFO instancemanager.StarterPackManager: StarterPack: initNewChar completed for StormCrown result=true
[04.05.26 22:48:15:637] INFO instancemanager.StarterPackManager: StarterPack: Player.restore() returned StormCrown for objId=268466246
[04.05.26 22:48:15:648] INFO instancemanager.StarterPackManager: StarterPack: Bot StormCrown entered world at 46115,41190,-3504
[04.05.26 22:48:15:648] INFO instancemanager.StarterPackManager: StarterPack: Spawned bot StormCrown (class=18/ELVEN_FIGHTER, race=ELF, objId=268466246)
[04.05.26 22:48:16:041] INFO instancemanager.StarterPackManager: StarterPack: Attempting to spawn classId=25 name=StormThorn
[04.05.26 22:48:16:041] INFO instancemanager.StarterPackManager: StarterPack: classId=25 validated as ELVEN_MAGE race=ELF
[04.05.26 22:48:16:047] INFO instancemanager.StarterPackManager: StarterPack: Player.create() returned obj=268466273 for classId=25 name=StormThorn
[04.05.26 22:48:16:098] INFO instancemanager.StarterPackManager: StarterPack: initNewChar completed for StormThorn result=true
[04.05.26 22:48:16:112] INFO instancemanager.StarterPackManager: StarterPack: Player.restore() returned StormThorn for objId=268466273
[04.05.26 22:48:16:122] INFO instancemanager.StarterPackManager: StarterPack: Bot StormThorn entered world at 46044,41142,-3504
[04.05.26 22:48:16:123] INFO instancemanager.StarterPackManager: StarterPack: Spawned bot StormThorn (class=25/ELVEN_MAGE, race=ELF, objId=268466273)
[04.05.26 22:48:16:542] INFO instancemanager.StarterPackManager: StarterPack: Attempting to spawn classId=31 name=StormSpark
[04.05.26 22:48:16:542] INFO instancemanager.StarterPackManager: StarterPack: classId=31 validated as DARK_FIGHTER race=DARKELF
[04.05.26 22:48:16:547] INFO instancemanager.StarterPackManager: StarterPack: Player.create() returned obj=268466293 for classId=31 name=StormSpark
[04.05.26 22:48:16:612] INFO instancemanager.StarterPackManager: StarterPack: initNewChar completed for StormSpark result=true
[04.05.26 22:48:16:625] INFO instancemanager.StarterPackManager: StarterPack: Player.restore() returned StormSpark for objId=268466293
[04.05.26 22:48:16:636] INFO instancemanager.StarterPackManager: StarterPack: Bot StormSpark entered world at 28336,10993,-4232
[04.05.26 22:48:16:636] INFO instancemanager.StarterPackManager: StarterPack: Spawned bot StormSpark (class=31/DARK_FIGHTER, race=DARKELF, objId=268466293)
[04.05.26 22:48:17:041] INFO instancemanager.StarterPackManager: StarterPack: Attempting to spawn classId=38 name=StormFlash
[04.05.26 22:48:17:041] INFO instancemanager.StarterPackManager: StarterPack: classId=38 validated as DARK_MAGE race=DARKELF
[04.05.26 22:48:17:048] INFO instancemanager.StarterPackManager: StarterPack: Player.create() returned obj=268466309 for classId=38 name=StormFlash
[04.05.26 22:48:17:117] INFO instancemanager.StarterPackManager: StarterPack: initNewChar completed for StormFlash result=true
[04.05.26 22:48:17:130] INFO instancemanager.StarterPackManager: StarterPack: Player.restore() returned StormFlash for objId=268466309
[04.05.26 22:48:17:140] INFO instancemanager.StarterPackManager: StarterPack: Bot StormFlash entered world at 28368,11056,-4232
[04.05.26 22:48:17:140] INFO instancemanager.StarterPackManager: StarterPack: Spawned bot StormFlash (class=38/DARK_MAGE, race=DARKELF, objId=268466309)
[04.05.26 22:48:17:540] INFO instancemanager.StarterPackManager: StarterPack: Attempting to spawn classId=44 name=StormBloom
[04.05.26 22:48:17:540] INFO instancemanager.StarterPackManager: StarterPack: classId=44 validated as ORC_FIGHTER race=ORC
[04.05.26 22:48:17:545] INFO instancemanager.StarterPackManager: StarterPack: Player.create() returned obj=268466334 for classId=44 name=StormBloom
[04.05.26 22:48:17:601] INFO instancemanager.StarterPackManager: StarterPack: initNewChar completed for StormBloom result=true
[04.05.26 22:48:17:614] INFO instancemanager.StarterPackManager: StarterPack: Player.restore() returned StormBloom for objId=268466334
[04.05.26 22:48:17:624] INFO instancemanager.StarterPackManager: StarterPack: Bot StormBloom entered world at -56756,-113582,-672
[04.05.26 22:48:17:624] INFO instancemanager.StarterPackManager: StarterPack: Spawned bot StormBloom (class=44/ORC_FIGHTER, race=ORC, objId=268466334)
[04.05.26 22:48:18:040] INFO instancemanager.StarterPackManager: StarterPack: Attempting to spawn classId=49 name=StormCreek
[04.05.26 22:48:18:040] INFO instancemanager.StarterPackManager: StarterPack: classId=49 validated as ORC_MAGE race=ORC
[04.05.26 22:48:18:045] INFO instancemanager.StarterPackManager: StarterPack: Player.create() returned obj=268466359 for classId=49 name=StormCreek
[04.05.26 22:48:18:108] INFO instancemanager.StarterPackManager: StarterPack: initNewChar completed for StormCreek result=true
[04.05.26 22:48:18:122] INFO instancemanager.StarterPackManager: StarterPack: Player.restore() returned StormCreek for objId=268466359
[04.05.26 22:48:18:134] INFO instancemanager.StarterPackManager: StarterPack: Bot StormCreek entered world at -56735,-113616,-672
[04.05.26 22:48:18:134] INFO instancemanager.StarterPackManager: StarterPack: Spawned bot StormCreek (class=49/ORC_MAGE, race=ORC, objId=268466359)
[04.05.26 22:48:18:541] INFO instancemanager.StarterPackManager: StarterPack: Attempting to spawn classId=53 name=StormMarsh
[04.05.26 22:48:18:541] INFO instancemanager.StarterPackManager: StarterPack: classId=53 validated as DWARVEN_FIGHTER race=DWARF
[04.05.26 22:48:18:547] INFO instancemanager.StarterPackManager: StarterPack: Player.create() returned obj=268466386 for classId=53 name=StormMarsh
[04.05.26 22:48:18:613] INFO instancemanager.StarterPackManager: StarterPack: initNewChar completed for StormMarsh result=true
[04.05.26 22:48:18:628] INFO instancemanager.StarterPackManager: StarterPack: Player.restore() returned StormMarsh for objId=268466386
[04.05.26 22:48:18:639] INFO instancemanager.StarterPackManager: StarterPack: Bot StormMarsh entered world at 108618,-174034,-408
[04.05.26 22:48:18:639] INFO instancemanager.StarterPackManager: StarterPack: Spawned bot StormMarsh (class=53/DWARVEN_FIGHTER, race=DWARF, objId=268466386)
[04.05.26 22:48:19:040] INFO instancemanager.StarterPackManager: StarterPack: Attempting to spawn classId=0 name=StormField
[04.05.26 22:48:19:040] INFO instancemanager.StarterPackManager: StarterPack: classId=0 validated as HUMAN_FIGHTER race=HUMAN
[04.05.26 22:48:19:047] INFO instancemanager.StarterPackManager: StarterPack: Player.create() returned obj=268466405 for classId=0 name=StormField
[04.05.26 22:48:19:090] INFO instancemanager.StarterPackManager: StarterPack: initNewChar completed for StormField result=true
[04.05.26 22:48:19:102] INFO instancemanager.StarterPackManager: StarterPack: Player.restore() returned StormField for objId=268466405
[04.05.26 22:48:19:112] INFO instancemanager.StarterPackManager: StarterPack: Bot StormField entered world at -71416,258355,-3104
[04.05.26 22:48:19:112] INFO instancemanager.StarterPackManager: StarterPack: Spawned bot StormField (class=0/HUMAN_FIGHTER, race=HUMAN, objId=268466405)
[04.05.26 22:48:19:542] INFO instancemanager.StarterPackManager: StarterPack: Attempting to spawn classId=10 name=StormGrove
[04.05.26 22:48:19:542] INFO instancemanager.StarterPackManager: StarterPack: classId=10 validated as HUMAN_MAGE race=HUMAN
[04.05.26 22:48:19:547] INFO instancemanager.StarterPackManager: StarterPack: Player.create() returned obj=268466432 for classId=10 name=StormGrove
[04.05.26 22:48:19:618] INFO instancemanager.StarterPackManager: StarterPack: initNewChar completed for StormGrove result=true
[04.05.26 22:48:19:630] INFO instancemanager.StarterPackManager: StarterPack: Player.restore() returned StormGrove for objId=268466432
[04.05.26 22:48:19:640] INFO instancemanager.StarterPackManager: StarterPack: Bot StormGrove entered world at -90902,248079,-3568
[04.05.26 22:48:19:640] INFO instancemanager.StarterPackManager: StarterPack: Spawned bot StormGrove (class=10/HUMAN_MAGE, race=HUMAN, objId=268466432)
[04.05.26 22:48:20:041] INFO instancemanager.StarterPackManager: StarterPack: Attempting to spawn classId=18 name=StormCrest
[04.05.26 22:48:20:041] INFO instancemanager.StarterPackManager: StarterPack: classId=18 validated as ELVEN_FIGHTER race=ELF
[04.05.26 22:48:20:046] INFO instancemanager.StarterPackManager: StarterPack: Player.create() returned obj=268466456 for classId=18 name=StormCrest
[04.05.26 22:48:20:105] INFO instancemanager.StarterPackManager: StarterPack: initNewChar completed for StormCrest result=true
[04.05.26 22:48:20:119] INFO instancemanager.StarterPackManager: StarterPack: Player.restore() returned StormCrest for objId=268466456
[04.05.26 22:48:20:130] INFO instancemanager.StarterPackManager: StarterPack: Bot StormCrest entered world at 46087,41232,-3504
[04.05.26 22:48:20:130] INFO instancemanager.StarterPackManager: StarterPack: Spawned bot StormCrest (class=18/ELVEN_FIGHTER, race=ELF, objId=268466456)
[04.05.26 22:48:20:541] INFO instancemanager.StarterPackManager: StarterPack: Attempting to spawn classId=25 name=StormRidge
[04.05.26 22:48:20:541] INFO instancemanager.StarterPackManager: StarterPack: classId=25 validated as ELVEN_MAGE race=ELF
[04.05.26 22:48:20:546] INFO instancemanager.StarterPackManager: StarterPack: Player.create() returned obj=268466473 for classId=25 name=StormRidge
[04.05.26 22:48:20:622] INFO instancemanager.StarterPackManager: StarterPack: initNewChar completed for StormRidge result=true
[04.05.26 22:48:20:636] INFO instancemanager.StarterPackManager: StarterPack: Player.restore() returned StormRidge for objId=268466473
[04.05.26 22:48:20:646] INFO instancemanager.StarterPackManager: StarterPack: Bot StormRidge entered world at 46065,41188,-3504
[04.05.26 22:48:20:646] INFO instancemanager.StarterPackManager: StarterPack: Spawned bot StormRidge (class=25/ELVEN_MAGE, race=ELF, objId=268466473)
[04.05.26 22:48:21:040] INFO instancemanager.StarterPackManager: StarterPack: Attempting to spawn classId=31 name=StormDrake
[04.05.26 22:48:21:040] INFO instancemanager.StarterPackManager: StarterPack: classId=31 validated as DARK_FIGHTER race=DARKELF
[04.05.26 22:48:21:045] INFO instancemanager.StarterPackManager: StarterPack: Player.create() returned obj=268466496 for classId=31 name=StormDrake
[04.05.26 22:48:21:100] INFO instancemanager.StarterPackManager: StarterPack: initNewChar completed for StormDrake result=true
[04.05.26 22:48:21:114] INFO instancemanager.StarterPackManager: StarterPack: Player.restore() returned StormDrake for objId=268466496
[04.05.26 22:48:21:126] INFO instancemanager.StarterPackManager: StarterPack: Bot StormDrake entered world at 28386,11063,-4232
[04.05.26 22:48:21:126] INFO instancemanager.StarterPackManager: StarterPack: Spawned bot StormDrake (class=31/DARK_FIGHTER, race=DARKELF, objId=268466496)
[04.05.26 22:48:21:541] INFO instancemanager.StarterPackManager: StarterPack: Attempting to spawn classId=38 name=StormSerpent
[04.05.26 22:48:21:541] INFO instancemanager.StarterPackManager: StarterPack: classId=38 validated as DARK_MAGE race=DARKELF
[04.05.26 22:48:21:548] INFO instancemanager.StarterPackManager: StarterPack: Player.create() returned obj=268466518 for classId=38 name=StormSerpent
[04.05.26 22:48:21:623] INFO instancemanager.StarterPackManager: StarterPack: initNewChar completed for StormSerpent result=true
[04.05.26 22:48:21:637] INFO instancemanager.StarterPackManager: StarterPack: Player.restore() returned StormSerpent for objId=268466518
[04.05.26 22:48:21:648] INFO instancemanager.StarterPackManager: StarterPack: Bot StormSerpent entered world at 28382,11045,-4232
[04.05.26 22:48:21:648] INFO instancemanager.StarterPackManager: StarterPack: Spawned bot StormSerpent (class=38/DARK_MAGE, race=DARKELF, objId=268466518)
[04.05.26 22:48:22:042] INFO instancemanager.StarterPackManager: StarterPack: Attempting to spawn classId=44 name=VoidBlade
[04.05.26 22:48:22:042] INFO instancemanager.StarterPackManager: StarterPack: classId=44 validated as ORC_FIGHTER race=ORC
[04.05.26 22:48:22:046] INFO instancemanager.StarterPackManager: StarterPack: Player.create() returned obj=268466541 for classId=44 name=VoidBlade
[04.05.26 22:48:22:085] INFO instancemanager.StarterPackManager: StarterPack: initNewChar completed for VoidBlade result=true
[04.05.26 22:48:22:098] INFO instancemanager.StarterPackManager: StarterPack: Player.restore() returned VoidBlade for objId=268466541
[04.05.26 22:48:22:108] INFO instancemanager.StarterPackManager: StarterPack: Bot VoidBlade entered world at -56736,-113626,-672
[04.05.26 22:48:22:108] INFO instancemanager.StarterPackManager: StarterPack: Spawned bot VoidBlade (class=44/ORC_FIGHTER, race=ORC, objId=268466541)
[04.05.26 22:48:22:541] INFO instancemanager.StarterPackManager: StarterPack: Attempting to spawn classId=49 name=VoidFang
[04.05.26 22:48:22:541] INFO instancemanager.StarterPackManager: StarterPack: classId=49 validated as ORC_MAGE race=ORC
[04.05.26 22:48:22:548] INFO instancemanager.StarterPackManager: StarterPack: Player.create() returned obj=268466568 for classId=49 name=VoidFang
[04.05.26 22:48:22:618] INFO instancemanager.StarterPackManager: StarterPack: initNewChar completed for VoidFang result=true
[04.05.26 22:48:22:632] INFO instancemanager.StarterPackManager: StarterPack: Player.restore() returned VoidFang for objId=268466568
[04.05.26 22:48:22:640] INFO instancemanager.StarterPackManager: StarterPack: Bot VoidFang entered world at -56671,-113624,-672
[04.05.26 22:48:22:640] INFO instancemanager.StarterPackManager: StarterPack: Spawned bot VoidFang (class=49/ORC_MAGE, race=ORC, objId=268466568)
[04.05.26 22:48:23:041] INFO instancemanager.StarterPackManager: StarterPack: Attempting to spawn classId=53 name=VoidEdge
[04.05.26 22:48:23:041] INFO instancemanager.StarterPackManager: StarterPack: classId=53 validated as DWARVEN_FIGHTER race=DWARF
[04.05.26 22:48:23:046] INFO instancemanager.StarterPackManager: StarterPack: Player.create() returned obj=268466586 for classId=53 name=VoidEdge
[04.05.26 22:48:23:104] INFO instancemanager.StarterPackManager: StarterPack: initNewChar completed for VoidEdge result=true
[04.05.26 22:48:23:118] INFO instancemanager.StarterPackManager: StarterPack: Player.restore() returned VoidEdge for objId=268466586
[04.05.26 22:48:23:129] INFO instancemanager.StarterPackManager: StarterPack: Bot VoidEdge entered world at 108640,-174008,-408
[04.05.26 22:48:23:129] INFO instancemanager.StarterPackManager: StarterPack: Spawned bot VoidEdge (class=53/DWARVEN_FIGHTER, race=DWARF, objId=268466586)
[04.05.26 22:48:23:541] INFO instancemanager.StarterPackManager: StarterPack: Attempting to spawn classId=0 name=VoidCore
[04.05.26 22:48:23:541] INFO instancemanager.StarterPackManager: StarterPack: classId=0 validated as HUMAN_FIGHTER race=HUMAN
[04.05.26 22:48:23:547] INFO instancemanager.StarterPackManager: StarterPack: Player.create() returned obj=268466605 for classId=0 name=VoidCore
[04.05.26 22:48:23:584] INFO instancemanager.StarterPackManager: StarterPack: initNewChar completed for VoidCore result=true
[04.05.26 22:48:23:596] INFO instancemanager.StarterPackManager: StarterPack: Player.restore() returned VoidCore for objId=268466605
[04.05.26 22:48:23:613] INFO instancemanager.StarterPackManager: StarterPack: Bot VoidCore entered world at -71407,258309,-3104
[04.05.26 22:48:23:613] INFO instancemanager.StarterPackManager: StarterPack: Spawned bot VoidCore (class=0/HUMAN_FIGHTER, race=HUMAN, objId=268466605)
[04.05.26 22:48:24:041] INFO instancemanager.StarterPackManager: StarterPack: Attempting to spawn classId=10 name=VoidZone
[04.05.26 22:48:24:041] INFO instancemanager.StarterPackManager: StarterPack: classId=10 validated as HUMAN_MAGE race=HUMAN
[04.05.26 22:48:24:047] INFO instancemanager.StarterPackManager: StarterPack: Player.create() returned obj=268466634 for classId=10 name=VoidZone
[04.05.26 22:48:24:093] INFO instancemanager.StarterPackManager: StarterPack: initNewChar completed for VoidZone result=true
[04.05.26 22:48:24:106] INFO instancemanager.StarterPackManager: StarterPack: Player.restore() returned VoidZone for objId=268466634
[04.05.26 22:48:24:116] INFO instancemanager.StarterPackManager: StarterPack: Bot VoidZone entered world at -90881,248078,-3568
[04.05.26 22:48:24:116] INFO instancemanager.StarterPackManager: StarterPack: Spawned bot VoidZone (class=10/HUMAN_MAGE, race=HUMAN, objId=268466634)
[04.05.26 22:48:24:541] INFO instancemanager.StarterPackManager: StarterPack: Attempting to spawn classId=18 name=VoidClaw
[04.05.26 22:48:24:541] INFO instancemanager.StarterPackManager: StarterPack: classId=18 validated as ELVEN_FIGHTER race=ELF
[04.05.26 22:48:24:548] INFO instancemanager.StarterPackManager: StarterPack: Player.create() returned obj=268466652 for classId=18 name=VoidClaw
[04.05.26 22:48:24:612] INFO instancemanager.StarterPackManager: StarterPack: initNewChar completed for VoidClaw result=true
[04.05.26 22:48:24:624] INFO instancemanager.StarterPackManager: StarterPack: Player.restore() returned VoidClaw for objId=268466652
[04.05.26 22:48:24:634] INFO instancemanager.StarterPackManager: StarterPack: Bot VoidClaw entered world at 46049,41181,-3504
[04.05.26 22:48:24:634] INFO instancemanager.StarterPackManager: StarterPack: Spawned bot VoidClaw (class=18/ELVEN_FIGHTER, race=ELF, objId=268466652)
[04.05.26 22:48:25:041] INFO instancemanager.StarterPackManager: StarterPack: Attempting to spawn classId=25 name=VoidSoul
[04.05.26 22:48:25:041] INFO instancemanager.StarterPackManager: StarterPack: classId=25 validated as ELVEN_MAGE race=ELF
[04.05.26 22:48:25:047] INFO instancemanager.StarterPackManager: StarterPack: Player.create() returned obj=268466676 for classId=25 name=VoidSoul
[04.05.26 22:48:25:117] INFO instancemanager.StarterPackManager: StarterPack: initNewChar completed for VoidSoul result=true
[04.05.26 22:48:25:130] INFO instancemanager.StarterPackManager: StarterPack: Player.restore() returned VoidSoul for objId=268466676
[04.05.26 22:48:25:143] INFO instancemanager.StarterPackManager: StarterPack: Bot VoidSoul entered world at 46104,41146,-3504
[04.05.26 22:48:25:143] INFO instancemanager.StarterPackManager: StarterPack: Spawned bot VoidSoul (class=25/ELVEN_MAGE, race=ELF, objId=268466676)
[04.05.26 22:48:25:541] INFO instancemanager.StarterPackManager: StarterPack: Attempting to spawn classId=31 name=VoidStar
[04.05.26 22:48:25:541] INFO instancemanager.StarterPackManager: StarterPack: classId=31 validated as DARK_FIGHTER race=DARKELF
[04.05.26 22:48:25:545] INFO instancemanager.StarterPackManager: StarterPack: Player.create() returned obj=268466698 for classId=31 name=VoidStar
[04.05.26 22:48:25:584] INFO instancemanager.StarterPackManager: StarterPack: initNewChar completed for VoidStar result=true
[04.05.26 22:48:25:596] INFO instancemanager.StarterPackManager: StarterPack: Player.restore() returned VoidStar for objId=268466698
[04.05.26 22:48:25:608] INFO instancemanager.StarterPackManager: StarterPack: Bot VoidStar entered world at 28416,11026,-4232
[04.05.26 22:48:25:608] INFO instancemanager.StarterPackManager: StarterPack: Spawned bot VoidStar (class=31/DARK_FIGHTER, race=DARKELF, objId=268466698)
[04.05.26 22:48:26:041] INFO instancemanager.StarterPackManager: StarterPack: Attempting to spawn classId=38 name=VoidFire
[04.05.26 22:48:26:041] INFO instancemanager.StarterPackManager: StarterPack: classId=38 validated as DARK_MAGE race=DARKELF
[04.05.26 22:48:26:047] INFO instancemanager.StarterPackManager: StarterPack: Player.create() returned obj=268466724 for classId=38 name=VoidFire
[04.05.26 22:48:26:093] INFO instancemanager.StarterPackManager: StarterPack: initNewChar completed for VoidFire result=true
[04.05.26 22:48:26:106] INFO instancemanager.StarterPackManager: StarterPack: Player.restore() returned VoidFire for objId=268466724
[04.05.26 22:48:26:116] INFO instancemanager.StarterPackManager: StarterPack: Bot VoidFire entered world at 28385,10973,-4232
[04.05.26 22:48:26:116] INFO instancemanager.StarterPackManager: StarterPack: Spawned bot VoidFire (class=38/DARK_MAGE, race=DARKELF, objId=268466724)
[04.05.26 22:48:26:542] INFO instancemanager.StarterPackManager: StarterPack: Attempting to spawn classId=44 name=VoidWind
[04.05.26 22:48:26:542] INFO instancemanager.StarterPackManager: StarterPack: classId=44 validated as ORC_FIGHTER race=ORC
[04.05.26 22:48:26:549] INFO instancemanager.StarterPackManager: StarterPack: Player.create() returned obj=268466745 for classId=44 name=VoidWind
[04.05.26 22:48:26:610] INFO instancemanager.StarterPackManager: StarterPack: initNewChar completed for VoidWind result=true
[04.05.26 22:48:26:624] INFO instancemanager.StarterPackManager: StarterPack: Player.restore() returned VoidWind for objId=268466745
[04.05.26 22:48:26:633] INFO instancemanager.StarterPackManager: StarterPack: Bot VoidWind entered world at -56749,-113602,-672
[04.05.26 22:48:26:634] INFO instancemanager.StarterPackManager: StarterPack: Spawned bot VoidWind (class=44/ORC_FIGHTER, race=ORC, objId=268466745)
[04.05.26 22:48:27:041] INFO instancemanager.StarterPackManager: StarterPack: Attempting to spawn classId=49 name=VoidRage
[04.05.26 22:48:27:041] INFO instancemanager.StarterPackManager: StarterPack: classId=49 validated as ORC_MAGE race=ORC
[04.05.26 22:48:27:046] INFO instancemanager.StarterPackManager: StarterPack: Player.create() returned obj=268466774 for classId=49 name=VoidRage
[04.05.26 22:48:27:113] INFO instancemanager.StarterPackManager: StarterPack: initNewChar completed for VoidRage result=true
[04.05.26 22:48:27:128] INFO instancemanager.StarterPackManager: StarterPack: Player.restore() returned VoidRage for objId=268466774
[04.05.26 22:48:27:140] INFO instancemanager.StarterPackManager: StarterPack: Bot VoidRage entered world at -56694,-113592,-672
[04.05.26 22:48:27:140] INFO instancemanager.StarterPackManager: StarterPack: Spawned bot VoidRage (class=49/ORC_MAGE, race=ORC, objId=268466774)
[04.05.26 22:48:27:540] INFO instancemanager.StarterPackManager: StarterPack: Attempting to spawn classId=53 name=VoidHawk
[04.05.26 22:48:27:541] INFO instancemanager.StarterPackManager: StarterPack: classId=53 validated as DWARVEN_FIGHTER race=DWARF
[04.05.26 22:48:27:545] INFO instancemanager.StarterPackManager: StarterPack: Player.create() returned obj=268466801 for classId=53 name=VoidHawk
[04.05.26 22:48:27:584] INFO instancemanager.StarterPackManager: StarterPack: initNewChar completed for VoidHawk result=true
[04.05.26 22:48:27:598] INFO instancemanager.StarterPackManager: StarterPack: Player.restore() returned VoidHawk for objId=268466801
[04.05.26 22:48:27:608] INFO instancemanager.StarterPackManager: StarterPack: Bot VoidHawk entered world at 108542,-174053,-408
[04.05.26 22:48:27:609] INFO instancemanager.StarterPackManager: StarterPack: Spawned bot VoidHawk (class=53/DWARVEN_FIGHTER, race=DWARF, objId=268466801)
[04.05.26 22:48:28:041] INFO instancemanager.StarterPackManager: StarterPack: Attempting to spawn classId=0 name=VoidWolf
[04.05.26 22:48:28:041] INFO instancemanager.StarterPackManager: StarterPack: classId=0 validated as HUMAN_FIGHTER race=HUMAN
[04.05.26 22:48:28:048] INFO instancemanager.StarterPackManager: StarterPack: Player.create() returned obj=268466827 for classId=0 name=VoidWolf
[04.05.26 22:48:28:094] INFO instancemanager.StarterPackManager: StarterPack: initNewChar completed for VoidWolf result=true
[04.05.26 22:48:28:106] INFO instancemanager.StarterPackManager: StarterPack: Player.restore() returned VoidWolf for objId=268466827
[04.05.26 22:48:28:115] INFO instancemanager.StarterPackManager: StarterPack: Bot VoidWolf entered world at -71387,258347,-3080
[04.05.26 22:48:28:115] INFO instancemanager.StarterPackManager: StarterPack: Spawned bot VoidWolf (class=0/HUMAN_FIGHTER, race=HUMAN, objId=268466827)
[04.05.26 22:48:28:541] INFO instancemanager.StarterPackManager: StarterPack: Attempting to spawn classId=10 name=VoidStrike
[04.05.26 22:48:28:541] INFO instancemanager.StarterPackManager: StarterPack: classId=10 validated as HUMAN_MAGE race=HUMAN
[04.05.26 22:48:28:546] INFO instancemanager.StarterPackManager: StarterPack: Player.create() returned obj=268466846 for classId=10 name=VoidStrike
[04.05.26 22:48:28:613] INFO instancemanager.StarterPackManager: StarterPack: initNewChar completed for VoidStrike result=true
[04.05.26 22:48:28:628] INFO instancemanager.StarterPackManager: StarterPack: Player.restore() returned VoidStrike for objId=268466846
[04.05.26 22:48:28:638] INFO instancemanager.StarterPackManager: StarterPack: Bot VoidStrike entered world at -90873,248093,-3568
[04.05.26 22:48:28:638] INFO instancemanager.StarterPackManager: StarterPack: Spawned bot VoidStrike (class=10/HUMAN_MAGE, race=HUMAN, objId=268466846)
[04.05.26 22:48:29:041] INFO instancemanager.StarterPackManager: StarterPack: Attempting to spawn classId=18 name=VoidVeil
[04.05.26 22:48:29:041] INFO instancemanager.StarterPackManager: StarterPack: classId=18 validated as ELVEN_FIGHTER race=ELF
[04.05.26 22:48:29:046] INFO instancemanager.StarterPackManager: StarterPack: Player.create() returned obj=268466876 for classId=18 name=VoidVeil
[04.05.26 22:48:29:096] INFO instancemanager.StarterPackManager: StarterPack: initNewChar completed for VoidVeil result=true
[04.05.26 22:48:29:110] INFO instancemanager.StarterPackManager: StarterPack: Player.restore() returned VoidVeil for objId=268466876
[04.05.26 22:48:29:122] INFO instancemanager.StarterPackManager: StarterPack: Bot VoidVeil entered world at 46119,41188,-3504
[04.05.26 22:48:29:122] INFO instancemanager.StarterPackManager: StarterPack: Spawned bot VoidVeil (class=18/ELVEN_FIGHTER, race=ELF, objId=268466876)
[04.05.26 22:48:29:542] INFO instancemanager.StarterPackManager: StarterPack: Attempting to spawn classId=25 name=VoidWisp
[04.05.26 22:48:29:542] INFO instancemanager.StarterPackManager: StarterPack: classId=25 validated as ELVEN_MAGE race=ELF
[04.05.26 22:48:29:548] INFO instancemanager.StarterPackManager: StarterPack: Player.create() returned obj=268466912 for classId=25 name=VoidWisp
[04.05.26 22:48:29:599] INFO instancemanager.StarterPackManager: StarterPack: initNewChar completed for VoidWisp result=true
[04.05.26 22:48:29:611] INFO instancemanager.StarterPackManager: StarterPack: Player.restore() returned VoidWisp for objId=268466912
[04.05.26 22:48:29:620] INFO instancemanager.StarterPackManager: StarterPack: Bot VoidWisp entered world at 46093,41225,-3504
[04.05.26 22:48:29:620] INFO instancemanager.StarterPackManager: StarterPack: Spawned bot VoidWisp (class=25/ELVEN_MAGE, race=ELF, objId=268466912)
[04.05.26 22:48:30:042] INFO instancemanager.StarterPackManager: StarterPack: Attempting to spawn classId=31 name=VoidGloom
[04.05.26 22:48:30:042] INFO instancemanager.StarterPackManager: StarterPack: classId=31 validated as DARK_FIGHTER race=DARKELF
[04.05.26 22:48:30:048] INFO instancemanager.StarterPackManager: StarterPack: Player.create() returned obj=268466947 for classId=31 name=VoidGloom
[04.05.26 22:48:30:093] INFO instancemanager.StarterPackManager: StarterPack: initNewChar completed for VoidGloom result=true
[04.05.26 22:48:30:106] INFO instancemanager.StarterPackManager: StarterPack: Player.restore() returned VoidGloom for objId=268466947
[04.05.26 22:48:30:115] INFO instancemanager.StarterPackManager: StarterPack: Bot VoidGloom entered world at 28411,11002,-4232
[04.05.26 22:48:30:115] INFO instancemanager.StarterPackManager: StarterPack: Spawned bot VoidGloom (class=31/DARK_FIGHTER, race=DARKELF, objId=268466947)
[04.05.26 22:48:30:541] INFO instancemanager.StarterPackManager: StarterPack: Attempting to spawn classId=38 name=VoidStone
[04.05.26 22:48:30:541] INFO instancemanager.StarterPackManager: StarterPack: classId=38 validated as DARK_MAGE race=DARKELF
[04.05.26 22:48:30:545] INFO instancemanager.StarterPackManager: StarterPack: Player.create() returned obj=268466977 for classId=38 name=VoidStone
[04.05.26 22:48:30:615] INFO instancemanager.StarterPackManager: StarterPack: initNewChar completed for VoidStone result=true
[04.05.26 22:48:30:628] INFO instancemanager.StarterPackManager: StarterPack: Player.restore() returned VoidStone for objId=268466977
[04.05.26 22:48:30:641] INFO instancemanager.StarterPackManager: StarterPack: Bot VoidStone entered world at 28397,11018,-4232
[04.05.26 22:48:30:642] INFO instancemanager.StarterPackManager: StarterPack: Spawned bot VoidStone (class=38/DARK_MAGE, race=DARKELF, objId=268466977)
[04.05.26 22:48:31:041] INFO instancemanager.StarterPackManager: StarterPack: Attempting to spawn classId=44 name=VoidCrown
[04.05.26 22:48:31:041] INFO instancemanager.StarterPackManager: StarterPack: classId=44 validated as ORC_FIGHTER race=ORC
[04.05.26 22:48:31:047] INFO instancemanager.StarterPackManager: StarterPack: Player.create() returned obj=268467013 for classId=44 name=VoidCrown
[04.05.26 22:48:31:098] INFO instancemanager.StarterPackManager: StarterPack: initNewChar completed for VoidCrown result=true
[04.05.26 22:48:31:111] INFO instancemanager.StarterPackManager: StarterPack: Player.restore() returned VoidCrown for objId=268467013
[04.05.26 22:48:31:124] INFO instancemanager.StarterPackManager: StarterPack: Bot VoidCrown entered world at -56682,-113573,-672
[04.05.26 22:48:31:124] INFO instancemanager.StarterPackManager: StarterPack: Spawned bot VoidCrown (class=44/ORC_FIGHTER, race=ORC, objId=268467013)
[04.05.26 22:48:31:541] INFO instancemanager.StarterPackManager: StarterPack: Attempting to spawn classId=49 name=VoidThorn
[04.05.26 22:48:31:541] INFO instancemanager.StarterPackManager: StarterPack: classId=49 validated as ORC_MAGE race=ORC
[04.05.26 22:48:31:547] INFO instancemanager.StarterPackManager: StarterPack: Player.create() returned obj=268467060 for classId=49 name=VoidThorn
[04.05.26 22:48:31:598] INFO instancemanager.StarterPackManager: StarterPack: initNewChar completed for VoidThorn result=true
[04.05.26 22:48:31:611] INFO instancemanager.StarterPackManager: StarterPack: Player.restore() returned VoidThorn for objId=268467060
[04.05.26 22:48:31:620] INFO instancemanager.StarterPackManager: StarterPack: Bot VoidThorn entered world at -56739,-113616,-672
[04.05.26 22:48:31:620] INFO instancemanager.StarterPackManager: StarterPack: Spawned bot VoidThorn (class=49/ORC_MAGE, race=ORC, objId=268467060)
[04.05.26 22:48:32:041] INFO instancemanager.StarterPackManager: StarterPack: Attempting to spawn classId=53 name=VoidSpark
[04.05.26 22:48:32:041] INFO instancemanager.StarterPackManager: StarterPack: classId=53 validated as DWARVEN_FIGHTER race=DWARF
[04.05.26 22:48:32:048] INFO instancemanager.StarterPackManager: StarterPack: Player.create() returned obj=268467097 for classId=53 name=VoidSpark
[04.05.26 22:48:32:091] INFO instancemanager.StarterPackManager: StarterPack: initNewChar completed for VoidSpark result=true
[04.05.26 22:48:32:105] INFO instancemanager.StarterPackManager: StarterPack: Player.restore() returned VoidSpark for objId=268467097
[04.05.26 22:48:32:114] INFO instancemanager.StarterPackManager: StarterPack: Bot VoidSpark entered world at 108596,-174054,-408
[04.05.26 22:48:32:114] INFO instancemanager.StarterPackManager: StarterPack: Spawned bot VoidSpark (class=53/DWARVEN_FIGHTER, race=DWARF, objId=268467097)
[04.05.26 22:48:32:541] INFO instancemanager.StarterPackManager: StarterPack: Attempting to spawn classId=0 name=VoidFlash
[04.05.26 22:48:32:541] INFO instancemanager.StarterPackManager: StarterPack: classId=0 validated as HUMAN_FIGHTER race=HUMAN
[04.05.26 22:48:32:546] INFO instancemanager.StarterPackManager: StarterPack: Player.create() returned obj=268467132 for classId=0 name=VoidFlash
[04.05.26 22:48:32:600] INFO instancemanager.StarterPackManager: StarterPack: initNewChar completed for VoidFlash result=true
[04.05.26 22:48:32:614] INFO instancemanager.StarterPackManager: StarterPack: Player.restore() returned VoidFlash for objId=268467132
[04.05.26 22:48:32:625] INFO instancemanager.StarterPackManager: StarterPack: Bot VoidFlash entered world at -71415,258278,-3104
[04.05.26 22:48:32:625] INFO instancemanager.StarterPackManager: StarterPack: Spawned bot VoidFlash (class=0/HUMAN_FIGHTER, race=HUMAN, objId=268467132)
[04.05.26 22:48:33:041] INFO instancemanager.StarterPackManager: StarterPack: Attempting to spawn classId=10 name=VoidBloom
[04.05.26 22:48:33:041] INFO instancemanager.StarterPackManager: StarterPack: classId=10 validated as HUMAN_MAGE race=HUMAN
[04.05.26 22:48:33:047] INFO instancemanager.StarterPackManager: StarterPack: Player.create() returned obj=268467174 for classId=10 name=VoidBloom
[04.05.26 22:48:33:116] INFO instancemanager.StarterPackManager: StarterPack: initNewChar completed for VoidBloom result=true
[04.05.26 22:48:33:131] INFO instancemanager.StarterPackManager: StarterPack: Player.restore() returned VoidBloom for objId=268467174
[04.05.26 22:48:33:142] INFO instancemanager.StarterPackManager: StarterPack: Bot VoidBloom entered world at -90887,248041,-3568
[04.05.26 22:48:33:142] INFO instancemanager.StarterPackManager: StarterPack: Spawned bot VoidBloom (class=10/HUMAN_MAGE, race=HUMAN, objId=268467174)
[04.05.26 22:48:33:542] INFO instancemanager.StarterPackManager: StarterPack: Attempting to spawn classId=18 name=VoidCreek
[04.05.26 22:48:33:542] INFO instancemanager.StarterPackManager: StarterPack: classId=18 validated as ELVEN_FIGHTER race=ELF
[04.05.26 22:48:33:553] INFO instancemanager.StarterPackManager: StarterPack: Player.create() returned obj=268467197 for classId=18 name=VoidCreek
[04.05.26 22:48:33:591] INFO instancemanager.StarterPackManager: StarterPack: initNewChar completed for VoidCreek result=true
[04.05.26 22:48:33:604] INFO instancemanager.StarterPackManager: StarterPack: Player.restore() returned VoidCreek for objId=268467197
[04.05.26 22:48:33:614] INFO instancemanager.StarterPackManager: StarterPack: Bot VoidCreek entered world at 46063,41240,-3504
[04.05.26 22:48:33:615] INFO instancemanager.StarterPackManager: StarterPack: Spawned bot VoidCreek (class=18/ELVEN_FIGHTER, race=ELF, objId=268467197)
[04.05.26 22:48:34:041] INFO instancemanager.StarterPackManager: StarterPack: Attempting to spawn classId=25 name=VoidMarsh
[04.05.26 22:48:34:041] INFO instancemanager.StarterPackManager: StarterPack: classId=25 validated as ELVEN_MAGE race=ELF
[04.05.26 22:48:34:046] INFO instancemanager.StarterPackManager: StarterPack: Player.create() returned obj=268467231 for classId=25 name=VoidMarsh
[04.05.26 22:48:34:096] INFO instancemanager.StarterPackManager: StarterPack: initNewChar completed for VoidMarsh result=true
[04.05.26 22:48:34:110] INFO instancemanager.StarterPackManager: StarterPack: Player.restore() returned VoidMarsh for objId=268467231
[04.05.26 22:48:34:123] INFO instancemanager.StarterPackManager: StarterPack: Bot VoidMarsh entered world at 46052,41172,-3504
[04.05.26 22:48:34:123] INFO instancemanager.StarterPackManager: StarterPack: Spawned bot VoidMarsh (class=25/ELVEN_MAGE, race=ELF, objId=268467231)
[04.05.26 22:48:34:541] INFO instancemanager.StarterPackManager: StarterPack: Attempting to spawn classId=31 name=VoidField
[04.05.26 22:48:34:541] INFO instancemanager.StarterPackManager: StarterPack: classId=31 validated as DARK_FIGHTER race=DARKELF
[04.05.26 22:48:34:547] INFO instancemanager.StarterPackManager: StarterPack: Player.create() returned obj=268467257 for classId=31 name=VoidField
[04.05.26 22:48:34:603] INFO instancemanager.StarterPackManager: StarterPack: initNewChar completed for VoidField result=true
[04.05.26 22:48:34:615] INFO instancemanager.StarterPackManager: StarterPack: Player.restore() returned VoidField for objId=268467257
[04.05.26 22:48:34:623] INFO instancemanager.StarterPackManager: StarterPack: Bot VoidField entered world at 28357,11018,-4232
[04.05.26 22:48:34:623] INFO instancemanager.StarterPackManager: StarterPack: Spawned bot VoidField (class=31/DARK_FIGHTER, race=DARKELF, objId=268467257)
[04.05.26 22:48:35:041] INFO instancemanager.StarterPackManager: StarterPack: Attempting to spawn classId=38 name=VoidGrove
[04.05.26 22:48:35:041] INFO instancemanager.StarterPackManager: StarterPack: classId=38 validated as DARK_MAGE race=DARKELF
[04.05.26 22:48:35:048] INFO instancemanager.StarterPackManager: StarterPack: Player.create() returned obj=268467294 for classId=38 name=VoidGrove
[04.05.26 22:48:35:113] INFO instancemanager.StarterPackManager: StarterPack: initNewChar completed for VoidGrove result=true
[04.05.26 22:48:35:126] INFO instancemanager.StarterPackManager: StarterPack: Player.restore() returned VoidGrove for objId=268467294
[04.05.26 22:48:35:136] INFO instancemanager.StarterPackManager: StarterPack: Bot VoidGrove entered world at 28362,11050,-4232
[04.05.26 22:48:35:136] INFO instancemanager.StarterPackManager: StarterPack: Spawned bot VoidGrove (class=38/DARK_MAGE, race=DARKELF, objId=268467294)
[04.05.26 22:48:35:541] INFO instancemanager.StarterPackManager: StarterPack: Attempting to spawn classId=44 name=VoidCrest
[04.05.26 22:48:35:541] INFO instancemanager.StarterPackManager: StarterPack: classId=44 validated as ORC_FIGHTER race=ORC
[04.05.26 22:48:35:545] INFO instancemanager.StarterPackManager: StarterPack: Player.create() returned obj=268467335 for classId=44 name=VoidCrest
[04.05.26 22:48:35:601] INFO instancemanager.StarterPackManager: StarterPack: initNewChar completed for VoidCrest result=true
[04.05.26 22:48:35:616] INFO instancemanager.StarterPackManager: StarterPack: Player.restore() returned VoidCrest for objId=268467335
[04.05.26 22:48:35:627] INFO instancemanager.StarterPackManager: StarterPack: Bot VoidCrest entered world at -56716,-113571,-672
[04.05.26 22:48:35:628] INFO instancemanager.StarterPackManager: StarterPack: Spawned bot VoidCrest (class=44/ORC_FIGHTER, race=ORC, objId=268467335)
[04.05.26 22:48:36:041] INFO instancemanager.StarterPackManager: StarterPack: Attempting to spawn classId=49 name=VoidRidge
[04.05.26 22:48:36:041] INFO instancemanager.StarterPackManager: StarterPack: classId=49 validated as ORC_MAGE race=ORC
[04.05.26 22:48:36:046] INFO instancemanager.StarterPackManager: StarterPack: Player.create() returned obj=268467370 for classId=49 name=VoidRidge
[04.05.26 22:48:36:109] INFO instancemanager.StarterPackManager: StarterPack: initNewChar completed for VoidRidge result=true
[04.05.26 22:48:36:124] INFO instancemanager.StarterPackManager: StarterPack: Player.restore() returned VoidRidge for objId=268467370
[04.05.26 22:48:36:135] INFO instancemanager.StarterPackManager: StarterPack: Bot VoidRidge entered world at -56682,-113586,-672
[04.05.26 22:48:36:135] INFO instancemanager.StarterPackManager: StarterPack: Spawned bot VoidRidge (class=49/ORC_MAGE, race=ORC, objId=268467370)
[04.05.26 22:48:36:541] INFO instancemanager.StarterPackManager: StarterPack: Attempting to spawn classId=53 name=VoidDrake
[04.05.26 22:48:36:541] INFO instancemanager.StarterPackManager: StarterPack: classId=53 validated as DWARVEN_FIGHTER race=DWARF
[04.05.26 22:48:36:548] INFO instancemanager.StarterPackManager: StarterPack: Player.create() returned obj=268467408 for classId=53 name=VoidDrake
[04.05.26 22:48:36:591] INFO instancemanager.StarterPackManager: StarterPack: initNewChar completed for VoidDrake result=true
[04.05.26 22:48:36:604] INFO instancemanager.StarterPackManager: StarterPack: Player.restore() returned VoidDrake for objId=268467408
[04.05.26 22:48:36:613] INFO instancemanager.StarterPackManager: StarterPack: Bot VoidDrake entered world at 108618,-174013,-408
[04.05.26 22:48:36:613] INFO instancemanager.StarterPackManager: StarterPack: Spawned bot VoidDrake (class=53/DWARVEN_FIGHTER, race=DWARF, objId=268467408)
[04.05.26 22:48:37:040] INFO instancemanager.StarterPackManager: StarterPack: Attempting to spawn classId=0 name=VoidSerpent
[04.05.26 22:48:37:040] INFO instancemanager.StarterPackManager: StarterPack: classId=0 validated as HUMAN_FIGHTER race=HUMAN
[04.05.26 22:48:37:047] INFO instancemanager.StarterPackManager: StarterPack: Player.create() returned obj=268467443 for classId=0 name=VoidSerpent
[04.05.26 22:48:37:090] INFO instancemanager.StarterPackManager: StarterPack: initNewChar completed for VoidSerpent result=true
[04.05.26 22:48:37:103] INFO instancemanager.StarterPackManager: StarterPack: Player.restore() returned VoidSerpent for objId=268467443
[04.05.26 22:48:37:112] INFO instancemanager.StarterPackManager: StarterPack: Bot VoidSerpent entered world at -71436,258334,-3104
[04.05.26 22:48:37:113] INFO instancemanager.StarterPackManager: StarterPack: Spawned bot VoidSerpent (class=0/HUMAN_FIGHTER, race=HUMAN, objId=268467443)
[04.05.26 22:48:37:541] INFO instancemanager.StarterPackManager: StarterPack: Attempting to spawn classId=10 name=NeonBlade
[04.05.26 22:48:37:541] INFO instancemanager.StarterPackManager: StarterPack: classId=10 validated as HUMAN_MAGE race=HUMAN
[04.05.26 22:48:37:546] INFO instancemanager.StarterPackManager: StarterPack: Player.create() returned obj=268467477 for classId=10 name=NeonBlade
[04.05.26 22:48:37:612] INFO instancemanager.StarterPackManager: StarterPack: initNewChar completed for NeonBlade result=true
[04.05.26 22:48:37:626] INFO instancemanager.StarterPackManager: StarterPack: Player.restore() returned NeonBlade for objId=268467477
[04.05.26 22:48:37:638] INFO instancemanager.StarterPackManager: StarterPack: Bot NeonBlade entered world at -90899,248076,-3568
[04.05.26 22:48:37:638] INFO instancemanager.StarterPackManager: StarterPack: Spawned bot NeonBlade (class=10/HUMAN_MAGE, race=HUMAN, objId=268467477)
[04.05.26 22:48:38:041] INFO instancemanager.StarterPackManager: StarterPack: Attempting to spawn classId=18 name=NeonFang
[04.05.26 22:48:38:041] INFO instancemanager.StarterPackManager: StarterPack: classId=18 validated as ELVEN_FIGHTER race=ELF
[04.05.26 22:48:38:046] INFO instancemanager.StarterPackManager: StarterPack: Player.create() returned obj=268467509 for classId=18 name=NeonFang
[04.05.26 22:48:38:105] INFO instancemanager.StarterPackManager: StarterPack: initNewChar completed for NeonFang result=true
[04.05.26 22:48:38:119] INFO instancemanager.StarterPackManager: StarterPack: Player.restore() returned NeonFang for objId=268467509
[04.05.26 22:48:38:132] INFO instancemanager.StarterPackManager: StarterPack: Bot NeonFang entered world at 46123,41147,-3504
[04.05.26 22:48:38:132] INFO instancemanager.StarterPackManager: StarterPack: Spawned bot NeonFang (class=18/ELVEN_FIGHTER, race=ELF, objId=268467509)
[04.05.26 22:48:38:541] INFO instancemanager.StarterPackManager: StarterPack: Attempting to spawn classId=25 name=NeonEdge
[04.05.26 22:48:38:541] INFO instancemanager.StarterPackManager: StarterPack: classId=25 validated as ELVEN_MAGE race=ELF
[04.05.26 22:48:38:548] INFO instancemanager.StarterPackManager: StarterPack: Player.create() returned obj=268467545 for classId=25 name=NeonEdge
[04.05.26 22:48:38:596] INFO instancemanager.StarterPackManager: StarterPack: initNewChar completed for NeonEdge result=true
[04.05.26 22:48:38:608] INFO instancemanager.StarterPackManager: StarterPack: Player.restore() returned NeonEdge for objId=268467545
[04.05.26 22:48:38:618] INFO instancemanager.StarterPackManager: StarterPack: Bot NeonEdge entered world at 46063,41221,-3504
[04.05.26 22:48:38:618] INFO instancemanager.StarterPackManager: StarterPack: Spawned bot NeonEdge (class=25/ELVEN_MAGE, race=ELF, objId=268467545)
[04.05.26 22:48:39:040] INFO instancemanager.StarterPackManager: StarterPack: Attempting to spawn classId=31 name=NeonCore
[04.05.26 22:48:39:040] INFO instancemanager.StarterPackManager: StarterPack: classId=31 validated as DARK_FIGHTER race=DARKELF
[04.05.26 22:48:39:045] INFO instancemanager.StarterPackManager: StarterPack: Player.create() returned obj=268467584 for classId=31 name=NeonCore
[04.05.26 22:48:39:084] INFO instancemanager.StarterPackManager: StarterPack: initNewChar completed for NeonCore result=true
[04.05.26 22:48:39:096] INFO instancemanager.StarterPackManager: StarterPack: Player.restore() returned NeonCore for objId=268467584
[04.05.26 22:48:39:106] INFO instancemanager.StarterPackManager: StarterPack: Bot NeonCore entered world at 28335,11070,-4232
[04.05.26 22:48:39:107] INFO instancemanager.StarterPackManager: StarterPack: Spawned bot NeonCore (class=31/DARK_FIGHTER, race=DARKELF, objId=268467584)
[04.05.26 22:48:39:541] INFO instancemanager.StarterPackManager: StarterPack: Attempting to spawn classId=38 name=NeonZone
[04.05.26 22:48:39:541] INFO instancemanager.StarterPackManager: StarterPack: classId=38 validated as DARK_MAGE race=DARKELF
[04.05.26 22:48:39:545] INFO instancemanager.StarterPackManager: StarterPack: Player.create() returned obj=268467622 for classId=38 name=NeonZone
[04.05.26 22:48:39:618] INFO instancemanager.StarterPackManager: StarterPack: initNewChar completed for NeonZone result=true
[04.05.26 22:48:39:631] INFO instancemanager.StarterPackManager: StarterPack: Player.restore() returned NeonZone for objId=268467622
[04.05.26 22:48:39:641] INFO instancemanager.StarterPackManager: StarterPack: Bot NeonZone entered world at 28360,11059,-4232
[04.05.26 22:48:39:641] INFO instancemanager.StarterPackManager: StarterPack: Spawned bot NeonZone (class=38/DARK_MAGE, race=DARKELF, objId=268467622)
[04.05.26 22:48:40:041] INFO instancemanager.StarterPackManager: StarterPack: Attempting to spawn classId=44 name=NeonClaw
[04.05.26 22:48:40:041] INFO instancemanager.StarterPackManager: StarterPack: classId=44 validated as ORC_FIGHTER race=ORC
[04.05.26 22:48:40:047] INFO instancemanager.StarterPackManager: StarterPack: Player.create() returned obj=268467654 for classId=44 name=NeonClaw
[04.05.26 22:48:40:100] INFO instancemanager.StarterPackManager: StarterPack: initNewChar completed for NeonClaw result=true
[04.05.26 22:48:40:113] INFO instancemanager.StarterPackManager: StarterPack: Player.restore() returned NeonClaw for objId=268467654
[04.05.26 22:48:40:123] INFO instancemanager.StarterPackManager: StarterPack: Bot NeonClaw entered world at -56738,-113617,-672
[04.05.26 22:48:40:123] INFO instancemanager.StarterPackManager: StarterPack: Spawned bot NeonClaw (class=44/ORC_FIGHTER, race=ORC, objId=268467654)
[04.05.26 22:48:40:541] INFO instancemanager.StarterPackManager: StarterPack: Attempting to spawn classId=49 name=NeonSoul
[04.05.26 22:48:40:541] INFO instancemanager.StarterPackManager: StarterPack: classId=49 validated as ORC_MAGE race=ORC
[04.05.26 22:48:40:546] INFO instancemanager.StarterPackManager: StarterPack: Player.create() returned obj=268467685 for classId=49 name=NeonSoul
[04.05.26 22:48:40:603] INFO instancemanager.StarterPackManager: StarterPack: initNewChar completed for NeonSoul result=true
[04.05.26 22:48:40:617] INFO instancemanager.StarterPackManager: StarterPack: Player.restore() returned NeonSoul for objId=268467685
[04.05.26 22:48:40:630] INFO instancemanager.StarterPackManager: StarterPack: Bot NeonSoul entered world at -56705,-113624,-672
[04.05.26 22:48:40:630] INFO instancemanager.StarterPackManager: StarterPack: Spawned bot NeonSoul (class=49/ORC_MAGE, race=ORC, objId=268467685)
[04.05.26 22:48:41:041] INFO instancemanager.StarterPackManager: StarterPack: Attempting to spawn classId=53 name=NeonStar
[04.05.26 22:48:41:041] INFO instancemanager.StarterPackManager: StarterPack: classId=53 validated as DWARVEN_FIGHTER race=DWARF
[04.05.26 22:48:41:045] INFO instancemanager.StarterPackManager: StarterPack: Player.create() returned obj=268467720 for classId=53 name=NeonStar
[04.05.26 22:48:41:096] INFO instancemanager.StarterPackManager: StarterPack: initNewChar completed for NeonStar result=true
[04.05.26 22:48:41:109] INFO instancemanager.StarterPackManager: StarterPack: Player.restore() returned NeonStar for objId=268467720
[04.05.26 22:48:41:124] INFO instancemanager.StarterPackManager: StarterPack: Bot NeonStar entered world at 108630,-173988,-408
[04.05.26 22:48:41:124] INFO instancemanager.StarterPackManager: StarterPack: Spawned bot NeonStar (class=53/DWARVEN_FIGHTER, race=DWARF, objId=268467720)
[04.05.26 22:48:41:542] INFO instancemanager.StarterPackManager: StarterPack: Attempting to spawn classId=0 name=NeonFire
[04.05.26 22:48:41:542] INFO instancemanager.StarterPackManager: StarterPack: classId=0 validated as HUMAN_FIGHTER race=HUMAN
[04.05.26 22:48:41:549] INFO instancemanager.StarterPackManager: StarterPack: Player.create() returned obj=268467759 for classId=0 name=NeonFire
[04.05.26 22:48:41:593] INFO instancemanager.StarterPackManager: StarterPack: initNewChar completed for NeonFire result=true
[04.05.26 22:48:41:606] INFO instancemanager.StarterPackManager: StarterPack: Player.restore() returned NeonFire for objId=268467759
[04.05.26 22:48:41:615] INFO instancemanager.StarterPackManager: StarterPack: Bot NeonFire entered world at -71431,258335,-3104
[04.05.26 22:48:41:615] INFO instancemanager.StarterPackManager: StarterPack: Spawned bot NeonFire (class=0/HUMAN_FIGHTER, race=HUMAN, objId=268467759)
[04.05.26 22:48:42:040] INFO instancemanager.StarterPackManager: StarterPack: Attempting to spawn classId=10 name=NeonWind
[04.05.26 22:48:42:040] INFO instancemanager.StarterPackManager: StarterPack: classId=10 validated as HUMAN_MAGE race=HUMAN
[04.05.26 22:48:42:048] INFO instancemanager.StarterPackManager: StarterPack: Player.create() returned obj=268467793 for classId=10 name=NeonWind
[04.05.26 22:48:42:105] INFO instancemanager.StarterPackManager: StarterPack: initNewChar completed for NeonWind result=true
[04.05.26 22:48:42:118] INFO instancemanager.StarterPackManager: StarterPack: Player.restore() returned NeonWind for objId=268467793
[04.05.26 22:48:42:127] INFO instancemanager.StarterPackManager: StarterPack: Bot NeonWind entered world at -90923,248129,-3568
[04.05.26 22:48:42:127] INFO instancemanager.StarterPackManager: StarterPack: Spawned bot NeonWind (class=10/HUMAN_MAGE, race=HUMAN, objId=268467793)
[04.05.26 22:48:42:540] INFO instancemanager.StarterPackManager: StarterPack: Attempting to spawn classId=18 name=NeonRage
[04.05.26 22:48:42:540] INFO instancemanager.StarterPackManager: StarterPack: classId=18 validated as ELVEN_FIGHTER race=ELF
[04.05.26 22:48:42:544] INFO instancemanager.StarterPackManager: StarterPack: Player.create() returned obj=268467825 for classId=18 name=NeonRage
[04.05.26 22:48:42:604] INFO instancemanager.StarterPackManager: StarterPack: initNewChar completed for NeonRage result=true
[04.05.26 22:48:42:618] INFO instancemanager.StarterPackManager: StarterPack: Player.restore() returned NeonRage for objId=268467825
[04.05.26 22:48:42:631] INFO instancemanager.StarterPackManager: StarterPack: Bot NeonRage entered world at 46068,41147,-3504
[04.05.26 22:48:42:631] INFO instancemanager.StarterPackManager: StarterPack: Spawned bot NeonRage (class=18/ELVEN_FIGHTER, race=ELF, objId=268467825)
[04.05.26 22:48:43:041] INFO instancemanager.StarterPackManager: StarterPack: Attempting to spawn classId=25 name=NeonHawk
[04.05.26 22:48:43:041] INFO instancemanager.StarterPackManager: StarterPack: classId=25 validated as ELVEN_MAGE race=ELF
[04.05.26 22:48:43:046] INFO instancemanager.StarterPackManager: StarterPack: Player.create() returned obj=268467854 for classId=25 name=NeonHawk
[04.05.26 22:48:43:114] INFO instancemanager.StarterPackManager: StarterPack: initNewChar completed for NeonHawk result=true
[04.05.26 22:48:43:130] INFO instancemanager.StarterPackManager: StarterPack: Player.restore() returned NeonHawk for objId=268467854
[04.05.26 22:48:43:142] INFO instancemanager.StarterPackManager: StarterPack: Bot NeonHawk entered world at 46125,41182,-3504
[04.05.26 22:48:43:142] INFO instancemanager.StarterPackManager: StarterPack: Spawned bot NeonHawk (class=25/ELVEN_MAGE, race=ELF, objId=268467854)
[04.05.26 22:48:43:541] INFO instancemanager.StarterPackManager: StarterPack: Attempting to spawn classId=31 name=NeonWolf
[04.05.26 22:48:43:541] INFO instancemanager.StarterPackManager: StarterPack: classId=31 validated as DARK_FIGHTER race=DARKELF
[04.05.26 22:48:43:548] INFO instancemanager.StarterPackManager: StarterPack: Player.create() returned obj=268467885 for classId=31 name=NeonWolf
[04.05.26 22:48:43:585] INFO instancemanager.StarterPackManager: StarterPack: initNewChar completed for NeonWolf result=true
[04.05.26 22:48:43:598] INFO instancemanager.StarterPackManager: StarterPack: Player.restore() returned NeonWolf for objId=268467885
[04.05.26 22:48:43:608] INFO instancemanager.StarterPackManager: StarterPack: Bot NeonWolf entered world at 28390,11015,-4232
[04.05.26 22:48:43:608] INFO instancemanager.StarterPackManager: StarterPack: Spawned bot NeonWolf (class=31/DARK_FIGHTER, race=DARKELF, objId=268467885)
[04.05.26 22:48:44:041] INFO instancemanager.StarterPackManager: StarterPack: Attempting to spawn classId=38 name=NeonStrike
[04.05.26 22:48:44:041] INFO instancemanager.StarterPackManager: StarterPack: classId=38 validated as DARK_MAGE race=DARKELF
[04.05.26 22:48:44:048] INFO instancemanager.StarterPackManager: StarterPack: Player.create() returned obj=268467925 for classId=38 name=NeonStrike
[04.05.26 22:48:44:098] INFO instancemanager.StarterPackManager: StarterPack: initNewChar completed for NeonStrike result=true
[04.05.26 22:48:44:113] INFO instancemanager.StarterPackManager: StarterPack: Player.restore() returned NeonStrike for objId=268467925
[04.05.26 22:48:44:122] INFO instancemanager.StarterPackManager: StarterPack: Bot NeonStrike entered world at 28382,11012,-4232
[04.05.26 22:48:44:123] INFO instancemanager.StarterPackManager: StarterPack: Spawned bot NeonStrike (class=38/DARK_MAGE, race=DARKELF, objId=268467925)
[04.05.26 22:48:44:541] INFO instancemanager.StarterPackManager: StarterPack: Attempting to spawn classId=44 name=NeonVeil
[04.05.26 22:48:44:541] INFO instancemanager.StarterPackManager: StarterPack: classId=44 validated as ORC_FIGHTER race=ORC
[04.05.26 22:48:44:546] INFO instancemanager.StarterPackManager: StarterPack: Player.create() returned obj=268467964 for classId=44 name=NeonVeil
[04.05.26 22:48:44:609] INFO instancemanager.StarterPackManager: StarterPack: initNewChar completed for NeonVeil result=true
[04.05.26 22:48:44:622] INFO instancemanager.StarterPackManager: StarterPack: Player.restore() returned NeonVeil for objId=268467964
[04.05.26 22:48:44:634] INFO instancemanager.StarterPackManager: StarterPack: Bot NeonVeil entered world at -56672,-113586,-672
[04.05.26 22:48:44:634] INFO instancemanager.StarterPackManager: StarterPack: Spawned bot NeonVeil (class=44/ORC_FIGHTER, race=ORC, objId=268467964)
[04.05.26 22:48:45:042] INFO instancemanager.StarterPackManager: StarterPack: Attempting to spawn classId=49 name=NeonWisp
[04.05.26 22:48:45:042] INFO instancemanager.StarterPackManager: StarterPack: classId=49 validated as ORC_MAGE race=ORC
[04.05.26 22:48:45:047] INFO instancemanager.StarterPackManager: StarterPack: Player.create() returned obj=268468006 for classId=49 name=NeonWisp
[04.05.26 22:48:45:107] INFO instancemanager.StarterPackManager: StarterPack: initNewChar completed for NeonWisp result=true
[04.05.26 22:48:45:121] INFO instancemanager.StarterPackManager: StarterPack: Player.restore() returned NeonWisp for objId=268468006
[04.05.26 22:48:45:133] INFO instancemanager.StarterPackManager: StarterPack: Bot NeonWisp entered world at -56682,-113552,-672
[04.05.26 22:48:45:133] INFO instancemanager.StarterPackManager: StarterPack: Spawned bot NeonWisp (class=49/ORC_MAGE, race=ORC, objId=268468006)
[04.05.26 22:48:45:541] INFO instancemanager.StarterPackManager: StarterPack: Attempting to spawn classId=53 name=NeonGloom
[04.05.26 22:48:45:541] INFO instancemanager.StarterPackManager: StarterPack: classId=53 validated as DWARVEN_FIGHTER race=DWARF
[04.05.26 22:48:45:548] INFO instancemanager.StarterPackManager: StarterPack: Player.create() returned obj=268468034 for classId=53 name=NeonGloom
[04.05.26 22:48:45:590] INFO instancemanager.StarterPackManager: StarterPack: initNewChar completed for NeonGloom result=true
[04.05.26 22:48:45:604] INFO instancemanager.StarterPackManager: StarterPack: Player.restore() returned NeonGloom for objId=268468034
[04.05.26 22:48:45:614] INFO instancemanager.StarterPackManager: StarterPack: Bot NeonGloom entered world at 108599,-174026,-408
[04.05.26 22:48:45:614] INFO instancemanager.StarterPackManager: StarterPack: Spawned bot NeonGloom (class=53/DWARVEN_FIGHTER, race=DWARF, objId=268468034)
[04.05.26 22:48:46:041] INFO instancemanager.StarterPackManager: StarterPack: Attempting to spawn classId=0 name=NeonStone
[04.05.26 22:48:46:041] INFO instancemanager.StarterPackManager: StarterPack: classId=0 validated as HUMAN_FIGHTER race=HUMAN
[04.05.26 22:48:46:048] INFO instancemanager.StarterPackManager: StarterPack: Player.create() returned obj=268468073 for classId=0 name=NeonStone
[04.05.26 22:48:46:099] INFO instancemanager.StarterPackManager: StarterPack: initNewChar completed for NeonStone result=true
[04.05.26 22:48:46:111] INFO instancemanager.StarterPackManager: StarterPack: Player.restore() returned NeonStone for objId=268468073
[04.05.26 22:48:46:121] INFO instancemanager.StarterPackManager: StarterPack: Bot NeonStone entered world at -71444,258341,-3104
[04.05.26 22:48:46:121] INFO instancemanager.StarterPackManager: StarterPack: Spawned bot NeonStone (class=0/HUMAN_FIGHTER, race=HUMAN, objId=268468073)
[04.05.26 22:48:46:541] INFO instancemanager.StarterPackManager: StarterPack: Attempting to spawn classId=10 name=NeonCrown
[04.05.26 22:48:46:541] INFO instancemanager.StarterPackManager: StarterPack: classId=10 validated as HUMAN_MAGE race=HUMAN
[04.05.26 22:48:46:546] INFO instancemanager.StarterPackManager: StarterPack: Player.create() returned obj=268468106 for classId=10 name=NeonCrown
[04.05.26 22:48:46:608] INFO instancemanager.StarterPackManager: StarterPack: initNewChar completed for NeonCrown result=true
[04.05.26 22:48:46:621] INFO instancemanager.StarterPackManager: StarterPack: Player.restore() returned NeonCrown for objId=268468106
[04.05.26 22:48:46:634] INFO instancemanager.StarterPackManager: StarterPack: Bot NeonCrown entered world at -90927,248086,-3568
[04.05.26 22:48:46:634] INFO instancemanager.StarterPackManager: StarterPack: Spawned bot NeonCrown (class=10/HUMAN_MAGE, race=HUMAN, objId=268468106)
[04.05.26 22:48:47:040] INFO instancemanager.StarterPackManager: StarterPack: Attempting to spawn classId=18 name=NeonThorn
[04.05.26 22:48:47:040] INFO instancemanager.StarterPackManager: StarterPack: classId=18 validated as ELVEN_FIGHTER race=ELF
[04.05.26 22:48:47:044] INFO instancemanager.StarterPackManager: StarterPack: Player.create() returned obj=268468142 for classId=18 name=NeonThorn
[04.05.26 22:48:47:089] INFO instancemanager.StarterPackManager: StarterPack: initNewChar completed for NeonThorn result=true
[04.05.26 22:48:47:103] INFO instancemanager.StarterPackManager: StarterPack: Player.restore() returned NeonThorn for objId=268468142
[04.05.26 22:48:47:114] INFO instancemanager.StarterPackManager: StarterPack: Bot NeonThorn entered world at 46094,41192,-3504
[04.05.26 22:48:47:115] INFO instancemanager.StarterPackManager: StarterPack: Spawned bot NeonThorn (class=18/ELVEN_FIGHTER, race=ELF, objId=268468142)
[04.05.26 22:48:47:540] INFO instancemanager.StarterPackManager: StarterPack: Attempting to spawn classId=25 name=NeonSpark
[04.05.26 22:48:47:540] INFO instancemanager.StarterPackManager: StarterPack: classId=25 validated as ELVEN_MAGE race=ELF
[04.05.26 22:48:47:547] INFO instancemanager.StarterPackManager: StarterPack: Player.create() returned obj=268468176 for classId=25 name=NeonSpark
[04.05.26 22:48:47:613] INFO instancemanager.StarterPackManager: StarterPack: initNewChar completed for NeonSpark result=true
[04.05.26 22:48:47:625] INFO instancemanager.StarterPackManager: StarterPack: Player.restore() returned NeonSpark for objId=268468176
[04.05.26 22:48:47:635] INFO instancemanager.StarterPackManager: StarterPack: Bot NeonSpark entered world at 46109,41149,-3504
[04.05.26 22:48:47:636] INFO instancemanager.StarterPackManager: StarterPack: Spawned bot NeonSpark (class=25/ELVEN_MAGE, race=ELF, objId=268468176)
[04.05.26 22:48:48:041] INFO instancemanager.StarterPackManager: StarterPack: Attempting to spawn classId=31 name=NeonFlash
[04.05.26 22:48:48:041] INFO instancemanager.StarterPackManager: StarterPack: classId=31 validated as DARK_FIGHTER race=DARKELF
[04.05.26 22:48:48:048] INFO instancemanager.StarterPackManager: StarterPack: Player.create() returned obj=268468216 for classId=31 name=NeonFlash
[04.05.26 22:48:48:107] INFO instancemanager.StarterPackManager: StarterPack: initNewChar completed for NeonFlash result=true
[04.05.26 22:48:48:120] INFO instancemanager.StarterPackManager: StarterPack: Player.restore() returned NeonFlash for objId=268468216
[04.05.26 22:48:48:130] INFO instancemanager.StarterPackManager: StarterPack: Bot NeonFlash entered world at 28331,11010,-4232
[04.05.26 22:48:48:130] INFO instancemanager.StarterPackManager: StarterPack: Spawned bot NeonFlash (class=31/DARK_FIGHTER, race=DARKELF, objId=268468216)
[04.05.26 22:48:48:541] INFO instancemanager.StarterPackManager: StarterPack: Attempting to spawn classId=38 name=NeonBloom
[04.05.26 22:48:48:541] INFO instancemanager.StarterPackManager: StarterPack: classId=38 validated as DARK_MAGE race=DARKELF
[04.05.26 22:48:48:546] INFO instancemanager.StarterPackManager: StarterPack: Player.create() returned obj=268468257 for classId=38 name=NeonBloom
[04.05.26 22:48:48:596] INFO instancemanager.StarterPackManager: StarterPack: initNewChar completed for NeonBloom result=true
[04.05.26 22:48:48:610] INFO instancemanager.StarterPackManager: StarterPack: Player.restore() returned NeonBloom for objId=268468257
[04.05.26 22:48:48:622] INFO instancemanager.StarterPackManager: StarterPack: Bot NeonBloom entered world at 28362,10974,-4232
[04.05.26 22:48:48:622] INFO instancemanager.StarterPackManager: StarterPack: Spawned bot NeonBloom (class=38/DARK_MAGE, race=DARKELF, objId=268468257)
[04.05.26 22:48:49:041] INFO instancemanager.StarterPackManager: StarterPack: Attempting to spawn classId=44 name=NeonCreek
[04.05.26 22:48:49:041] INFO instancemanager.StarterPackManager: StarterPack: classId=44 validated as ORC_FIGHTER race=ORC
[04.05.26 22:48:49:048] INFO instancemanager.StarterPackManager: StarterPack: Player.create() returned obj=268468288 for classId=44 name=NeonCreek
[04.05.26 22:48:49:090] INFO instancemanager.StarterPackManager: StarterPack: initNewChar completed for NeonCreek result=true
[04.05.26 22:48:49:102] INFO instancemanager.StarterPackManager: StarterPack: Player.restore() returned NeonCreek for objId=268468288
[04.05.26 22:48:49:113] INFO instancemanager.StarterPackManager: StarterPack: Bot NeonCreek entered world at -56667,-113583,-672
[04.05.26 22:48:49:113] INFO instancemanager.StarterPackManager: StarterPack: Spawned bot NeonCreek (class=44/ORC_FIGHTER, race=ORC, objId=268468288)
[04.05.26 22:48:49:540] INFO instancemanager.StarterPackManager: StarterPack: Attempting to spawn classId=49 name=NeonMarsh
[04.05.26 22:48:49:540] INFO instancemanager.StarterPackManager: StarterPack: classId=49 validated as ORC_MAGE race=ORC
[04.05.26 22:48:49:547] INFO instancemanager.StarterPackManager: StarterPack: Player.create() returned obj=268468316 for classId=49 name=NeonMarsh
[04.05.26 22:48:49:619] INFO instancemanager.StarterPackManager: StarterPack: initNewChar completed for NeonMarsh result=true
[04.05.26 22:48:49:632] INFO instancemanager.StarterPackManager: StarterPack: Player.restore() returned NeonMarsh for objId=268468316
[04.05.26 22:48:49:642] INFO instancemanager.StarterPackManager: StarterPack: Bot NeonMarsh entered world at -56684,-113637,-672
[04.05.26 22:48:49:642] INFO instancemanager.StarterPackManager: StarterPack: Spawned bot NeonMarsh (class=49/ORC_MAGE, race=ORC, objId=268468316)
[04.05.26 22:48:50:041] INFO instancemanager.StarterPackManager: StarterPack: Attempting to spawn classId=53 name=NeonField
[04.05.26 22:48:50:041] INFO instancemanager.StarterPackManager: StarterPack: classId=53 validated as DWARVEN_FIGHTER race=DWARF
[04.05.26 22:48:50:046] INFO instancemanager.StarterPackManager: StarterPack: Player.create() returned obj=268468357 for classId=53 name=NeonField
[04.05.26 22:48:50:105] INFO instancemanager.StarterPackManager: StarterPack: initNewChar completed for NeonField result=true
[04.05.26 22:48:50:118] INFO instancemanager.StarterPackManager: StarterPack: Player.restore() returned NeonField for objId=268468357
[04.05.26 22:48:50:129] INFO instancemanager.StarterPackManager: StarterPack: Bot NeonField entered world at 108615,-174066,-272
[04.05.26 22:48:50:130] INFO instancemanager.StarterPackManager: StarterPack: Spawned bot NeonField (class=53/DWARVEN_FIGHTER, race=DWARF, objId=268468357)
[04.05.26 22:48:50:540] INFO instancemanager.StarterPackManager: StarterPack: Attempting to spawn classId=0 name=NeonGrove
[04.05.26 22:48:50:540] INFO instancemanager.StarterPackManager: StarterPack: classId=0 validated as HUMAN_FIGHTER race=HUMAN
[04.05.26 22:48:50:546] INFO instancemanager.StarterPackManager: StarterPack: Player.create() returned obj=268468393 for classId=0 name=NeonGrove
[04.05.26 22:48:50:587] INFO instancemanager.StarterPackManager: StarterPack: initNewChar completed for NeonGrove result=true
[04.05.26 22:48:50:601] INFO instancemanager.StarterPackManager: StarterPack: Player.restore() returned NeonGrove for objId=268468393
[04.05.26 22:48:50:610] INFO instancemanager.StarterPackManager: StarterPack: Bot NeonGrove entered world at -71441,258276,-3104
[04.05.26 22:48:50:610] INFO instancemanager.StarterPackManager: StarterPack: Spawned bot NeonGrove (class=0/HUMAN_FIGHTER, race=HUMAN, objId=268468393)
[04.05.26 22:48:51:040] INFO instancemanager.StarterPackManager: StarterPack: Attempting to spawn classId=10 name=NeonCrest
[04.05.26 22:48:51:040] INFO instancemanager.StarterPackManager: StarterPack: classId=10 validated as HUMAN_MAGE race=HUMAN
[04.05.26 22:48:51:047] INFO instancemanager.StarterPackManager: StarterPack: Player.create() returned obj=268468418 for classId=10 name=NeonCrest
[04.05.26 22:48:51:108] INFO instancemanager.StarterPackManager: StarterPack: initNewChar completed for NeonCrest result=true
[04.05.26 22:48:51:122] INFO instancemanager.StarterPackManager: StarterPack: Player.restore() returned NeonCrest for objId=268468418
[04.05.26 22:48:51:131] INFO instancemanager.StarterPackManager: StarterPack: Bot NeonCrest entered world at -90856,248094,-3568
[04.05.26 22:48:51:131] INFO instancemanager.StarterPackManager: StarterPack: Spawned bot NeonCrest (class=10/HUMAN_MAGE, race=HUMAN, objId=268468418)
[04.05.26 22:48:51:542] INFO instancemanager.StarterPackManager: StarterPack: Attempting to spawn classId=18 name=NeonRidge
[04.05.26 22:48:51:542] INFO instancemanager.StarterPackManager: StarterPack: classId=18 validated as ELVEN_FIGHTER race=ELF
[04.05.26 22:48:51:547] INFO instancemanager.StarterPackManager: StarterPack: Player.create() returned obj=268468453 for classId=18 name=NeonRidge
[04.05.26 22:48:51:603] INFO instancemanager.StarterPackManager: StarterPack: initNewChar completed for NeonRidge result=true
[04.05.26 22:48:51:617] INFO instancemanager.StarterPackManager: StarterPack: Player.restore() returned NeonRidge for objId=268468453
[04.05.26 22:48:51:629] INFO instancemanager.StarterPackManager: StarterPack: Bot NeonRidge entered world at 46121,41147,-3504
[04.05.26 22:48:51:630] INFO instancemanager.StarterPackManager: StarterPack: Spawned bot NeonRidge (class=18/ELVEN_FIGHTER, race=ELF, objId=268468453)
[04.05.26 22:48:52:041] INFO instancemanager.StarterPackManager: StarterPack: Attempting to spawn classId=25 name=NeonDrake
[04.05.26 22:48:52:041] INFO instancemanager.StarterPackManager: StarterPack: classId=25 validated as ELVEN_MAGE race=ELF
[04.05.26 22:48:52:046] INFO instancemanager.StarterPackManager: StarterPack: Player.create() returned obj=268468502 for classId=25 name=NeonDrake
[04.05.26 22:48:52:105] INFO instancemanager.StarterPackManager: StarterPack: initNewChar completed for NeonDrake result=true
[04.05.26 22:48:52:119] INFO instancemanager.StarterPackManager: StarterPack: Player.restore() returned NeonDrake for objId=268468502
[04.05.26 22:48:52:131] INFO instancemanager.StarterPackManager: StarterPack: Bot NeonDrake entered world at 46073,41148,-3504
[04.05.26 22:48:52:132] INFO instancemanager.StarterPackManager: StarterPack: Spawned bot NeonDrake (class=25/ELVEN_MAGE, race=ELF, objId=268468502)
[04.05.26 22:48:52:541] INFO instancemanager.StarterPackManager: StarterPack: Attempting to spawn classId=31 name=NeonSerpent
[04.05.26 22:48:52:541] INFO instancemanager.StarterPackManager: StarterPack: classId=31 validated as DARK_FIGHTER race=DARKELF
[04.05.26 22:48:52:548] INFO instancemanager.StarterPackManager: StarterPack: Player.create() returned obj=268468526 for classId=31 name=NeonSerpent
[04.05.26 22:48:52:591] INFO instancemanager.StarterPackManager: StarterPack: initNewChar completed for NeonSerpent result=true
[04.05.26 22:48:52:605] INFO instancemanager.StarterPackManager: StarterPack: Player.restore() returned NeonSerpent for objId=268468526
[04.05.26 22:48:52:615] INFO instancemanager.StarterPackManager: StarterPack: Bot NeonSerpent entered world at 28410,10975,-4232
[04.05.26 22:48:52:615] INFO instancemanager.StarterPackManager: StarterPack: Spawned bot NeonSerpent (class=31/DARK_FIGHTER, race=DARKELF, objId=268468526)
[04.05.26 22:48:53:042] INFO instancemanager.StarterPackManager: StarterPack: Attempting to spawn classId=38 name=WildBlade
[04.05.26 22:48:53:042] INFO instancemanager.StarterPackManager: StarterPack: classId=38 validated as DARK_MAGE race=DARKELF
[04.05.26 22:48:53:048] INFO instancemanager.StarterPackManager: StarterPack: Player.create() returned obj=268468563 for classId=38 name=WildBlade
[04.05.26 22:48:53:126] INFO instancemanager.StarterPackManager: StarterPack: initNewChar completed for WildBlade result=true
[04.05.26 22:48:53:141] INFO instancemanager.StarterPackManager: StarterPack: Player.restore() returned WildBlade for objId=268468563
[04.05.26 22:48:53:151] INFO instancemanager.StarterPackManager: StarterPack: Bot WildBlade entered world at 28413,11034,-4232
[04.05.26 22:48:53:151] INFO instancemanager.StarterPackManager: StarterPack: Spawned bot WildBlade (class=38/DARK_MAGE, race=DARKELF, objId=268468563)
[04.05.26 22:48:53:542] INFO instancemanager.StarterPackManager: StarterPack: Attempting to spawn classId=44 name=WildFang
[04.05.26 22:48:53:542] INFO instancemanager.StarterPackManager: StarterPack: classId=44 validated as ORC_FIGHTER race=ORC
[04.05.26 22:48:53:548] INFO instancemanager.StarterPackManager: StarterPack: Player.create() returned obj=268468594 for classId=44 name=WildFang
[04.05.26 22:48:53:606] INFO instancemanager.StarterPackManager: StarterPack: initNewChar completed for WildFang result=true
[04.05.26 22:48:53:622] INFO instancemanager.StarterPackManager: StarterPack: Player.restore() returned WildFang for objId=268468594
[04.05.26 22:48:53:634] INFO instancemanager.StarterPackManager: StarterPack: Bot WildFang entered world at -56757,-113619,-672
[04.05.26 22:48:53:634] INFO instancemanager.StarterPackManager: StarterPack: Spawned bot WildFang (class=44/ORC_FIGHTER, race=ORC, objId=268468594)
[04.05.26 22:48:54:042] INFO instancemanager.StarterPackManager: StarterPack: Attempting to spawn classId=49 name=WildEdge
[04.05.26 22:48:54:042] INFO instancemanager.StarterPackManager: StarterPack: classId=49 validated as ORC_MAGE race=ORC
[04.05.26 22:48:54:055] INFO instancemanager.StarterPackManager: StarterPack: Player.create() returned obj=268468635 for classId=49 name=WildEdge
[04.05.26 22:48:54:216] INFO instancemanager.StarterPackManager: StarterPack: initNewChar completed for WildEdge result=true
[04.05.26 22:48:54:231] INFO instancemanager.StarterPackManager: StarterPack: Player.restore() returned WildEdge for objId=268468635
[04.05.26 22:48:54:248] INFO instancemanager.StarterPackManager: StarterPack: Bot WildEdge entered world at -56699,-113590,-672
[04.05.26 22:48:54:248] INFO instancemanager.StarterPackManager: StarterPack: Spawned bot WildEdge (class=49/ORC_MAGE, race=ORC, objId=268468635)
[04.05.26 22:48:54:542] INFO instancemanager.StarterPackManager: StarterPack: Attempting to spawn classId=53 name=WildCore
[04.05.26 22:48:54:542] INFO instancemanager.StarterPackManager: StarterPack: classId=53 validated as DWARVEN_FIGHTER race=DWARF
[04.05.26 22:48:54:556] INFO instancemanager.StarterPackManager: StarterPack: Player.create() returned obj=268468668 for classId=53 name=WildCore
[04.05.26 22:48:54:675] INFO instancemanager.StarterPackManager: StarterPack: initNewChar completed for WildCore result=true
[04.05.26 22:48:54:693] INFO instancemanager.StarterPackManager: StarterPack: Player.restore() returned WildCore for objId=268468668
[04.05.26 22:48:54:720] INFO instancemanager.StarterPackManager: StarterPack: Bot WildCore entered world at 108613,-174046,-408
[04.05.26 22:48:54:720] INFO instancemanager.StarterPackManager: StarterPack: Spawned bot WildCore (class=53/DWARVEN_FIGHTER, race=DWARF, objId=268468668)
[04.05.26 22:48:55:041] INFO instancemanager.StarterPackManager: StarterPack: Attempting to spawn classId=0 name=WildZone
[04.05.26 22:48:55:041] INFO instancemanager.StarterPackManager: StarterPack: classId=0 validated as HUMAN_FIGHTER race=HUMAN
[04.05.26 22:48:55:060] INFO instancemanager.StarterPackManager: StarterPack: Player.create() returned obj=268468702 for classId=0 name=WildZone
[04.05.26 22:48:55:186] INFO instancemanager.StarterPackManager: StarterPack: initNewChar completed for WildZone result=true
[04.05.26 22:48:55:207] INFO instancemanager.StarterPackManager: StarterPack: Player.restore() returned WildZone for objId=268468702
[04.05.26 22:48:55:235] INFO instancemanager.StarterPackManager: StarterPack: Bot WildZone entered world at -71409,258343,-3104
[04.05.26 22:48:55:235] INFO instancemanager.StarterPackManager: StarterPack: Spawned bot WildZone (class=0/HUMAN_FIGHTER, race=HUMAN, objId=268468702)
[04.05.26 22:48:55:541] INFO instancemanager.StarterPackManager: StarterPack: Attempting to spawn classId=10 name=WildClaw
[04.05.26 22:48:55:541] INFO instancemanager.StarterPackManager: StarterPack: classId=10 validated as HUMAN_MAGE race=HUMAN
[04.05.26 22:48:55:560] INFO instancemanager.StarterPackManager: StarterPack: Player.create() returned obj=268468743 for classId=10 name=WildClaw
[04.05.26 22:48:55:732] INFO instancemanager.StarterPackManager: StarterPack: initNewChar completed for WildClaw result=true
[04.05.26 22:48:55:755] INFO instancemanager.StarterPackManager: StarterPack: Player.restore() returned WildClaw for objId=268468743
[04.05.26 22:48:55:793] INFO instancemanager.StarterPackManager: StarterPack: Bot WildClaw entered world at -90831,248086,-3568
[04.05.26 22:48:55:793] INFO instancemanager.StarterPackManager: StarterPack: Spawned bot WildClaw (class=10/HUMAN_MAGE, race=HUMAN, objId=268468743)
[04.05.26 22:48:56:041] INFO instancemanager.StarterPackManager: StarterPack: Attempting to spawn classId=18 name=WildSoul
[04.05.26 22:48:56:041] INFO instancemanager.StarterPackManager: StarterPack: classId=18 validated as ELVEN_FIGHTER race=ELF
[04.05.26 22:48:56:051] INFO instancemanager.StarterPackManager: StarterPack: Player.create() returned obj=268468782 for classId=18 name=WildSoul
[04.05.26 22:48:56:119] INFO instancemanager.StarterPackManager: StarterPack: initNewChar completed for WildSoul result=true
[04.05.26 22:48:56:145] INFO instancemanager.StarterPackManager: StarterPack: Player.restore() returned WildSoul for objId=268468782
[04.05.26 22:48:56:161] INFO instancemanager.StarterPackManager: StarterPack: Bot WildSoul entered world at 46045,41173,-3504
[04.05.26 22:48:56:161] INFO instancemanager.StarterPackManager: StarterPack: Spawned bot WildSoul (class=18/ELVEN_FIGHTER, race=ELF, objId=268468782)
[04.05.26 22:48:56:541] INFO instancemanager.StarterPackManager: StarterPack: Attempting to spawn classId=25 name=WildStar
[04.05.26 22:48:56:541] INFO instancemanager.StarterPackManager: StarterPack: classId=25 validated as ELVEN_MAGE race=ELF
[04.05.26 22:48:56:604] INFO instancemanager.StarterPackManager: StarterPack: Player.create() returned obj=268468819 for classId=25 name=WildStar
[04.05.26 22:48:56:714] INFO instancemanager.StarterPackManager: StarterPack: initNewChar completed for WildStar result=true
[04.05.26 22:48:56:729] INFO instancemanager.StarterPackManager: StarterPack: Player.restore() returned WildStar for objId=268468819
[04.05.26 22:48:56:740] INFO instancemanager.StarterPackManager: StarterPack: Bot WildStar entered world at 46104,41223,-3504
[04.05.26 22:48:56:740] INFO instancemanager.StarterPackManager: StarterPack: Spawned bot WildStar (class=25/ELVEN_MAGE, race=ELF, objId=268468819)
[04.05.26 22:48:57:041] INFO instancemanager.StarterPackManager: StarterPack: Attempting to spawn classId=31 name=WildFire
[04.05.26 22:48:57:041] INFO instancemanager.StarterPackManager: StarterPack: classId=31 validated as DARK_FIGHTER race=DARKELF
[04.05.26 22:48:57:060] INFO instancemanager.StarterPackManager: StarterPack: Player.create() returned obj=268468861 for classId=31 name=WildFire
[04.05.26 22:48:57:182] INFO instancemanager.StarterPackManager: StarterPack: initNewChar completed for WildFire result=true
[04.05.26 22:48:57:201] INFO instancemanager.StarterPackManager: StarterPack: Player.restore() returned WildFire for objId=268468861
[04.05.26 22:48:57:211] INFO instancemanager.StarterPackManager: StarterPack: Bot WildFire entered world at 28330,10974,-4232
[04.05.26 22:48:57:211] INFO instancemanager.StarterPackManager: StarterPack: Spawned bot WildFire (class=31/DARK_FIGHTER, race=DARKELF, objId=268468861)
[04.05.26 22:48:57:542] INFO instancemanager.StarterPackManager: StarterPack: Attempting to spawn classId=38 name=WildWind
[04.05.26 22:48:57:542] INFO instancemanager.StarterPackManager: StarterPack: classId=38 validated as DARK_MAGE race=DARKELF
[04.05.26 22:48:57:547] INFO instancemanager.StarterPackManager: StarterPack: Player.create() returned obj=268468894 for classId=38 name=WildWind
[04.05.26 22:48:57:641] INFO instancemanager.StarterPackManager: StarterPack: initNewChar completed for WildWind result=true
[04.05.26 22:48:57:662] INFO instancemanager.StarterPackManager: StarterPack: Player.restore() returned WildWind for objId=268468894
[04.05.26 22:48:57:678] INFO instancemanager.StarterPackManager: StarterPack: Bot WildWind entered world at 28415,10986,-4232
[04.05.26 22:48:57:678] INFO instancemanager.StarterPackManager: StarterPack: Spawned bot WildWind (class=38/DARK_MAGE, race=DARKELF, objId=268468894)
[04.05.26 22:48:58:042] INFO instancemanager.StarterPackManager: StarterPack: Attempting to spawn classId=44 name=WildRage
[04.05.26 22:48:58:042] INFO instancemanager.StarterPackManager: StarterPack: classId=44 validated as ORC_FIGHTER race=ORC
[04.05.26 22:48:58:048] INFO instancemanager.StarterPackManager: StarterPack: Player.create() returned obj=268468935 for classId=44 name=WildRage
[04.05.26 22:48:58:149] INFO instancemanager.StarterPackManager: StarterPack: initNewChar completed for WildRage result=true
[04.05.26 22:48:58:169] INFO instancemanager.StarterPackManager: StarterPack: Player.restore() returned WildRage for objId=268468935
[04.05.26 22:48:58:184] INFO instancemanager.StarterPackManager: StarterPack: Bot WildRage entered world at -56702,-113650,-672
[04.05.26 22:48:58:184] INFO instancemanager.StarterPackManager: StarterPack: Spawned bot WildRage (class=44/ORC_FIGHTER, race=ORC, objId=268468935)
[04.05.26 22:48:58:541] INFO instancemanager.StarterPackManager: StarterPack: Attempting to spawn classId=49 name=WildHawk
[04.05.26 22:48:58:541] INFO instancemanager.StarterPackManager: StarterPack: classId=49 validated as ORC_MAGE race=ORC
[04.05.26 22:48:58:557] INFO instancemanager.StarterPackManager: StarterPack: Player.create() returned obj=268468967 for classId=49 name=WildHawk
[04.05.26 22:48:58:674] INFO instancemanager.StarterPackManager: StarterPack: initNewChar completed for WildHawk result=true
[04.05.26 22:48:58:688] INFO instancemanager.StarterPackManager: StarterPack: Player.restore() returned WildHawk for objId=268468967
[04.05.26 22:48:58:701] INFO instancemanager.StarterPackManager: StarterPack: Bot WildHawk entered world at -56718,-113568,-672
[04.05.26 22:48:58:701] INFO instancemanager.StarterPackManager: StarterPack: Spawned bot WildHawk (class=49/ORC_MAGE, race=ORC, objId=268468967)
[04.05.26 22:48:59:041] INFO instancemanager.StarterPackManager: StarterPack: Attempting to spawn classId=53 name=WildWolf
[04.05.26 22:48:59:041] INFO instancemanager.StarterPackManager: StarterPack: classId=53 validated as DWARVEN_FIGHTER race=DWARF
[04.05.26 22:48:59:054] INFO instancemanager.StarterPackManager: StarterPack: Player.create() returned obj=268469004 for classId=53 name=WildWolf
[04.05.26 22:48:59:149] INFO instancemanager.StarterPackManager: StarterPack: initNewChar completed for WildWolf result=true
[04.05.26 22:48:59:162] INFO instancemanager.StarterPackManager: StarterPack: Player.restore() returned WildWolf for objId=268469004
[04.05.26 22:48:59:176] INFO instancemanager.StarterPackManager: StarterPack: Bot WildWolf entered world at 108599,-174063,-408
[04.05.26 22:48:59:176] INFO instancemanager.StarterPackManager: StarterPack: Spawned bot WildWolf (class=53/DWARVEN_FIGHTER, race=DWARF, objId=268469004)
[04.05.26 22:48:59:542] INFO instancemanager.StarterPackManager: StarterPack: Attempting to spawn classId=0 name=WildStrike
[04.05.26 22:48:59:542] INFO instancemanager.StarterPackManager: StarterPack: classId=0 validated as HUMAN_FIGHTER race=HUMAN
[04.05.26 22:48:59:562] INFO instancemanager.StarterPackManager: StarterPack: Player.create() returned obj=268469037 for classId=0 name=WildStrike
[04.05.26 22:48:59:660] INFO instancemanager.StarterPackManager: StarterPack: initNewChar completed for WildStrike result=true
[04.05.26 22:48:59:681] INFO instancemanager.StarterPackManager: StarterPack: Player.restore() returned WildStrike for objId=268469037
[04.05.26 22:48:59:698] INFO instancemanager.StarterPackManager: StarterPack: Bot WildStrike entered world at -71380,258340,-3080
[04.05.26 22:48:59:699] INFO instancemanager.StarterPackManager: StarterPack: Spawned bot WildStrike (class=0/HUMAN_FIGHTER, race=HUMAN, objId=268469037)
[04.05.26 22:49:00:040] INFO instancemanager.StarterPackManager: StarterPack: Attempting to spawn classId=10 name=WildVeil
[04.05.26 22:49:00:040] INFO instancemanager.StarterPackManager: StarterPack: classId=10 validated as HUMAN_MAGE race=HUMAN
[04.05.26 22:49:00:054] INFO instancemanager.StarterPackManager: StarterPack: Player.create() returned obj=268469068 for classId=10 name=WildVeil
[04.05.26 22:49:00:231] INFO instancemanager.StarterPackManager: StarterPack: initNewChar completed for WildVeil result=true
[04.05.26 22:49:00:246] INFO instancemanager.StarterPackManager: StarterPack: Player.restore() returned WildVeil for objId=268469068
[04.05.26 22:49:00:271] INFO instancemanager.StarterPackManager: StarterPack: Bot WildVeil entered world at -90866,248077,-3568
[04.05.26 22:49:00:271] INFO instancemanager.StarterPackManager: StarterPack: Spawned bot WildVeil (class=10/HUMAN_MAGE, race=HUMAN, objId=268469068)
[04.05.26 22:49:00:541] INFO instancemanager.StarterPackManager: StarterPack: Attempting to spawn classId=18 name=WildWisp
[04.05.26 22:49:00:541] INFO instancemanager.StarterPackManager: StarterPack: classId=18 validated as ELVEN_FIGHTER race=ELF
[04.05.26 22:49:00:564] INFO instancemanager.StarterPackManager: StarterPack: Player.create() returned obj=268469094 for classId=18 name=WildWisp
[04.05.26 22:49:00:691] INFO instancemanager.StarterPackManager: StarterPack: initNewChar completed for WildWisp result=true
[04.05.26 22:49:00:713] INFO instancemanager.StarterPackManager: StarterPack: Player.restore() returned WildWisp for objId=268469094
[04.05.26 22:49:00:730] INFO instancemanager.StarterPackManager: StarterPack: Bot WildWisp entered world at 46052,41195,-3504
[04.05.26 22:49:00:730] INFO instancemanager.StarterPackManager: StarterPack: Spawned bot WildWisp (class=18/ELVEN_FIGHTER, race=ELF, objId=268469094)
[04.05.26 22:49:01:041] INFO instancemanager.StarterPackManager: StarterPack: Attempting to spawn classId=25 name=WildGloom
[04.05.26 22:49:01:041] INFO instancemanager.StarterPackManager: StarterPack: classId=25 validated as ELVEN_MAGE race=ELF
[04.05.26 22:49:01:055] INFO instancemanager.StarterPackManager: StarterPack: Player.create() returned obj=268469129 for classId=25 name=WildGloom
[04.05.26 22:49:01:173] INFO instancemanager.StarterPackManager: StarterPack: initNewChar completed for WildGloom result=true
[04.05.26 22:49:01:187] INFO instancemanager.StarterPackManager: StarterPack: Player.restore() returned WildGloom for objId=268469129
[04.05.26 22:49:01:199] INFO instancemanager.StarterPackManager: StarterPack: Bot WildGloom entered world at 46117,41236,-3504
[04.05.26 22:49:01:200] INFO instancemanager.StarterPackManager: StarterPack: Spawned bot WildGloom (class=25/ELVEN_MAGE, race=ELF, objId=268469129)
[04.05.26 22:49:01:541] INFO instancemanager.StarterPackManager: StarterPack: Attempting to spawn classId=31 name=WildStone
[04.05.26 22:49:01:541] INFO instancemanager.StarterPackManager: StarterPack: classId=31 validated as DARK_FIGHTER race=DARKELF
[04.05.26 22:49:01:562] INFO instancemanager.StarterPackManager: StarterPack: Player.create() returned obj=268469177 for classId=31 name=WildStone
[04.05.26 22:49:01:659] INFO instancemanager.StarterPackManager: StarterPack: initNewChar completed for WildStone result=true
[04.05.26 22:49:01:674] INFO instancemanager.StarterPackManager: StarterPack: Player.restore() returned WildStone for objId=268469177
[04.05.26 22:49:01:685] INFO instancemanager.StarterPackManager: StarterPack: Bot WildStone entered world at 28342,11068,-4232
[04.05.26 22:49:01:685] INFO instancemanager.StarterPackManager: StarterPack: Spawned bot WildStone (class=31/DARK_FIGHTER, race=DARKELF, objId=268469177)
[04.05.26 22:49:02:041] INFO instancemanager.StarterPackManager: StarterPack: Attempting to spawn classId=38 name=WildCrown
[04.05.26 22:49:02:041] INFO instancemanager.StarterPackManager: StarterPack: classId=38 validated as DARK_MAGE race=DARKELF
[04.05.26 22:49:02:049] INFO instancemanager.StarterPackManager: StarterPack: Player.create() returned obj=268469227 for classId=38 name=WildCrown
[04.05.26 22:49:02:177] INFO instancemanager.StarterPackManager: StarterPack: initNewChar completed for WildCrown result=true
[04.05.26 22:49:02:198] INFO instancemanager.StarterPackManager: StarterPack: Player.restore() returned WildCrown for objId=268469227
[04.05.26 22:49:02:224] INFO instancemanager.StarterPackManager: StarterPack: Bot WildCrown entered world at 28430,11007,-4232
[04.05.26 22:49:02:224] INFO instancemanager.StarterPackManager: StarterPack: Spawned bot WildCrown (class=38/DARK_MAGE, race=DARKELF, objId=268469227)
[04.05.26 22:49:02:541] INFO instancemanager.StarterPackManager: StarterPack: Attempting to spawn classId=44 name=WildThorn
[04.05.26 22:49:02:541] INFO instancemanager.StarterPackManager: StarterPack: classId=44 validated as ORC_FIGHTER race=ORC
[04.05.26 22:49:02:548] INFO instancemanager.StarterPackManager: StarterPack: Player.create() returned obj=268469249 for classId=44 name=WildThorn
[04.05.26 22:49:02:697] INFO instancemanager.StarterPackManager: StarterPack: initNewChar completed for WildThorn result=true
[04.05.26 22:49:02:718] INFO instancemanager.StarterPackManager: StarterPack: Player.restore() returned WildThorn for objId=268469249
[04.05.26 22:49:02:733] INFO instancemanager.StarterPackManager: StarterPack: Bot WildThorn entered world at -56691,-113577,-672
[04.05.26 22:49:02:733] INFO instancemanager.StarterPackManager: StarterPack: Spawned bot WildThorn (class=44/ORC_FIGHTER, race=ORC, objId=268469249)
[04.05.26 22:49:03:041] INFO instancemanager.StarterPackManager: StarterPack: Attempting to spawn classId=49 name=WildSpark
[04.05.26 22:49:03:041] INFO instancemanager.StarterPackManager: StarterPack: classId=49 validated as ORC_MAGE race=ORC
[04.05.26 22:49:03:081] INFO instancemanager.StarterPackManager: StarterPack: Player.create() returned obj=268469287 for classId=49 name=WildSpark
[04.05.26 22:49:03:229] INFO instancemanager.StarterPackManager: StarterPack: initNewChar completed for WildSpark result=true
[04.05.26 22:49:03:249] INFO instancemanager.StarterPackManager: StarterPack: Player.restore() returned WildSpark for objId=268469287
[04.05.26 22:49:03:260] INFO instancemanager.StarterPackManager: StarterPack: Bot WildSpark entered world at -56681,-113554,-672
[04.05.26 22:49:03:260] INFO instancemanager.StarterPackManager: StarterPack: Spawned bot WildSpark (class=49/ORC_MAGE, race=ORC, objId=268469287)
[04.05.26 22:49:03:541] INFO instancemanager.StarterPackManager: StarterPack: Attempting to spawn classId=53 name=WildFlash
[04.05.26 22:49:03:541] INFO instancemanager.StarterPackManager: StarterPack: classId=53 validated as DWARVEN_FIGHTER race=DWARF
[04.05.26 22:49:03:549] INFO instancemanager.StarterPackManager: StarterPack: Player.create() returned obj=268469324 for classId=53 name=WildFlash
[04.05.26 22:49:03:657] INFO instancemanager.StarterPackManager: StarterPack: initNewChar completed for WildFlash result=true
[04.05.26 22:49:03:671] INFO instancemanager.StarterPackManager: StarterPack: Player.restore() returned WildFlash for objId=268469324
[04.05.26 22:49:03:686] INFO instancemanager.StarterPackManager: StarterPack: Bot WildFlash entered world at 108613,-174026,-408
[04.05.26 22:49:03:686] INFO instancemanager.StarterPackManager: StarterPack: Spawned bot WildFlash (class=53/DWARVEN_FIGHTER, race=DWARF, objId=268469324)
[04.05.26 22:49:04:041] INFO instancemanager.StarterPackManager: StarterPack: Attempting to spawn classId=0 name=WildBloom
[04.05.26 22:49:04:041] INFO instancemanager.StarterPackManager: StarterPack: classId=0 validated as HUMAN_FIGHTER race=HUMAN
[04.05.26 22:49:04:049] INFO instancemanager.StarterPackManager: StarterPack: Player.create() returned obj=268469359 for classId=0 name=WildBloom
[04.05.26 22:49:04:216] INFO instancemanager.StarterPackManager: StarterPack: initNewChar completed for WildBloom result=true
[04.05.26 22:49:04:233] INFO instancemanager.StarterPackManager: StarterPack: Player.restore() returned WildBloom for objId=268469359
[04.05.26 22:49:04:250] INFO instancemanager.StarterPackManager: StarterPack: Bot WildBloom entered world at -71404,258368,-3080
[04.05.26 22:49:04:250] INFO instancemanager.StarterPackManager: StarterPack: Spawned bot WildBloom (class=0/HUMAN_FIGHTER, race=HUMAN, objId=268469359)
[04.05.26 22:49:04:541] INFO instancemanager.StarterPackManager: StarterPack: Attempting to spawn classId=10 name=WildCreek
[04.05.26 22:49:04:541] INFO instancemanager.StarterPackManager: StarterPack: classId=10 validated as HUMAN_MAGE race=HUMAN
[04.05.26 22:49:04:556] INFO instancemanager.StarterPackManager: StarterPack: Player.create() returned obj=268469393 for classId=10 name=WildCreek
[04.05.26 22:49:04:704] INFO instancemanager.StarterPackManager: StarterPack: initNewChar completed for WildCreek result=true
[04.05.26 22:49:04:722] INFO instancemanager.StarterPackManager: StarterPack: Player.restore() returned WildCreek for objId=268469393
[04.05.26 22:49:04:747] INFO instancemanager.StarterPackManager: StarterPack: Bot WildCreek entered world at -90890,248127,-3568
[04.05.26 22:49:04:748] INFO instancemanager.StarterPackManager: StarterPack: Spawned bot WildCreek (class=10/HUMAN_MAGE, race=HUMAN, objId=268469393)
[04.05.26 22:49:05:041] INFO instancemanager.StarterPackManager: StarterPack: Attempting to spawn classId=18 name=WildMarsh
[04.05.26 22:49:05:041] INFO instancemanager.StarterPackManager: StarterPack: classId=18 validated as ELVEN_FIGHTER race=ELF
[04.05.26 22:49:05:058] INFO instancemanager.StarterPackManager: StarterPack: Player.create() returned obj=268469427 for classId=18 name=WildMarsh
[04.05.26 22:49:05:162] INFO instancemanager.StarterPackManager: StarterPack: initNewChar completed for WildMarsh result=true
[04.05.26 22:49:05:182] INFO instancemanager.StarterPackManager: StarterPack: Player.restore() returned WildMarsh for objId=268469427
[04.05.26 22:49:05:196] INFO instancemanager.StarterPackManager: StarterPack: Bot WildMarsh entered world at 46057,41198,-3504
[04.05.26 22:49:05:197] INFO instancemanager.StarterPackManager: StarterPack: Spawned bot WildMarsh (class=18/ELVEN_FIGHTER, race=ELF, objId=268469427)
[04.05.26 22:49:05:541] INFO instancemanager.StarterPackManager: StarterPack: Attempting to spawn classId=25 name=WildField
[04.05.26 22:49:05:541] INFO instancemanager.StarterPackManager: StarterPack: classId=25 validated as ELVEN_MAGE race=ELF
[04.05.26 22:49:05:553] INFO instancemanager.StarterPackManager: StarterPack: Player.create() returned obj=268469464 for classId=25 name=WildField
[04.05.26 22:49:05:694] INFO instancemanager.StarterPackManager: StarterPack: initNewChar completed for WildField result=true
[04.05.26 22:49:05:712] INFO instancemanager.StarterPackManager: StarterPack: Player.restore() returned WildField for objId=268469464
[04.05.26 22:49:05:730] INFO instancemanager.StarterPackManager: StarterPack: Bot WildField entered world at 46092,41215,-3504
[04.05.26 22:49:05:731] INFO instancemanager.StarterPackManager: StarterPack: Spawned bot WildField (class=25/ELVEN_MAGE, race=ELF, objId=268469464)
[04.05.26 22:49:06:042] INFO instancemanager.StarterPackManager: StarterPack: Attempting to spawn classId=31 name=WildGrove
[04.05.26 22:49:06:042] INFO instancemanager.StarterPackManager: StarterPack: classId=31 validated as DARK_FIGHTER race=DARKELF
[04.05.26 22:49:06:053] INFO instancemanager.StarterPackManager: StarterPack: Player.create() returned obj=268469489 for classId=31 name=WildGrove
[04.05.26 22:49:06:166] INFO instancemanager.StarterPackManager: StarterPack: initNewChar completed for WildGrove result=true
[04.05.26 22:49:06:186] INFO instancemanager.StarterPackManager: StarterPack: Player.restore() returned WildGrove for objId=268469489
[04.05.26 22:49:06:200] INFO instancemanager.StarterPackManager: StarterPack: Bot WildGrove entered world at 28412,11056,-4232
[04.05.26 22:49:06:200] INFO instancemanager.StarterPackManager: StarterPack: Spawned bot WildGrove (class=31/DARK_FIGHTER, race=DARKELF, objId=268469489)
[04.05.26 22:49:06:541] INFO instancemanager.StarterPackManager: StarterPack: Attempting to spawn classId=38 name=WildCrest
[04.05.26 22:49:06:541] INFO instancemanager.StarterPackManager: StarterPack: classId=38 validated as DARK_MAGE race=DARKELF
[04.05.26 22:49:06:547] INFO instancemanager.StarterPackManager: StarterPack: Player.create() returned obj=268469533 for classId=38 name=WildCrest
[04.05.26 22:49:06:669] INFO instancemanager.StarterPackManager: StarterPack: initNewChar completed for WildCrest result=true
[04.05.26 22:49:06:685] INFO instancemanager.StarterPackManager: StarterPack: Player.restore() returned WildCrest for objId=268469533
[04.05.26 22:49:06:694] INFO instancemanager.StarterPackManager: StarterPack: Bot WildCrest entered world at 28394,10971,-4232
[04.05.26 22:49:06:694] INFO instancemanager.StarterPackManager: StarterPack: Spawned bot WildCrest (class=38/DARK_MAGE, race=DARKELF, objId=268469533)
[04.05.26 22:49:07:041] INFO instancemanager.StarterPackManager: StarterPack: Attempting to spawn classId=44 name=WildRidge
[04.05.26 22:49:07:041] INFO instancemanager.StarterPackManager: StarterPack: classId=44 validated as ORC_FIGHTER race=ORC
[04.05.26 22:49:07:049] INFO instancemanager.StarterPackManager: StarterPack: Player.create() returned obj=268469573 for classId=44 name=WildRidge
[04.05.26 22:49:07:180] INFO instancemanager.StarterPackManager: StarterPack: initNewChar completed for WildRidge result=true
[04.05.26 22:49:07:197] INFO instancemanager.StarterPackManager: StarterPack: Player.restore() returned WildRidge for objId=268469573
[04.05.26 22:49:07:219] INFO instancemanager.StarterPackManager: StarterPack: Bot WildRidge entered world at -56717,-113571,-672
[04.05.26 22:49:07:220] INFO instancemanager.StarterPackManager: StarterPack: Spawned bot WildRidge (class=44/ORC_FIGHTER, race=ORC, objId=268469573)
[04.05.26 22:49:07:541] INFO instancemanager.StarterPackManager: StarterPack: Attempting to spawn classId=49 name=WildDrake
[04.05.26 22:49:07:541] INFO instancemanager.StarterPackManager: StarterPack: classId=49 validated as ORC_MAGE race=ORC
[04.05.26 22:49:07:552] INFO instancemanager.StarterPackManager: StarterPack: Player.create() returned obj=268469614 for classId=49 name=WildDrake
[04.05.26 22:49:07:681] INFO instancemanager.StarterPackManager: StarterPack: initNewChar completed for WildDrake result=true
[04.05.26 22:49:07:699] INFO instancemanager.StarterPackManager: StarterPack: Player.restore() returned WildDrake for objId=268469614
[04.05.26 22:49:07:724] INFO instancemanager.StarterPackManager: StarterPack: Bot WildDrake entered world at -56677,-113609,-672
[04.05.26 22:49:07:724] INFO instancemanager.StarterPackManager: StarterPack: Spawned bot WildDrake (class=49/ORC_MAGE, race=ORC, objId=268469614)
[04.05.26 22:49:08:041] INFO instancemanager.StarterPackManager: StarterPack: Attempting to spawn classId=53 name=WildSerpent
[04.05.26 22:49:08:041] INFO instancemanager.StarterPackManager: StarterPack: classId=53 validated as DWARVEN_FIGHTER race=DWARF
[04.05.26 22:49:08:066] INFO instancemanager.StarterPackManager: StarterPack: Player.create() returned obj=268469647 for classId=53 name=WildSerpent
[04.05.26 22:49:08:187] INFO instancemanager.StarterPackManager: StarterPack: initNewChar completed for WildSerpent result=true
[04.05.26 22:49:08:201] INFO instancemanager.StarterPackManager: StarterPack: Player.restore() returned WildSerpent for objId=268469647
[04.05.26 22:49:08:228] INFO instancemanager.StarterPackManager: StarterPack: Bot WildSerpent entered world at 108572,-174047,-408
[04.05.26 22:49:08:228] INFO instancemanager.StarterPackManager: StarterPack: Spawned bot WildSerpent (class=53/DWARVEN_FIGHTER, race=DWARF, objId=268469647)
[04.05.26 22:49:08:541] INFO instancemanager.StarterPackManager: StarterPack: Attempting to spawn classId=0 name=RapidBlade
[04.05.26 22:49:08:541] INFO instancemanager.StarterPackManager: StarterPack: classId=0 validated as HUMAN_FIGHTER race=HUMAN
[04.05.26 22:49:08:571] INFO instancemanager.StarterPackManager: StarterPack: Player.create() returned obj=268469684 for classId=0 name=RapidBlade
[04.05.26 22:49:08:727] INFO instancemanager.StarterPackManager: StarterPack: initNewChar completed for RapidBlade result=true
[04.05.26 22:49:08:747] INFO instancemanager.StarterPackManager: StarterPack: Player.restore() returned RapidBlade for objId=268469684
[04.05.26 22:49:08:764] INFO instancemanager.StarterPackManager: StarterPack: Bot RapidBlade entered world at -71358,258360,-3064
[04.05.26 22:49:08:764] INFO instancemanager.StarterPackManager: StarterPack: Spawned bot RapidBlade (class=0/HUMAN_FIGHTER, race=HUMAN, objId=268469684)
[04.05.26 22:49:09:042] INFO instancemanager.StarterPackManager: StarterPack: Attempting to spawn classId=10 name=RapidFang
[04.05.26 22:49:09:042] INFO instancemanager.StarterPackManager: StarterPack: classId=10 validated as HUMAN_MAGE race=HUMAN
[04.05.26 22:49:09:060] INFO instancemanager.StarterPackManager: StarterPack: Player.create() returned obj=268469728 for classId=10 name=RapidFang
[04.05.26 22:49:09:183] INFO instancemanager.StarterPackManager: StarterPack: initNewChar completed for RapidFang result=true
[04.05.26 22:49:09:199] INFO instancemanager.StarterPackManager: StarterPack: Player.restore() returned RapidFang for objId=268469728
[04.05.26 22:49:09:218] INFO instancemanager.StarterPackManager: StarterPack: Bot RapidFang entered world at -90886,248133,-3568
[04.05.26 22:49:09:218] INFO instancemanager.StarterPackManager: StarterPack: Spawned bot RapidFang (class=10/HUMAN_MAGE, race=HUMAN, objId=268469728)
[04.05.26 22:49:09:543] INFO instancemanager.StarterPackManager: StarterPack: Attempting to spawn classId=18 name=RapidEdge
[04.05.26 22:49:09:543] INFO instancemanager.StarterPackManager: StarterPack: classId=18 validated as ELVEN_FIGHTER race=ELF
[04.05.26 22:49:09:562] INFO instancemanager.StarterPackManager: StarterPack: Player.create() returned obj=268469757 for classId=18 name=RapidEdge
[04.05.26 22:49:09:651] INFO instancemanager.StarterPackManager: StarterPack: initNewChar completed for RapidEdge result=true
[04.05.26 22:49:09:673] INFO instancemanager.StarterPackManager: StarterPack: Player.restore() returned RapidEdge for objId=268469757
[04.05.26 22:49:09:689] INFO instancemanager.StarterPackManager: StarterPack: Bot RapidEdge entered world at 46103,41218,-3504
[04.05.26 22:49:09:689] INFO instancemanager.StarterPackManager: StarterPack: Spawned bot RapidEdge (class=18/ELVEN_FIGHTER, race=ELF, objId=268469757)
[04.05.26 22:49:10:041] INFO instancemanager.StarterPackManager: StarterPack: Attempting to spawn classId=25 name=RapidCore
[04.05.26 22:49:10:041] INFO instancemanager.StarterPackManager: StarterPack: classId=25 validated as ELVEN_MAGE race=ELF
[04.05.26 22:49:10:051] INFO instancemanager.StarterPackManager: StarterPack: Player.create() returned obj=268469795 for classId=25 name=RapidCore
[04.05.26 22:49:10:164] INFO instancemanager.StarterPackManager: StarterPack: initNewChar completed for RapidCore result=true
[04.05.26 22:49:10:181] INFO instancemanager.StarterPackManager: StarterPack: Player.restore() returned RapidCore for objId=268469795
[04.05.26 22:49:10:194] INFO instancemanager.StarterPackManager: StarterPack: Bot RapidCore entered world at 46113,41189,-3504
[04.05.26 22:49:10:194] INFO instancemanager.StarterPackManager: StarterPack: Spawned bot RapidCore (class=25/ELVEN_MAGE, race=ELF, objId=268469795)
[04.05.26 22:49:10:542] INFO instancemanager.StarterPackManager: StarterPack: Attempting to spawn classId=31 name=RapidZone
[04.05.26 22:49:10:542] INFO instancemanager.StarterPackManager: StarterPack: classId=31 validated as DARK_FIGHTER race=DARKELF
[04.05.26 22:49:10:556] INFO instancemanager.StarterPackManager: StarterPack: Player.create() returned obj=268469825 for classId=31 name=RapidZone
[04.05.26 22:49:10:686] INFO instancemanager.StarterPackManager: StarterPack: initNewChar completed for RapidZone result=true
[04.05.26 22:49:10:701] INFO instancemanager.StarterPackManager: StarterPack: Player.restore() returned RapidZone for objId=268469825
[04.05.26 22:49:10:722] INFO instancemanager.StarterPackManager: StarterPack: Bot RapidZone entered world at 28347,10986,-4232
[04.05.26 22:49:10:722] INFO instancemanager.StarterPackManager: StarterPack: Spawned bot RapidZone (class=31/DARK_FIGHTER, race=DARKELF, objId=268469825)
[04.05.26 22:49:11:041] INFO instancemanager.StarterPackManager: StarterPack: Attempting to spawn classId=38 name=RapidClaw
[04.05.26 22:49:11:041] INFO instancemanager.StarterPackManager: StarterPack: classId=38 validated as DARK_MAGE race=DARKELF
[04.05.26 22:49:11:049] INFO instancemanager.StarterPackManager: StarterPack: Player.create() returned obj=268469854 for classId=38 name=RapidClaw
[04.05.26 22:49:11:179] INFO instancemanager.StarterPackManager: StarterPack: initNewChar completed for RapidClaw result=true
[04.05.26 22:49:11:203] INFO instancemanager.StarterPackManager: StarterPack: Player.restore() returned RapidClaw for objId=268469854
[04.05.26 22:49:11:217] INFO instancemanager.StarterPackManager: StarterPack: Bot RapidClaw entered world at 28373,10986,-4232
[04.05.26 22:49:11:218] INFO instancemanager.StarterPackManager: StarterPack: Spawned bot RapidClaw (class=38/DARK_MAGE, race=DARKELF, objId=268469854)
[04.05.26 22:49:11:541] INFO instancemanager.StarterPackManager: StarterPack: Attempting to spawn classId=44 name=RapidSoul
[04.05.26 22:49:11:541] INFO instancemanager.StarterPackManager: StarterPack: classId=44 validated as ORC_FIGHTER race=ORC
[04.05.26 22:49:11:555] INFO instancemanager.StarterPackManager: StarterPack: Player.create() returned obj=268469889 for classId=44 name=RapidSoul
[04.05.26 22:49:11:680] INFO instancemanager.StarterPackManager: StarterPack: initNewChar completed for RapidSoul result=true
[04.05.26 22:49:11:698] INFO instancemanager.StarterPackManager: StarterPack: Player.restore() returned RapidSoul for objId=268469889
[04.05.26 22:49:11:716] INFO instancemanager.StarterPackManager: StarterPack: Bot RapidSoul entered world at -56701,-113596,-672
[04.05.26 22:49:11:717] INFO instancemanager.StarterPackManager: StarterPack: Spawned bot RapidSoul (class=44/ORC_FIGHTER, race=ORC, objId=268469889)
[04.05.26 22:49:12:042] INFO instancemanager.StarterPackManager: StarterPack: Attempting to spawn classId=49 name=RapidStar
[04.05.26 22:49:12:042] INFO instancemanager.StarterPackManager: StarterPack: classId=49 validated as ORC_MAGE race=ORC
[04.05.26 22:49:12:054] INFO instancemanager.StarterPackManager: StarterPack: Player.create() returned obj=268469929 for classId=49 name=RapidStar
[04.05.26 22:49:12:200] INFO instancemanager.StarterPackManager: StarterPack: initNewChar completed for RapidStar result=true
[04.05.26 22:49:12:218] INFO instancemanager.StarterPackManager: StarterPack: Player.restore() returned RapidStar for objId=268469929
[04.05.26 22:49:12:237] INFO instancemanager.StarterPackManager: StarterPack: Bot RapidStar entered world at -56758,-113590,-672
[04.05.26 22:49:12:237] INFO instancemanager.StarterPackManager: StarterPack: Spawned bot RapidStar (class=49/ORC_MAGE, race=ORC, objId=268469929)
[04.05.26 22:49:12:540] INFO instancemanager.StarterPackManager: StarterPack: Attempting to spawn classId=53 name=RapidFire
[04.05.26 22:49:12:540] INFO instancemanager.StarterPackManager: StarterPack: classId=53 validated as DWARVEN_FIGHTER race=DWARF
[04.05.26 22:49:12:554] INFO instancemanager.StarterPackManager: StarterPack: Player.create() returned obj=268469965 for classId=53 name=RapidFire
[04.05.26 22:49:12:653] INFO instancemanager.StarterPackManager: StarterPack: initNewChar completed for RapidFire result=true
[04.05.26 22:49:12:674] INFO instancemanager.StarterPackManager: StarterPack: Player.restore() returned RapidFire for objId=268469965
[04.05.26 22:49:12:689] INFO instancemanager.StarterPackManager: StarterPack: Bot RapidFire entered world at 108557,-174044,-408
[04.05.26 22:49:12:689] INFO instancemanager.StarterPackManager: StarterPack: Spawned bot RapidFire (class=53/DWARVEN_FIGHTER, race=DWARF, objId=268469965)
[04.05.26 22:49:13:041] INFO instancemanager.StarterPackManager: StarterPack: Attempting to spawn classId=0 name=RapidWind
[04.05.26 22:49:13:041] INFO instancemanager.StarterPackManager: StarterPack: classId=0 validated as HUMAN_FIGHTER race=HUMAN
[04.05.26 22:49:13:050] INFO instancemanager.StarterPackManager: StarterPack: Player.create() returned obj=268470004 for classId=0 name=RapidWind
[04.05.26 22:49:13:167] INFO instancemanager.StarterPackManager: StarterPack: initNewChar completed for RapidWind result=true
[04.05.26 22:49:13:180] INFO instancemanager.StarterPackManager: StarterPack: Player.restore() returned RapidWind for objId=268470004
[04.05.26 22:49:13:200] INFO instancemanager.StarterPackManager: StarterPack: Bot RapidWind entered world at -71425,258320,-3104
[04.05.26 22:49:13:200] INFO instancemanager.StarterPackManager: StarterPack: Spawned bot RapidWind (class=0/HUMAN_FIGHTER, race=HUMAN, objId=268470004)
[04.05.26 22:49:13:542] INFO instancemanager.StarterPackManager: StarterPack: Attempting to spawn classId=10 name=RapidRage
[04.05.26 22:49:13:542] INFO instancemanager.StarterPackManager: StarterPack: classId=10 validated as HUMAN_MAGE race=HUMAN
[04.05.26 22:49:13:556] INFO instancemanager.StarterPackManager: StarterPack: Player.create() returned obj=268470042 for classId=10 name=RapidRage
[04.05.26 22:49:13:688] INFO instancemanager.StarterPackManager: StarterPack: initNewChar completed for RapidRage result=true
[04.05.26 22:49:13:703] INFO instancemanager.StarterPackManager: StarterPack: Player.restore() returned RapidRage for objId=268470042
[04.05.26 22:49:13:723] INFO instancemanager.StarterPackManager: StarterPack: Bot RapidRage entered world at -90839,248114,-3568
[04.05.26 22:49:13:723] INFO instancemanager.StarterPackManager: StarterPack: Spawned bot RapidRage (class=10/HUMAN_MAGE, race=HUMAN, objId=268470042)
[04.05.26 22:49:14:040] INFO instancemanager.StarterPackManager: StarterPack: Attempting to spawn classId=18 name=RapidHawk
[04.05.26 22:49:14:040] INFO instancemanager.StarterPackManager: StarterPack: classId=18 validated as ELVEN_FIGHTER race=ELF
[04.05.26 22:49:14:055] INFO instancemanager.StarterPackManager: StarterPack: Player.create() returned obj=268470088 for classId=18 name=RapidHawk
[04.05.26 22:49:14:151] INFO instancemanager.StarterPackManager: StarterPack: initNewChar completed for RapidHawk result=true
[04.05.26 22:49:14:170] INFO instancemanager.StarterPackManager: StarterPack: Player.restore() returned RapidHawk for objId=268470088
[04.05.26 22:49:14:185] INFO instancemanager.StarterPackManager: StarterPack: Bot RapidHawk entered world at 46058,41149,-3504
[04.05.26 22:49:14:185] INFO instancemanager.StarterPackManager: StarterPack: Spawned bot RapidHawk (class=18/ELVEN_FIGHTER, race=ELF, objId=268470088)
[04.05.26 22:49:14:541] INFO instancemanager.StarterPackManager: StarterPack: Attempting to spawn classId=25 name=RapidWolf
[04.05.26 22:49:14:541] INFO instancemanager.StarterPackManager: StarterPack: classId=25 validated as ELVEN_MAGE race=ELF
[04.05.26 22:49:14:563] INFO instancemanager.StarterPackManager: StarterPack: Player.create() returned obj=268470138 for classId=25 name=RapidWolf
[04.05.26 22:49:14:698] INFO instancemanager.StarterPackManager: StarterPack: initNewChar completed for RapidWolf result=true
[04.05.26 22:49:14:716] INFO instancemanager.StarterPackManager: StarterPack: Player.restore() returned RapidWolf for objId=268470138
[04.05.26 22:49:14:742] INFO instancemanager.StarterPackManager: StarterPack: Bot RapidWolf entered world at 46087,41195,-3504
[04.05.26 22:49:14:742] INFO instancemanager.StarterPackManager: StarterPack: Spawned bot RapidWolf (class=25/ELVEN_MAGE, race=ELF, objId=268470138)
[04.05.26 22:49:15:042] INFO instancemanager.StarterPackManager: StarterPack: Attempting to spawn classId=31 name=RapidStrike
[04.05.26 22:49:15:042] INFO instancemanager.StarterPackManager: StarterPack: classId=31 validated as DARK_FIGHTER race=DARKELF
[04.05.26 22:49:15:059] INFO instancemanager.StarterPackManager: StarterPack: Player.create() returned obj=268470163 for classId=31 name=RapidStrike
[04.05.26 22:49:15:168] INFO instancemanager.StarterPackManager: StarterPack: initNewChar completed for RapidStrike result=true
[04.05.26 22:49:15:190] INFO instancemanager.StarterPackManager: StarterPack: Player.restore() returned RapidStrike for objId=268470163
[04.05.26 22:49:15:200] INFO instancemanager.StarterPackManager: StarterPack: Bot RapidStrike entered world at 28352,11001,-4232
[04.05.26 22:49:15:200] INFO instancemanager.StarterPackManager: StarterPack: Spawned bot RapidStrike (class=31/DARK_FIGHTER, race=DARKELF, objId=268470163)
[04.05.26 22:49:15:541] INFO instancemanager.StarterPackManager: StarterPack: Attempting to spawn classId=38 name=RapidVeil
[04.05.26 22:49:15:542] INFO instancemanager.StarterPackManager: StarterPack: classId=38 validated as DARK_MAGE race=DARKELF
[04.05.26 22:49:15:555] INFO instancemanager.StarterPackManager: StarterPack: Player.create() returned obj=268470199 for classId=38 name=RapidVeil
[04.05.26 22:49:15:693] INFO instancemanager.StarterPackManager: StarterPack: initNewChar completed for RapidVeil result=true
[04.05.26 22:49:15:715] INFO instancemanager.StarterPackManager: StarterPack: Player.restore() returned RapidVeil for objId=268470199
[04.05.26 22:49:15:737] INFO instancemanager.StarterPackManager: StarterPack: Bot RapidVeil entered world at 28405,10983,-4232
[04.05.26 22:49:15:738] INFO instancemanager.StarterPackManager: StarterPack: Spawned bot RapidVeil (class=38/DARK_MAGE, race=DARKELF, objId=268470199)
[04.05.26 22:49:16:041] INFO instancemanager.StarterPackManager: StarterPack: Attempting to spawn classId=44 name=RapidWisp
[04.05.26 22:49:16:041] INFO instancemanager.StarterPackManager: StarterPack: classId=44 validated as ORC_FIGHTER race=ORC
[04.05.26 22:49:16:048] INFO instancemanager.StarterPackManager: StarterPack: Player.create() returned obj=268470230 for classId=44 name=RapidWisp
[04.05.26 22:49:16:130] INFO instancemanager.StarterPackManager: StarterPack: initNewChar completed for RapidWisp result=true
[04.05.26 22:49:16:146] INFO instancemanager.StarterPackManager: StarterPack: Player.restore() returned RapidWisp for objId=268470230
[04.05.26 22:49:16:157] INFO instancemanager.StarterPackManager: StarterPack: Bot RapidWisp entered world at -56670,-113571,-672
[04.05.26 22:49:16:157] INFO instancemanager.StarterPackManager: StarterPack: Spawned bot RapidWisp (class=44/ORC_FIGHTER, race=ORC, objId=268470230)
[04.05.26 22:49:16:541] INFO instancemanager.StarterPackManager: StarterPack: Attempting to spawn classId=49 name=RapidGloom
[04.05.26 22:49:16:542] INFO instancemanager.StarterPackManager: StarterPack: classId=49 validated as ORC_MAGE race=ORC
[04.05.26 22:49:16:554] INFO instancemanager.StarterPackManager: StarterPack: Player.create() returned obj=268470265 for classId=49 name=RapidGloom
[04.05.26 22:49:16:658] INFO instancemanager.StarterPackManager: StarterPack: initNewChar completed for RapidGloom result=true
[04.05.26 22:49:16:675] INFO instancemanager.StarterPackManager: StarterPack: Player.restore() returned RapidGloom for objId=268470265
[04.05.26 22:49:16:689] INFO instancemanager.StarterPackManager: StarterPack: Bot RapidGloom entered world at -56671,-113627,-672
[04.05.26 22:49:16:689] INFO instancemanager.StarterPackManager: StarterPack: Spawned bot RapidGloom (class=49/ORC_MAGE, race=ORC, objId=268470265)
[04.05.26 22:49:17:043] INFO instancemanager.StarterPackManager: StarterPack: Attempting to spawn classId=53 name=RapidStone
[04.05.26 22:49:17:043] INFO instancemanager.StarterPackManager: StarterPack: classId=53 validated as DWARVEN_FIGHTER race=DWARF
[04.05.26 22:49:17:050] INFO instancemanager.StarterPackManager: StarterPack: Player.create() returned obj=268470306 for classId=53 name=RapidStone
[04.05.26 22:49:17:172] INFO instancemanager.StarterPackManager: StarterPack: initNewChar completed for RapidStone result=true
[04.05.26 22:49:17:187] INFO instancemanager.StarterPackManager: StarterPack: Player.restore() returned RapidStone for objId=268470306
[04.05.26 22:49:17:198] INFO instancemanager.StarterPackManager: StarterPack: Bot RapidStone entered world at 108562,-174081,-408
[04.05.26 22:49:17:199] INFO instancemanager.StarterPackManager: StarterPack: Spawned bot RapidStone (class=53/DWARVEN_FIGHTER, race=DWARF, objId=268470306)
[04.05.26 22:49:17:541] INFO instancemanager.StarterPackManager: StarterPack: Attempting to spawn classId=0 name=RapidCrown
[04.05.26 22:49:17:541] INFO instancemanager.StarterPackManager: StarterPack: classId=0 validated as HUMAN_FIGHTER race=HUMAN
[04.05.26 22:49:17:549] INFO instancemanager.StarterPackManager: StarterPack: Player.create() returned obj=268470343 for classId=0 name=RapidCrown
[04.05.26 22:49:17:617] INFO instancemanager.StarterPackManager: StarterPack: initNewChar completed for RapidCrown result=true
[04.05.26 22:49:17:631] INFO instancemanager.StarterPackManager: StarterPack: Player.restore() returned RapidCrown for objId=268470343
[04.05.26 22:49:17:643] INFO instancemanager.StarterPackManager: StarterPack: Bot RapidCrown entered world at -71354,258297,-3104
[04.05.26 22:49:17:643] INFO instancemanager.StarterPackManager: StarterPack: Spawned bot RapidCrown (class=0/HUMAN_FIGHTER, race=HUMAN, objId=268470343)
[04.05.26 22:49:18:042] INFO instancemanager.StarterPackManager: StarterPack: Attempting to spawn classId=10 name=RapidThorn
[04.05.26 22:49:18:042] INFO instancemanager.StarterPackManager: StarterPack: classId=10 validated as HUMAN_MAGE race=HUMAN
[04.05.26 22:49:18:057] INFO instancemanager.StarterPackManager: StarterPack: Player.create() returned obj=268470385 for classId=10 name=RapidThorn
[04.05.26 22:49:18:227] INFO instancemanager.StarterPackManager: StarterPack: initNewChar completed for RapidThorn result=true
[04.05.26 22:49:18:240] INFO instancemanager.StarterPackManager: StarterPack: Player.restore() returned RapidThorn for objId=268470385
[04.05.26 22:49:18:265] INFO instancemanager.StarterPackManager: StarterPack: Bot RapidThorn entered world at -90853,248059,-3568
[04.05.26 22:49:18:265] INFO instancemanager.StarterPackManager: StarterPack: Spawned bot RapidThorn (class=10/HUMAN_MAGE, race=HUMAN, objId=268470385)
[04.05.26 22:49:18:541] INFO instancemanager.StarterPackManager: StarterPack: Attempting to spawn classId=18 name=RapidSpark
[04.05.26 22:49:18:541] INFO instancemanager.StarterPackManager: StarterPack: classId=18 validated as ELVEN_FIGHTER race=ELF
[04.05.26 22:49:18:555] INFO instancemanager.StarterPackManager: StarterPack: Player.create() returned obj=268470415 for classId=18 name=RapidSpark
[04.05.26 22:49:18:713] INFO instancemanager.StarterPackManager: StarterPack: initNewChar completed for RapidSpark result=true
[04.05.26 22:49:18:751] INFO instancemanager.StarterPackManager: StarterPack: Player.restore() returned RapidSpark for objId=268470415
[04.05.26 22:49:18:779] INFO instancemanager.StarterPackManager: StarterPack: Bot RapidSpark entered world at 46062,41154,-3504
[04.05.26 22:49:18:780] INFO instancemanager.StarterPackManager: StarterPack: Spawned bot RapidSpark (class=18/ELVEN_FIGHTER, race=ELF, objId=268470415)
[04.05.26 22:49:19:041] INFO instancemanager.StarterPackManager: StarterPack: Attempting to spawn classId=25 name=RapidFlash
[04.05.26 22:49:19:041] INFO instancemanager.StarterPackManager: StarterPack: classId=25 validated as ELVEN_MAGE race=ELF
[04.05.26 22:49:19:058] INFO instancemanager.StarterPackManager: StarterPack: Player.create() returned obj=268470447 for classId=25 name=RapidFlash
[04.05.26 22:49:19:225] INFO instancemanager.StarterPackManager: StarterPack: initNewChar completed for RapidFlash result=true
[04.05.26 22:49:19:241] INFO instancemanager.StarterPackManager: StarterPack: Player.restore() returned RapidFlash for objId=268470447
[04.05.26 22:49:19:256] INFO instancemanager.StarterPackManager: StarterPack: Bot RapidFlash entered world at 46091,41204,-3504
[04.05.26 22:49:19:256] INFO instancemanager.StarterPackManager: StarterPack: Spawned bot RapidFlash (class=25/ELVEN_MAGE, race=ELF, objId=268470447)
[04.05.26 22:49:19:541] INFO instancemanager.StarterPackManager: StarterPack: Attempting to spawn classId=31 name=RapidBloom
[04.05.26 22:49:19:541] INFO instancemanager.StarterPackManager: StarterPack: classId=31 validated as DARK_FIGHTER race=DARKELF
[04.05.26 22:49:19:547] INFO instancemanager.StarterPackManager: StarterPack: Player.create() returned obj=268470487 for classId=31 name=RapidBloom
[04.05.26 22:49:19:639] INFO instancemanager.StarterPackManager: StarterPack: initNewChar completed for RapidBloom result=true
[04.05.26 22:49:19:654] INFO instancemanager.StarterPackManager: StarterPack: Player.restore() returned RapidBloom for objId=268470487
[04.05.26 22:49:19:674] INFO instancemanager.StarterPackManager: StarterPack: Bot RapidBloom entered world at 28349,10974,-4232
[04.05.26 22:49:19:674] INFO instancemanager.StarterPackManager: StarterPack: Spawned bot RapidBloom (class=31/DARK_FIGHTER, race=DARKELF, objId=268470487)
[04.05.26 22:49:20:042] INFO instancemanager.StarterPackManager: StarterPack: Attempting to spawn classId=38 name=RapidCreek
[04.05.26 22:49:20:042] INFO instancemanager.StarterPackManager: StarterPack: classId=38 validated as DARK_MAGE race=DARKELF
[04.05.26 22:49:20:048] INFO instancemanager.StarterPackManager: StarterPack: Player.create() returned obj=268470520 for classId=38 name=RapidCreek
[04.05.26 22:49:20:185] INFO instancemanager.StarterPackManager: StarterPack: initNewChar completed for RapidCreek result=true
[04.05.26 22:49:20:206] INFO instancemanager.StarterPackManager: StarterPack: Player.restore() returned RapidCreek for objId=268470520
[04.05.26 22:49:20:224] INFO instancemanager.StarterPackManager: StarterPack: Bot RapidCreek entered world at 28331,11034,-4232
[04.05.26 22:49:20:224] INFO instancemanager.StarterPackManager: StarterPack: Spawned bot RapidCreek (class=38/DARK_MAGE, race=DARKELF, objId=268470520)
[04.05.26 22:49:20:541] INFO instancemanager.StarterPackManager: StarterPack: Attempting to spawn classId=44 name=RapidMarsh
[04.05.26 22:49:20:541] INFO instancemanager.StarterPackManager: StarterPack: classId=44 validated as ORC_FIGHTER race=ORC
[04.05.26 22:49:20:547] INFO instancemanager.StarterPackManager: StarterPack: Player.create() returned obj=268470548 for classId=44 name=RapidMarsh
[04.05.26 22:49:20:739] INFO instancemanager.StarterPackManager: StarterPack: initNewChar completed for RapidMarsh result=true
[04.05.26 22:49:20:764] INFO instancemanager.StarterPackManager: StarterPack: Player.restore() returned RapidMarsh for objId=268470548
[04.05.26 22:49:20:774] INFO instancemanager.StarterPackManager: StarterPack: Bot RapidMarsh entered world at -56760,-113643,-672
[04.05.26 22:49:20:775] INFO instancemanager.StarterPackManager: StarterPack: Spawned bot RapidMarsh (class=44/ORC_FIGHTER, race=ORC, objId=268470548)
[04.05.26 22:49:21:041] INFO instancemanager.StarterPackManager: StarterPack: Attempting to spawn classId=49 name=RapidField
[04.05.26 22:49:21:041] INFO instancemanager.StarterPackManager: StarterPack: classId=49 validated as ORC_MAGE race=ORC
[04.05.26 22:49:21:068] INFO instancemanager.StarterPackManager: StarterPack: Player.create() returned obj=268470586 for classId=49 name=RapidField
[04.05.26 22:49:21:359] INFO instancemanager.StarterPackManager: StarterPack: initNewChar completed for RapidField result=true
[04.05.26 22:49:21:389] INFO instancemanager.StarterPackManager: StarterPack: Player.restore() returned RapidField for objId=268470586
[04.05.26 22:49:21:402] INFO instancemanager.StarterPackManager: StarterPack: Bot RapidField entered world at -56670,-113577,-672
[04.05.26 22:49:21:402] INFO instancemanager.StarterPackManager: StarterPack: Spawned bot RapidField (class=49/ORC_MAGE, race=ORC, objId=268470586)
[04.05.26 22:49:21:541] INFO instancemanager.StarterPackManager: StarterPack: Attempting to spawn classId=53 name=RapidGrove
[04.05.26 22:49:21:541] INFO instancemanager.StarterPackManager: StarterPack: classId=53 validated as DWARVEN_FIGHTER race=DWARF
[04.05.26 22:49:21:564] INFO instancemanager.StarterPackManager: StarterPack: Player.create() returned obj=268470632 for classId=53 name=RapidGrove
[04.05.26 22:49:21:882] INFO instancemanager.StarterPackManager: StarterPack: initNewChar completed for RapidGrove result=true
[04.05.26 22:49:21:909] INFO instancemanager.StarterPackManager: StarterPack: Player.restore() returned RapidGrove for objId=268470632
[04.05.26 22:49:21:941] INFO instancemanager.StarterPackManager: StarterPack: Bot RapidGrove entered world at 108588,-174018,-408
[04.05.26 22:49:21:942] INFO instancemanager.StarterPackManager: StarterPack: Spawned bot RapidGrove (class=53/DWARVEN_FIGHTER, race=DWARF, objId=268470632)
[04.05.26 22:49:22:040] INFO instancemanager.StarterPackManager: StarterPack: Attempting to spawn classId=0 name=RapidCrest
[04.05.26 22:49:22:040] INFO instancemanager.StarterPackManager: StarterPack: classId=0 validated as HUMAN_FIGHTER race=HUMAN
[04.05.26 22:49:22:070] INFO instancemanager.StarterPackManager: StarterPack: Player.create() returned obj=268470674 for classId=0 name=RapidCrest
[04.05.26 22:49:22:280] INFO instancemanager.StarterPackManager: StarterPack: initNewChar completed for RapidCrest result=true
[04.05.26 22:49:22:296] INFO instancemanager.StarterPackManager: StarterPack: Player.restore() returned RapidCrest for objId=268470674
[04.05.26 22:49:22:320] INFO instancemanager.StarterPackManager: StarterPack: Bot RapidCrest entered world at -71430,258282,-3104
[04.05.26 22:49:22:321] INFO instancemanager.StarterPackManager: StarterPack: Spawned bot RapidCrest (class=0/HUMAN_FIGHTER, race=HUMAN, objId=268470674)
[04.05.26 22:49:22:541] INFO instancemanager.StarterPackManager: StarterPack: Attempting to spawn classId=10 name=RapidRidge
[04.05.26 22:49:22:541] INFO instancemanager.StarterPackManager: StarterPack: classId=10 validated as HUMAN_MAGE race=HUMAN
[04.05.26 22:49:22:559] INFO instancemanager.StarterPackManager: StarterPack: Player.create() returned obj=268470714 for classId=10 name=RapidRidge
[04.05.26 22:49:22:738] INFO instancemanager.StarterPackManager: StarterPack: initNewChar completed for RapidRidge result=true
[04.05.26 22:49:22:768] INFO instancemanager.StarterPackManager: StarterPack: Player.restore() returned RapidRidge for objId=268470714
[04.05.26 22:49:22:791] INFO instancemanager.StarterPackManager: StarterPack: Bot RapidRidge entered world at -90899,248101,-3568
[04.05.26 22:49:22:791] INFO instancemanager.StarterPackManager: StarterPack: Spawned bot RapidRidge (class=10/HUMAN_MAGE, race=HUMAN, objId=268470714)
[04.05.26 22:49:23:041] INFO instancemanager.StarterPackManager: StarterPack: Attempting to spawn classId=18 name=RapidDrake
[04.05.26 22:49:23:041] INFO instancemanager.StarterPackManager: StarterPack: classId=18 validated as ELVEN_FIGHTER race=ELF
[04.05.26 22:49:23:054] INFO instancemanager.StarterPackManager: StarterPack: Player.create() returned obj=268470744 for classId=18 name=RapidDrake
[04.05.26 22:49:23:183] INFO instancemanager.StarterPackManager: StarterPack: initNewChar completed for RapidDrake result=true
[04.05.26 22:49:23:213] INFO instancemanager.StarterPackManager: StarterPack: Player.restore() returned RapidDrake for objId=268470744
[04.05.26 22:49:23:228] INFO instancemanager.StarterPackManager: StarterPack: Bot RapidDrake entered world at 46072,41216,-3504
[04.05.26 22:49:23:228] INFO instancemanager.StarterPackManager: StarterPack: Spawned bot RapidDrake (class=18/ELVEN_FIGHTER, race=ELF, objId=268470744)
[04.05.26 22:49:23:541] INFO instancemanager.StarterPackManager: StarterPack: Attempting to spawn classId=25 name=RapidSerpent
[04.05.26 22:49:23:541] INFO instancemanager.StarterPackManager: StarterPack: classId=25 validated as ELVEN_MAGE race=ELF
[04.05.26 22:49:23:550] INFO instancemanager.StarterPackManager: StarterPack: Player.create() returned obj=268470780 for classId=25 name=RapidSerpent
[04.05.26 22:49:23:628] INFO instancemanager.StarterPackManager: StarterPack: initNewChar completed for RapidSerpent result=true
[04.05.26 22:49:23:649] INFO instancemanager.StarterPackManager: StarterPack: Player.restore() returned RapidSerpent for objId=268470780
[04.05.26 22:49:23:662] INFO instancemanager.StarterPackManager: StarterPack: Bot RapidSerpent entered world at 46099,41166,-3504
[04.05.26 22:49:23:663] INFO instancemanager.StarterPackManager: StarterPack: Spawned bot RapidSerpent (class=25/ELVEN_MAGE, race=ELF, objId=268470780)
[04.05.26 22:49:24:041] INFO instancemanager.StarterPackManager: StarterPack: Attempting to spawn classId=31 name=LunarBlade
[04.05.26 22:49:24:041] INFO instancemanager.StarterPackManager: StarterPack: classId=31 validated as DARK_FIGHTER race=DARKELF
[04.05.26 22:49:24:053] INFO instancemanager.StarterPackManager: StarterPack: Player.create() returned obj=268470827 for classId=31 name=LunarBlade
[04.05.26 22:49:24:156] INFO instancemanager.StarterPackManager: StarterPack: initNewChar completed for LunarBlade result=true
[04.05.26 22:49:24:172] INFO instancemanager.StarterPackManager: StarterPack: Player.restore() returned LunarBlade for objId=268470827
[04.05.26 22:49:24:181] INFO instancemanager.StarterPackManager: StarterPack: Bot LunarBlade entered world at 28339,11068,-4232
[04.05.26 22:49:24:181] INFO instancemanager.StarterPackManager: StarterPack: Spawned bot LunarBlade (class=31/DARK_FIGHTER, race=DARKELF, objId=268470827)
[04.05.26 22:49:24:542] INFO instancemanager.StarterPackManager: StarterPack: Attempting to spawn classId=38 name=LunarFang
[04.05.26 22:49:24:542] INFO instancemanager.StarterPackManager: StarterPack: classId=38 validated as DARK_MAGE race=DARKELF
[04.05.26 22:49:24:550] INFO instancemanager.StarterPackManager: StarterPack: Player.create() returned obj=268470867 for classId=38 name=LunarFang
[04.05.26 22:49:24:706] INFO instancemanager.StarterPackManager: StarterPack: initNewChar completed for LunarFang result=true
[04.05.26 22:49:24:732] INFO instancemanager.StarterPackManager: StarterPack: Player.restore() returned LunarFang for objId=268470867
[04.05.26 22:49:24:744] INFO instancemanager.StarterPackManager: StarterPack: Bot LunarFang entered world at 28390,11063,-4232
[04.05.26 22:49:24:745] INFO instancemanager.StarterPackManager: StarterPack: Spawned bot LunarFang (class=38/DARK_MAGE, race=DARKELF, objId=268470867)
[04.05.26 22:49:25:041] INFO instancemanager.StarterPackManager: StarterPack: Attempting to spawn classId=44 name=LunarEdge
[04.05.26 22:49:25:041] INFO instancemanager.StarterPackManager: StarterPack: classId=44 validated as ORC_FIGHTER race=ORC
[04.05.26 22:49:25:048] INFO instancemanager.StarterPackManager: StarterPack: Player.create() returned obj=268470897 for classId=44 name=LunarEdge
[04.05.26 22:49:25:220] INFO instancemanager.StarterPackManager: StarterPack: initNewChar completed for LunarEdge result=true
[04.05.26 22:49:25:241] INFO instancemanager.StarterPackManager: StarterPack: Player.restore() returned LunarEdge for objId=268470897
[04.05.26 22:49:25:258] INFO instancemanager.StarterPackManager: StarterPack: Bot LunarEdge entered world at -56757,-113595,-672
[04.05.26 22:49:25:258] INFO instancemanager.StarterPackManager: StarterPack: Spawned bot LunarEdge (class=44/ORC_FIGHTER, race=ORC, objId=268470897)
[04.05.26 22:49:25:541] INFO instancemanager.StarterPackManager: StarterPack: Attempting to spawn classId=49 name=LunarCore
[04.05.26 22:49:25:541] INFO instancemanager.StarterPackManager: StarterPack: classId=49 validated as ORC_MAGE race=ORC
[04.05.26 22:49:25:551] INFO instancemanager.StarterPackManager: StarterPack: Player.create() returned obj=268470946 for classId=49 name=LunarCore
[04.05.26 22:49:25:669] INFO instancemanager.StarterPackManager: StarterPack: initNewChar completed for LunarCore result=true
[04.05.26 22:49:25:686] INFO instancemanager.StarterPackManager: StarterPack: Player.restore() returned LunarCore for objId=268470946
[04.05.26 22:49:25:712] INFO instancemanager.StarterPackManager: StarterPack: Bot LunarCore entered world at -56710,-113648,-672
[04.05.26 22:49:25:712] INFO instancemanager.StarterPackManager: StarterPack: Spawned bot LunarCore (class=49/ORC_MAGE, race=ORC, objId=268470946)
[04.05.26 22:49:26:042] INFO instancemanager.StarterPackManager: StarterPack: Attempting to spawn classId=53 name=LunarZone
[04.05.26 22:49:26:042] INFO instancemanager.StarterPackManager: StarterPack: classId=53 validated as DWARVEN_FIGHTER race=DWARF
[04.05.26 22:49:26:057] INFO instancemanager.StarterPackManager: StarterPack: Player.create() returned obj=268470972 for classId=53 name=LunarZone
[04.05.26 22:49:26:209] INFO instancemanager.StarterPackManager: StarterPack: initNewChar completed for LunarZone result=true
[04.05.26 22:49:26:229] INFO instancemanager.StarterPackManager: StarterPack: Player.restore() returned LunarZone for objId=268470972
[04.05.26 22:49:26:243] INFO instancemanager.StarterPackManager: StarterPack: Bot LunarZone entered world at 108572,-174072,-408
[04.05.26 22:49:26:243] INFO instancemanager.StarterPackManager: StarterPack: Spawned bot LunarZone (class=53/DWARVEN_FIGHTER, race=DWARF, objId=268470972)
[04.05.26 22:49:26:541] INFO instancemanager.StarterPackManager: StarterPack: Attempting to spawn classId=0 name=LunarClaw
[04.05.26 22:49:26:541] INFO instancemanager.StarterPackManager: StarterPack: classId=0 validated as HUMAN_FIGHTER race=HUMAN
[04.05.26 22:49:26:555] INFO instancemanager.StarterPackManager: StarterPack: Player.create() returned obj=268471015 for classId=0 name=LunarClaw
[04.05.26 22:49:26:652] INFO instancemanager.StarterPackManager: StarterPack: initNewChar completed for LunarClaw result=true
[04.05.26 22:49:26:669] INFO instancemanager.StarterPackManager: StarterPack: Player.restore() returned LunarClaw for objId=268471015
[04.05.26 22:49:26:688] INFO instancemanager.StarterPackManager: StarterPack: Bot LunarClaw entered world at -71403,258298,-3104
[04.05.26 22:49:26:688] INFO instancemanager.StarterPackManager: StarterPack: Spawned bot LunarClaw (class=0/HUMAN_FIGHTER, race=HUMAN, objId=268471015)
[04.05.26 22:49:27:041] INFO instancemanager.StarterPackManager: StarterPack: Attempting to spawn classId=10 name=LunarSoul
[04.05.26 22:49:27:041] INFO instancemanager.StarterPackManager: StarterPack: classId=10 validated as HUMAN_MAGE race=HUMAN
[04.05.26 22:49:27:050] INFO instancemanager.StarterPackManager: StarterPack: Player.create() returned obj=268471061 for classId=10 name=LunarSoul
[04.05.26 22:49:27:188] INFO instancemanager.StarterPackManager: StarterPack: initNewChar completed for LunarSoul result=true
[04.05.26 22:49:27:207] INFO instancemanager.StarterPackManager: StarterPack: Player.restore() returned LunarSoul for objId=268471061
[04.05.26 22:49:27:233] INFO instancemanager.StarterPackManager: StarterPack: Bot LunarSoul entered world at -90921,248047,-3568
[04.05.26 22:49:27:233] INFO instancemanager.StarterPackManager: StarterPack: Spawned bot LunarSoul (class=10/HUMAN_MAGE, race=HUMAN, objId=268471061)
[04.05.26 22:49:27:541] INFO instancemanager.StarterPackManager: StarterPack: Attempting to spawn classId=18 name=LunarStar
[04.05.26 22:49:27:541] INFO instancemanager.StarterPackManager: StarterPack: classId=18 validated as ELVEN_FIGHTER race=ELF
[04.05.26 22:49:27:553] INFO instancemanager.StarterPackManager: StarterPack: Player.create() returned obj=268471099 for classId=18 name=LunarStar
[04.05.26 22:49:27:684] INFO instancemanager.StarterPackManager: StarterPack: initNewChar completed for LunarStar result=true
[04.05.26 22:49:27:702] INFO instancemanager.StarterPackManager: StarterPack: Player.restore() returned LunarStar for objId=268471099
[04.05.26 22:49:27:722] INFO instancemanager.StarterPackManager: StarterPack: Bot LunarStar entered world at 46097,41194,-3504
[04.05.26 22:49:27:722] INFO instancemanager.StarterPackManager: StarterPack: Spawned bot LunarStar (class=18/ELVEN_FIGHTER, race=ELF, objId=268471099)
[04.05.26 22:49:28:042] INFO instancemanager.StarterPackManager: StarterPack: Attempting to spawn classId=25 name=LunarFire
[04.05.26 22:49:28:042] INFO instancemanager.StarterPackManager: StarterPack: classId=25 validated as ELVEN_MAGE race=ELF
[04.05.26 22:49:28:057] INFO instancemanager.StarterPackManager: StarterPack: Player.create() returned obj=268471136 for classId=25 name=LunarFire
[04.05.26 22:49:28:204] INFO instancemanager.StarterPackManager: StarterPack: initNewChar completed for LunarFire result=true
[04.05.26 22:49:28:224] INFO instancemanager.StarterPackManager: StarterPack: Player.restore() returned LunarFire for objId=268471136
[04.05.26 22:49:28:234] INFO instancemanager.StarterPackManager: StarterPack: Bot LunarFire entered world at 46034,41239,-3504
[04.05.26 22:49:28:234] INFO instancemanager.StarterPackManager: StarterPack: Spawned bot LunarFire (class=25/ELVEN_MAGE, race=ELF, objId=268471136)
[04.05.26 22:49:28:542] INFO instancemanager.StarterPackManager: StarterPack: Attempting to spawn classId=31 name=LunarWind
[04.05.26 22:49:28:542] INFO instancemanager.StarterPackManager: StarterPack: classId=31 validated as DARK_FIGHTER race=DARKELF
[04.05.26 22:49:28:552] INFO instancemanager.StarterPackManager: StarterPack: Player.create() returned obj=268471167 for classId=31 name=LunarWind
[04.05.26 22:49:28:646] INFO instancemanager.StarterPackManager: StarterPack: initNewChar completed for LunarWind result=true
[04.05.26 22:49:28:663] INFO instancemanager.StarterPackManager: StarterPack: Player.restore() returned LunarWind for objId=268471167
[04.05.26 22:49:28:678] INFO instancemanager.StarterPackManager: StarterPack: Bot LunarWind entered world at 28398,11053,-4232
[04.05.26 22:49:28:678] INFO instancemanager.StarterPackManager: StarterPack: Spawned bot LunarWind (class=31/DARK_FIGHTER, race=DARKELF, objId=268471167)
[04.05.26 22:49:29:042] INFO instancemanager.StarterPackManager: StarterPack: Attempting to spawn classId=38 name=LunarRage
[04.05.26 22:49:29:043] INFO instancemanager.StarterPackManager: StarterPack: classId=38 validated as DARK_MAGE race=DARKELF
[04.05.26 22:49:29:054] INFO instancemanager.StarterPackManager: StarterPack: Player.create() returned obj=268471208 for classId=38 name=LunarRage
[04.05.26 22:49:29:226] INFO instancemanager.StarterPackManager: StarterPack: initNewChar completed for LunarRage result=true
[04.05.26 22:49:29:251] INFO instancemanager.StarterPackManager: StarterPack: Player.restore() returned LunarRage for objId=268471208
[04.05.26 22:49:29:274] INFO instancemanager.StarterPackManager: StarterPack: Bot LunarRage entered world at 28335,11026,-4232
[04.05.26 22:49:29:274] INFO instancemanager.StarterPackManager: StarterPack: Spawned bot LunarRage (class=38/DARK_MAGE, race=DARKELF, objId=268471208)
[04.05.26 22:49:29:541] INFO instancemanager.StarterPackManager: StarterPack: Attempting to spawn classId=44 name=LunarHawk
[04.05.26 22:49:29:541] INFO instancemanager.StarterPackManager: StarterPack: classId=44 validated as ORC_FIGHTER race=ORC
[04.05.26 22:49:29:555] INFO instancemanager.StarterPackManager: StarterPack: Player.create() returned obj=268471238 for classId=44 name=LunarHawk
[04.05.26 22:49:29:681] INFO instancemanager.StarterPackManager: StarterPack: initNewChar completed for LunarHawk result=true
[04.05.26 22:49:29:704] INFO instancemanager.StarterPackManager: StarterPack: Player.restore() returned LunarHawk for objId=268471238
[04.05.26 22:49:29:716] INFO instancemanager.StarterPackManager: StarterPack: Bot LunarHawk entered world at -56757,-113621,-672
[04.05.26 22:49:29:716] INFO instancemanager.StarterPackManager: StarterPack: Spawned bot LunarHawk (class=44/ORC_FIGHTER, race=ORC, objId=268471238)
[04.05.26 22:49:30:042] INFO instancemanager.StarterPackManager: StarterPack: Attempting to spawn classId=49 name=LunarWolf
[04.05.26 22:49:30:042] INFO instancemanager.StarterPackManager: StarterPack: classId=49 validated as ORC_MAGE race=ORC
[04.05.26 22:49:30:056] INFO instancemanager.StarterPackManager: StarterPack: Player.create() returned obj=268471276 for classId=49 name=LunarWolf
[04.05.26 22:49:30:170] INFO instancemanager.StarterPackManager: StarterPack: initNewChar completed for LunarWolf result=true
[04.05.26 22:49:30:192] INFO instancemanager.StarterPackManager: StarterPack: Player.restore() returned LunarWolf for objId=268471276
[04.05.26 22:49:30:205] INFO instancemanager.StarterPackManager: StarterPack: Bot LunarWolf entered world at -56725,-113558,-672
[04.05.26 22:49:30:205] INFO instancemanager.StarterPackManager: StarterPack: Spawned bot LunarWolf (class=49/ORC_MAGE, race=ORC, objId=268471276)
[04.05.26 22:49:30:541] INFO instancemanager.StarterPackManager: StarterPack: Attempting to spawn classId=53 name=LunarStrike
[04.05.26 22:49:30:541] INFO instancemanager.StarterPackManager: StarterPack: classId=53 validated as DWARVEN_FIGHTER race=DWARF
[04.05.26 22:49:30:558] INFO instancemanager.StarterPackManager: StarterPack: Player.create() returned obj=268471313 for classId=53 name=LunarStrike
[04.05.26 22:49:30:710] INFO instancemanager.StarterPackManager: StarterPack: initNewChar completed for LunarStrike result=true
[04.05.26 22:49:30:730] INFO instancemanager.StarterPackManager: StarterPack: Player.restore() returned LunarStrike for objId=268471313
[04.05.26 22:49:30:751] INFO instancemanager.StarterPackManager: StarterPack: Bot LunarStrike entered world at 108633,-173996,-408
[04.05.26 22:49:30:751] INFO instancemanager.StarterPackManager: StarterPack: Spawned bot LunarStrike (class=53/DWARVEN_FIGHTER, race=DWARF, objId=268471313)
[04.05.26 22:49:31:041] INFO instancemanager.StarterPackManager: StarterPack: Attempting to spawn classId=0 name=LunarVeil
[04.05.26 22:49:31:041] INFO instancemanager.StarterPackManager: StarterPack: classId=0 validated as HUMAN_FIGHTER race=HUMAN
[04.05.26 22:49:31:049] INFO instancemanager.StarterPackManager: StarterPack: Player.create() returned obj=268471350 for classId=0 name=LunarVeil
[04.05.26 22:49:31:168] INFO instancemanager.StarterPackManager: StarterPack: initNewChar completed for LunarVeil result=true
[04.05.26 22:49:31:185] INFO instancemanager.StarterPackManager: StarterPack: Player.restore() returned LunarVeil for objId=268471350
[04.05.26 22:49:31:204] INFO instancemanager.StarterPackManager: StarterPack: Bot LunarVeil entered world at -71421,258340,-3104
[04.05.26 22:49:31:205] INFO instancemanager.StarterPackManager: StarterPack: Spawned bot LunarVeil (class=0/HUMAN_FIGHTER, race=HUMAN, objId=268471350)
[04.05.26 22:49:31:541] INFO instancemanager.StarterPackManager: StarterPack: Attempting to spawn classId=10 name=LunarWisp
[04.05.26 22:49:31:541] INFO instancemanager.StarterPackManager: StarterPack: classId=10 validated as HUMAN_MAGE race=HUMAN
[04.05.26 22:49:31:551] INFO instancemanager.StarterPackManager: StarterPack: Player.create() returned obj=268471377 for classId=10 name=LunarWisp
[04.05.26 22:49:31:701] INFO instancemanager.StarterPackManager: StarterPack: initNewChar completed for LunarWisp result=true
[04.05.26 22:49:31:718] INFO instancemanager.StarterPackManager: StarterPack: Player.restore() returned LunarWisp for objId=268471377
[04.05.26 22:49:31:734] INFO instancemanager.StarterPackManager: StarterPack: Bot LunarWisp entered world at -90835,248091,-3568
[04.05.26 22:49:31:735] INFO instancemanager.StarterPackManager: StarterPack: Spawned bot LunarWisp (class=10/HUMAN_MAGE, race=HUMAN, objId=268471377)
[04.05.26 22:49:32:040] INFO instancemanager.StarterPackManager: StarterPack: Attempting to spawn classId=18 name=LunarGloom
[04.05.26 22:49:32:040] INFO instancemanager.StarterPackManager: StarterPack: classId=18 validated as ELVEN_FIGHTER race=ELF
[04.05.26 22:49:32:049] INFO instancemanager.StarterPackManager: StarterPack: Player.create() returned obj=268471410 for classId=18 name=LunarGloom
[04.05.26 22:49:32:148] INFO instancemanager.StarterPackManager: StarterPack: initNewChar completed for LunarGloom result=true
[04.05.26 22:49:32:167] INFO instancemanager.StarterPackManager: StarterPack: Player.restore() returned LunarGloom for objId=268471410
[04.05.26 22:49:32:199] INFO instancemanager.StarterPackManager: StarterPack: Bot LunarGloom entered world at 46113,41163,-3504
[04.05.26 22:49:32:199] INFO instancemanager.StarterPackManager: StarterPack: Spawned bot LunarGloom (class=18/ELVEN_FIGHTER, race=ELF, objId=268471410)
[04.05.26 22:49:32:541] INFO instancemanager.StarterPackManager: StarterPack: Attempting to spawn classId=25 name=LunarStone
[04.05.26 22:49:32:541] INFO instancemanager.StarterPackManager: StarterPack: classId=25 validated as ELVEN_MAGE race=ELF
[04.05.26 22:49:32:550] INFO instancemanager.StarterPackManager: StarterPack: Player.create() returned obj=268471449 for classId=25 name=LunarStone
[04.05.26 22:49:32:640] INFO instancemanager.StarterPackManager: StarterPack: initNewChar completed for LunarStone result=true
[04.05.26 22:49:32:660] INFO instancemanager.StarterPackManager: StarterPack: Player.restore() returned LunarStone for objId=268471449
[04.05.26 22:49:32:679] INFO instancemanager.StarterPackManager: StarterPack: Bot LunarStone entered world at 46073,41164,-3504
[04.05.26 22:49:32:679] INFO instancemanager.StarterPackManager: StarterPack: Spawned bot LunarStone (class=25/ELVEN_MAGE, race=ELF, objId=268471449)
[04.05.26 22:49:33:042] INFO instancemanager.StarterPackManager: StarterPack: Attempting to spawn classId=31 name=LunarCrown
[04.05.26 22:49:33:042] INFO instancemanager.StarterPackManager: StarterPack: classId=31 validated as DARK_FIGHTER race=DARKELF
[04.05.26 22:49:33:058] INFO instancemanager.StarterPackManager: StarterPack: Player.create() returned obj=268471487 for classId=31 name=LunarCrown
[04.05.26 22:49:33:131] INFO instancemanager.StarterPackManager: StarterPack: initNewChar completed for LunarCrown result=true
[04.05.26 22:49:33:155] INFO instancemanager.StarterPackManager: StarterPack: Player.restore() returned LunarCrown for objId=268471487
[04.05.26 22:49:33:169] INFO instancemanager.StarterPackManager: StarterPack: Bot LunarCrown entered world at 28430,10971,-4232
[04.05.26 22:49:33:170] INFO instancemanager.StarterPackManager: StarterPack: Spawned bot LunarCrown (class=31/DARK_FIGHTER, race=DARKELF, objId=268471487)
[04.05.26 22:49:33:541] INFO instancemanager.StarterPackManager: StarterPack: Attempting to spawn classId=38 name=LunarThorn
[04.05.26 22:49:33:541] INFO instancemanager.StarterPackManager: StarterPack: classId=38 validated as DARK_MAGE race=DARKELF
[04.05.26 22:49:33:551] INFO instancemanager.StarterPackManager: StarterPack: Player.create() returned obj=268471534 for classId=38 name=LunarThorn
[04.05.26 22:49:33:670] INFO instancemanager.StarterPackManager: StarterPack: initNewChar completed for LunarThorn result=true
[04.05.26 22:49:33:707] INFO instancemanager.StarterPackManager: StarterPack: Player.restore() returned LunarThorn for objId=268471534
[04.05.26 22:49:33:722] INFO instancemanager.StarterPackManager: StarterPack: Bot LunarThorn entered world at 28372,11060,-4232
[04.05.26 22:49:33:722] INFO instancemanager.StarterPackManager: StarterPack: Spawned bot LunarThorn (class=38/DARK_MAGE, race=DARKELF, objId=268471534)
[04.05.26 22:49:34:041] INFO instancemanager.StarterPackManager: StarterPack: Attempting to spawn classId=44 name=LunarSpark
[04.05.26 22:49:34:041] INFO instancemanager.StarterPackManager: StarterPack: classId=44 validated as ORC_FIGHTER race=ORC
[04.05.26 22:49:34:049] INFO instancemanager.StarterPackManager: StarterPack: Player.create() returned obj=268471584 for classId=44 name=LunarSpark
[04.05.26 22:49:34:169] INFO instancemanager.StarterPackManager: StarterPack: initNewChar completed for LunarSpark result=true
[04.05.26 22:49:34:190] INFO instancemanager.StarterPackManager: StarterPack: Player.restore() returned LunarSpark for objId=268471584
[04.05.26 22:49:34:204] INFO instancemanager.StarterPackManager: StarterPack: Bot LunarSpark entered world at -56761,-113567,-672
[04.05.26 22:49:34:204] INFO instancemanager.StarterPackManager: StarterPack: Spawned bot LunarSpark (class=44/ORC_FIGHTER, race=ORC, objId=268471584)
[04.05.26 22:49:34:541] INFO instancemanager.StarterPackManager: StarterPack: Attempting to spawn classId=49 name=LunarFlash
[04.05.26 22:49:34:541] INFO instancemanager.StarterPackManager: StarterPack: classId=49 validated as ORC_MAGE race=ORC
[04.05.26 22:49:34:552] INFO instancemanager.StarterPackManager: StarterPack: Player.create() returned obj=268471619 for classId=49 name=LunarFlash
[04.05.26 22:49:34:677] INFO instancemanager.StarterPackManager: StarterPack: initNewChar completed for LunarFlash result=true
[04.05.26 22:49:34:693] INFO instancemanager.StarterPackManager: StarterPack: Player.restore() returned LunarFlash for objId=268471619
[04.05.26 22:49:34:712] INFO instancemanager.StarterPackManager: StarterPack: Bot LunarFlash entered world at -56722,-113616,-672
[04.05.26 22:49:34:713] INFO instancemanager.StarterPackManager: StarterPack: Spawned bot LunarFlash (class=49/ORC_MAGE, race=ORC, objId=268471619)
[04.05.26 22:49:35:042] INFO instancemanager.StarterPackManager: StarterPack: Attempting to spawn classId=53 name=LunarBloom
[04.05.26 22:49:35:042] INFO instancemanager.StarterPackManager: StarterPack: classId=53 validated as DWARVEN_FIGHTER race=DWARF
[04.05.26 22:49:35:057] INFO instancemanager.StarterPackManager: StarterPack: Player.create() returned obj=268471653 for classId=53 name=LunarBloom
[04.05.26 22:49:35:151] INFO instancemanager.StarterPackManager: StarterPack: initNewChar completed for LunarBloom result=true
[04.05.26 22:49:35:177] INFO instancemanager.StarterPackManager: StarterPack: Player.restore() returned LunarBloom for objId=268471653
[04.05.26 22:49:35:190] INFO instancemanager.StarterPackManager: StarterPack: Bot LunarBloom entered world at 108579,-174024,-408
[04.05.26 22:49:35:191] INFO instancemanager.StarterPackManager: StarterPack: Spawned bot LunarBloom (class=53/DWARVEN_FIGHTER, race=DWARF, objId=268471653)
[04.05.26 22:49:35:541] INFO instancemanager.StarterPackManager: StarterPack: Attempting to spawn classId=0 name=LunarCreek
[04.05.26 22:49:35:541] INFO instancemanager.StarterPackManager: StarterPack: classId=0 validated as HUMAN_FIGHTER race=HUMAN
[04.05.26 22:49:35:549] INFO instancemanager.StarterPackManager: StarterPack: Player.create() returned obj=268471682 for classId=0 name=LunarCreek
[04.05.26 22:49:35:657] INFO instancemanager.StarterPackManager: StarterPack: initNewChar completed for LunarCreek result=true
[04.05.26 22:49:35:679] INFO instancemanager.StarterPackManager: StarterPack: Player.restore() returned LunarCreek for objId=268471682
[04.05.26 22:49:35:700] INFO instancemanager.StarterPackManager: StarterPack: Bot LunarCreek entered world at -71429,258350,-3104
[04.05.26 22:49:35:700] INFO instancemanager.StarterPackManager: StarterPack: Spawned bot LunarCreek (class=0/HUMAN_FIGHTER, race=HUMAN, objId=268471682)
[04.05.26 22:49:36:041] INFO instancemanager.StarterPackManager: StarterPack: Attempting to spawn classId=10 name=LunarMarsh
[04.05.26 22:49:36:041] INFO instancemanager.StarterPackManager: StarterPack: classId=10 validated as HUMAN_MAGE race=HUMAN
[04.05.26 22:49:36:050] INFO instancemanager.StarterPackManager: StarterPack: Player.create() returned obj=268471719 for classId=10 name=LunarMarsh
[04.05.26 22:49:36:183] INFO instancemanager.StarterPackManager: StarterPack: initNewChar completed for LunarMarsh result=true
[04.05.26 22:49:36:205] INFO instancemanager.StarterPackManager: StarterPack: Player.restore() returned LunarMarsh for objId=268471719
[04.05.26 22:49:36:228] INFO instancemanager.StarterPackManager: StarterPack: Bot LunarMarsh entered world at -90930,248056,-3560
[04.05.26 22:49:36:229] INFO instancemanager.StarterPackManager: StarterPack: Spawned bot LunarMarsh (class=10/HUMAN_MAGE, race=HUMAN, objId=268471719)
[04.05.26 22:49:36:541] INFO instancemanager.StarterPackManager: StarterPack: Attempting to spawn classId=18 name=LunarField
[04.05.26 22:49:36:541] INFO instancemanager.StarterPackManager: StarterPack: classId=18 validated as ELVEN_FIGHTER race=ELF
[04.05.26 22:49:36:549] INFO instancemanager.StarterPackManager: StarterPack: Player.create() returned obj=268471757 for classId=18 name=LunarField
[04.05.26 22:49:36:656] INFO instancemanager.StarterPackManager: StarterPack: initNewChar completed for LunarField result=true
[04.05.26 22:49:36:680] INFO instancemanager.StarterPackManager: StarterPack: Player.restore() returned LunarField for objId=268471757
[04.05.26 22:49:36:696] INFO instancemanager.StarterPackManager: StarterPack: Bot LunarField entered world at 46036,41238,-3504
[04.05.26 22:49:36:696] INFO instancemanager.StarterPackManager: StarterPack: Spawned bot LunarField (class=18/ELVEN_FIGHTER, race=ELF, objId=268471757)
[04.05.26 22:49:37:041] INFO instancemanager.StarterPackManager: StarterPack: Attempting to spawn classId=25 name=LunarGrove
[04.05.26 22:49:37:041] INFO instancemanager.StarterPackManager: StarterPack: classId=25 validated as ELVEN_MAGE race=ELF
[04.05.26 22:49:37:054] INFO instancemanager.StarterPackManager: StarterPack: Player.create() returned obj=268471809 for classId=25 name=LunarGrove
[04.05.26 22:49:37:195] INFO instancemanager.StarterPackManager: StarterPack: initNewChar completed for LunarGrove result=true
[04.05.26 22:49:37:211] INFO instancemanager.StarterPackManager: StarterPack: Player.restore() returned LunarGrove for objId=268471809
[04.05.26 22:49:37:232] INFO instancemanager.StarterPackManager: StarterPack: Bot LunarGrove entered world at 46109,41196,-3504
[04.05.26 22:49:37:232] INFO instancemanager.StarterPackManager: StarterPack: Spawned bot LunarGrove (class=25/ELVEN_MAGE, race=ELF, objId=268471809)
[04.05.26 22:49:37:541] INFO instancemanager.StarterPackManager: StarterPack: Attempting to spawn classId=31 name=LunarCrest
[04.05.26 22:49:37:541] INFO instancemanager.StarterPackManager: StarterPack: classId=31 validated as DARK_FIGHTER race=DARKELF
[04.05.26 22:49:37:558] INFO instancemanager.StarterPackManager: StarterPack: Player.create() returned obj=268471834 for classId=31 name=LunarCrest
[04.05.26 22:49:37:671] INFO instancemanager.StarterPackManager: StarterPack: initNewChar completed for LunarCrest result=true
[04.05.26 22:49:37:695] INFO instancemanager.StarterPackManager: StarterPack: Player.restore() returned LunarCrest for objId=268471834
[04.05.26 22:49:37:708] INFO instancemanager.StarterPackManager: StarterPack: Bot LunarCrest entered world at 28418,11066,-4232
[04.05.26 22:49:37:709] INFO instancemanager.StarterPackManager: StarterPack: Spawned bot LunarCrest (class=31/DARK_FIGHTER, race=DARKELF, objId=268471834)
[04.05.26 22:49:38:042] INFO instancemanager.StarterPackManager: StarterPack: Attempting to spawn classId=38 name=LunarRidge
[04.05.26 22:49:38:042] INFO instancemanager.StarterPackManager: StarterPack: classId=38 validated as DARK_MAGE race=DARKELF
[04.05.26 22:49:38:057] INFO instancemanager.StarterPackManager: StarterPack: Player.create() returned obj=268471873 for classId=38 name=LunarRidge
[04.05.26 22:49:38:204] INFO instancemanager.StarterPackManager: StarterPack: initNewChar completed for LunarRidge result=true
[04.05.26 22:49:38:227] INFO instancemanager.StarterPackManager: StarterPack: Player.restore() returned LunarRidge for objId=268471873
[04.05.26 22:49:38:250] INFO instancemanager.StarterPackManager: StarterPack: Bot LunarRidge entered world at 28402,10983,-4232
[04.05.26 22:49:38:250] INFO instancemanager.StarterPackManager: StarterPack: Spawned bot LunarRidge (class=38/DARK_MAGE, race=DARKELF, objId=268471873)
[04.05.26 22:49:38:542] INFO instancemanager.StarterPackManager: StarterPack: Attempting to spawn classId=44 name=LunarDrake
[04.05.26 22:49:38:542] INFO instancemanager.StarterPackManager: StarterPack: classId=44 validated as ORC_FIGHTER race=ORC
[04.05.26 22:49:38:562] INFO instancemanager.StarterPackManager: StarterPack: Player.create() returned obj=268471905 for classId=44 name=LunarDrake
[04.05.26 22:49:38:686] INFO instancemanager.StarterPackManager: StarterPack: initNewChar completed for LunarDrake result=true
[04.05.26 22:49:38:711] INFO instancemanager.StarterPackManager: StarterPack: Player.restore() returned LunarDrake for objId=268471905
[04.05.26 22:49:38:725] INFO instancemanager.StarterPackManager: StarterPack: Bot LunarDrake entered world at -56723,-113587,-672
[04.05.26 22:49:38:725] INFO instancemanager.StarterPackManager: StarterPack: Spawned bot LunarDrake (class=44/ORC_FIGHTER, race=ORC, objId=268471905)
[04.05.26 22:49:39:041] INFO instancemanager.StarterPackManager: StarterPack: Attempting to spawn classId=49 name=LunarSerpent
[04.05.26 22:49:39:041] INFO instancemanager.StarterPackManager: StarterPack: classId=49 validated as ORC_MAGE race=ORC
[04.05.26 22:49:39:062] INFO instancemanager.StarterPackManager: StarterPack: Player.create() returned obj=268471944 for classId=49 name=LunarSerpent
[04.05.26 22:49:39:218] INFO instancemanager.StarterPackManager: StarterPack: initNewChar completed for LunarSerpent result=true
[04.05.26 22:49:39:242] INFO instancemanager.StarterPackManager: StarterPack: Player.restore() returned LunarSerpent for objId=268471944
[04.05.26 22:49:39:259] INFO instancemanager.StarterPackManager: StarterPack: Bot LunarSerpent entered world at -56694,-113606,-672
[04.05.26 22:49:39:259] INFO instancemanager.StarterPackManager: StarterPack: Spawned bot LunarSerpent (class=49/ORC_MAGE, race=ORC, objId=268471944)
[04.05.26 22:49:39:541] INFO instancemanager.StarterPackManager: StarterPack: Attempting to spawn classId=53 name=SolarBlade
[04.05.26 22:49:39:541] INFO instancemanager.StarterPackManager: StarterPack: classId=53 validated as DWARVEN_FIGHTER race=DWARF
[04.05.26 22:49:39:570] INFO instancemanager.StarterPackManager: StarterPack: Player.create() returned obj=268471983 for classId=53 name=SolarBlade
[04.05.26 22:49:39:701] INFO instancemanager.StarterPackManager: StarterPack: initNewChar completed for SolarBlade result=true
[04.05.26 22:49:39:719] INFO instancemanager.StarterPackManager: StarterPack: Player.restore() returned SolarBlade for objId=268471983
[04.05.26 22:49:39:736] INFO instancemanager.StarterPackManager: StarterPack: Bot SolarBlade entered world at 108627,-174046,-408
[04.05.26 22:49:39:736] INFO instancemanager.StarterPackManager: StarterPack: Spawned bot SolarBlade (class=53/DWARVEN_FIGHTER, race=DWARF, objId=268471983)
[04.05.26 22:49:40:041] INFO instancemanager.StarterPackManager: StarterPack: Attempting to spawn classId=0 name=SolarFang
[04.05.26 22:49:40:041] INFO instancemanager.StarterPackManager: StarterPack: classId=0 validated as HUMAN_FIGHTER race=HUMAN
[04.05.26 22:49:40:048] INFO instancemanager.StarterPackManager: StarterPack: Player.create() returned obj=268472018 for classId=0 name=SolarFang
[04.05.26 22:49:40:187] INFO instancemanager.StarterPackManager: StarterPack: initNewChar completed for SolarFang result=true
[04.05.26 22:49:40:206] INFO instancemanager.StarterPackManager: StarterPack: Player.restore() returned SolarFang for objId=268472018
[04.05.26 22:49:40:222] INFO instancemanager.StarterPackManager: StarterPack: Bot SolarFang entered world at -71410,258272,-3104
[04.05.26 22:49:40:222] INFO instancemanager.StarterPackManager: StarterPack: Spawned bot SolarFang (class=0/HUMAN_FIGHTER, race=HUMAN, objId=268472018)
[04.05.26 22:49:40:541] INFO instancemanager.StarterPackManager: StarterPack: Attempting to spawn classId=10 name=SolarEdge
[04.05.26 22:49:40:541] INFO instancemanager.StarterPackManager: StarterPack: classId=10 validated as HUMAN_MAGE race=HUMAN
[04.05.26 22:49:40:549] INFO instancemanager.StarterPackManager: StarterPack: Player.create() returned obj=268472059 for classId=10 name=SolarEdge
[04.05.26 22:49:40:694] INFO instancemanager.StarterPackManager: StarterPack: initNewChar completed for SolarEdge result=true
[04.05.26 22:49:40:716] INFO instancemanager.StarterPackManager: StarterPack: Player.restore() returned SolarEdge for objId=268472059
[04.05.26 22:49:40:733] INFO instancemanager.StarterPackManager: StarterPack: Bot SolarEdge entered world at -90880,248091,-3568
[04.05.26 22:49:40:734] INFO instancemanager.StarterPackManager: StarterPack: Spawned bot SolarEdge (class=10/HUMAN_MAGE, race=HUMAN, objId=268472059)
[04.05.26 22:49:41:041] INFO instancemanager.StarterPackManager: StarterPack: Attempting to spawn classId=18 name=SolarCore
[04.05.26 22:49:41:041] INFO instancemanager.StarterPackManager: StarterPack: classId=18 validated as ELVEN_FIGHTER race=ELF
[04.05.26 22:49:41:052] INFO instancemanager.StarterPackManager: StarterPack: Player.create() returned obj=268472114 for classId=18 name=SolarCore
[04.05.26 22:49:41:157] INFO instancemanager.StarterPackManager: StarterPack: initNewChar completed for SolarCore result=true
[04.05.26 22:49:41:179] INFO instancemanager.StarterPackManager: StarterPack: Player.restore() returned SolarCore for objId=268472114
[04.05.26 22:49:41:193] INFO instancemanager.StarterPackManager: StarterPack: Bot SolarCore entered world at 46052,41156,-3504
[04.05.26 22:49:41:193] INFO instancemanager.StarterPackManager: StarterPack: Spawned bot SolarCore (class=18/ELVEN_FIGHTER, race=ELF, objId=268472114)
[04.05.26 22:49:41:541] INFO instancemanager.StarterPackManager: StarterPack: Attempting to spawn classId=25 name=SolarZone
[04.05.26 22:49:41:541] INFO instancemanager.StarterPackManager: StarterPack: classId=25 validated as ELVEN_MAGE race=ELF
[04.05.26 22:49:41:552] INFO instancemanager.StarterPackManager: StarterPack: Player.create() returned obj=268472146 for classId=25 name=SolarZone
[04.05.26 22:49:41:707] INFO instancemanager.StarterPackManager: StarterPack: initNewChar completed for SolarZone result=true
[04.05.26 22:49:41:736] INFO instancemanager.StarterPackManager: StarterPack: Player.restore() returned SolarZone for objId=268472146
[04.05.26 22:49:41:756] INFO instancemanager.StarterPackManager: StarterPack: Bot SolarZone entered world at 46126,41170,-3504
[04.05.26 22:49:41:757] INFO instancemanager.StarterPackManager: StarterPack: Spawned bot SolarZone (class=25/ELVEN_MAGE, race=ELF, objId=268472146)
[04.05.26 22:49:42:041] INFO instancemanager.StarterPackManager: StarterPack: Attempting to spawn classId=31 name=SolarClaw
[04.05.26 22:49:42:041] INFO instancemanager.StarterPackManager: StarterPack: classId=31 validated as DARK_FIGHTER race=DARKELF
[04.05.26 22:49:42:049] INFO instancemanager.StarterPackManager: StarterPack: Player.create() returned obj=268472185 for classId=31 name=SolarClaw
[04.05.26 22:49:42:159] INFO instancemanager.StarterPackManager: StarterPack: initNewChar completed for SolarClaw result=true
[04.05.26 22:49:42:181] INFO instancemanager.StarterPackManager: StarterPack: Player.restore() returned SolarClaw for objId=268472185
[04.05.26 22:49:42:209] INFO instancemanager.StarterPackManager: StarterPack: Bot SolarClaw entered world at 28382,10999,-4232
[04.05.26 22:49:42:209] INFO instancemanager.StarterPackManager: StarterPack: Spawned bot SolarClaw (class=31/DARK_FIGHTER, race=DARKELF, objId=268472185)
[04.05.26 22:49:42:541] INFO instancemanager.StarterPackManager: StarterPack: Attempting to spawn classId=38 name=SolarSoul
[04.05.26 22:49:42:541] INFO instancemanager.StarterPackManager: StarterPack: classId=38 validated as DARK_MAGE race=DARKELF
[04.05.26 22:49:42:554] INFO instancemanager.StarterPackManager: StarterPack: Player.create() returned obj=268472221 for classId=38 name=SolarSoul
[04.05.26 22:49:42:706] INFO instancemanager.StarterPackManager: StarterPack: initNewChar completed for SolarSoul result=true
[04.05.26 22:49:42:725] INFO instancemanager.StarterPackManager: StarterPack: Player.restore() returned SolarSoul for objId=268472221
[04.05.26 22:49:42:748] INFO instancemanager.StarterPackManager: StarterPack: Bot SolarSoul entered world at 28388,11003,-4232
[04.05.26 22:49:42:748] INFO instancemanager.StarterPackManager: StarterPack: Spawned bot SolarSoul (class=38/DARK_MAGE, race=DARKELF, objId=268472221)
[04.05.26 22:49:43:042] INFO instancemanager.StarterPackManager: StarterPack: Attempting to spawn classId=44 name=SolarStar
[04.05.26 22:49:43:042] INFO instancemanager.StarterPackManager: StarterPack: classId=44 validated as ORC_FIGHTER race=ORC
[04.05.26 22:49:43:048] INFO instancemanager.StarterPackManager: StarterPack: Player.create() returned obj=268472261 for classId=44 name=SolarStar
[04.05.26 22:49:43:109] INFO instancemanager.StarterPackManager: StarterPack: initNewChar completed for SolarStar result=true
[04.05.26 22:49:43:131] INFO instancemanager.StarterPackManager: StarterPack: Player.restore() returned SolarStar for objId=268472261
[04.05.26 22:49:43:142] INFO instancemanager.StarterPackManager: StarterPack: Bot SolarStar entered world at -56763,-113583,-672
[04.05.26 22:49:43:143] INFO instancemanager.StarterPackManager: StarterPack: Spawned bot SolarStar (class=44/ORC_FIGHTER, race=ORC, objId=268472261)
[04.05.26 22:49:43:541] INFO instancemanager.StarterPackManager: StarterPack: Attempting to spawn classId=49 name=SolarFire
[04.05.26 22:49:43:541] INFO instancemanager.StarterPackManager: StarterPack: classId=49 validated as ORC_MAGE race=ORC
[04.05.26 22:49:43:563] INFO instancemanager.StarterPackManager: StarterPack: Player.create() returned obj=268472307 for classId=49 name=SolarFire
[04.05.26 22:49:43:738] INFO instancemanager.StarterPackManager: StarterPack: initNewChar completed for SolarFire result=true
[04.05.26 22:49:43:759] INFO instancemanager.StarterPackManager: StarterPack: Player.restore() returned SolarFire for objId=268472307
[04.05.26 22:49:43:779] INFO instancemanager.StarterPackManager: StarterPack: Bot SolarFire entered world at -56726,-113578,-672
[04.05.26 22:49:43:779] INFO instancemanager.StarterPackManager: StarterPack: Spawned bot SolarFire (class=49/ORC_MAGE, race=ORC, objId=268472307)
[04.05.26 22:49:44:041] INFO instancemanager.StarterPackManager: StarterPack: Attempting to spawn classId=53 name=SolarWind
[04.05.26 22:49:44:041] INFO instancemanager.StarterPackManager: StarterPack: classId=53 validated as DWARVEN_FIGHTER race=DWARF
[04.05.26 22:49:44:052] INFO instancemanager.StarterPackManager: StarterPack: Player.create() returned obj=268472339 for classId=53 name=SolarWind
[04.05.26 22:49:44:168] INFO instancemanager.StarterPackManager: StarterPack: initNewChar completed for SolarWind result=true
[04.05.26 22:49:44:186] INFO instancemanager.StarterPackManager: StarterPack: Player.restore() returned SolarWind for objId=268472339
[04.05.26 22:49:44:197] INFO instancemanager.StarterPackManager: StarterPack: Bot SolarWind entered world at 108565,-174010,-408
[04.05.26 22:49:44:198] INFO instancemanager.StarterPackManager: StarterPack: Spawned bot SolarWind (class=53/DWARVEN_FIGHTER, race=DWARF, objId=268472339)
[04.05.26 22:49:44:542] INFO instancemanager.StarterPackManager: StarterPack: Attempting to spawn classId=0 name=SolarRage
[04.05.26 22:49:44:542] INFO instancemanager.StarterPackManager: StarterPack: classId=0 validated as HUMAN_FIGHTER race=HUMAN
[04.05.26 22:49:44:549] INFO instancemanager.StarterPackManager: StarterPack: Player.create() returned obj=268472369 for classId=0 name=SolarRage
[04.05.26 22:49:44:655] INFO instancemanager.StarterPackManager: StarterPack: initNewChar completed for SolarRage result=true
[04.05.26 22:49:44:678] INFO instancemanager.StarterPackManager: StarterPack: Player.restore() returned SolarRage for objId=268472369
[04.05.26 22:49:44:695] INFO instancemanager.StarterPackManager: StarterPack: Bot SolarRage entered world at -71427,258293,-3104
[04.05.26 22:49:44:697] INFO instancemanager.StarterPackManager: StarterPack: Spawned bot SolarRage (class=0/HUMAN_FIGHTER, race=HUMAN, objId=268472369)
[04.05.26 22:49:45:041] INFO instancemanager.StarterPackManager: StarterPack: Attempting to spawn classId=10 name=SolarHawk
[04.05.26 22:49:45:041] INFO instancemanager.StarterPackManager: StarterPack: classId=10 validated as HUMAN_MAGE race=HUMAN
[04.05.26 22:49:45:050] INFO instancemanager.StarterPackManager: StarterPack: Player.create() returned obj=268472412 for classId=10 name=SolarHawk
[04.05.26 22:49:45:284] INFO instancemanager.StarterPackManager: StarterPack: initNewChar completed for SolarHawk result=true
[04.05.26 22:49:45:304] INFO instancemanager.StarterPackManager: StarterPack: Player.restore() returned SolarHawk for objId=268472412
[04.05.26 22:49:45:326] INFO instancemanager.StarterPackManager: StarterPack: Bot SolarHawk entered world at -90832,248060,-3568
[04.05.26 22:49:45:326] INFO instancemanager.StarterPackManager: StarterPack: Spawned bot SolarHawk (class=10/HUMAN_MAGE, race=HUMAN, objId=268472412)
[04.05.26 22:49:45:542] INFO instancemanager.StarterPackManager: StarterPack: Attempting to spawn classId=18 name=SolarWolf
[04.05.26 22:49:45:542] INFO instancemanager.StarterPackManager: StarterPack: classId=18 validated as ELVEN_FIGHTER race=ELF
[04.05.26 22:49:45:561] INFO instancemanager.StarterPackManager: StarterPack: Player.create() returned obj=268472454 for classId=18 name=SolarWolf
[04.05.26 22:49:45:724] INFO instancemanager.StarterPackManager: StarterPack: initNewChar completed for SolarWolf result=true
[04.05.26 22:49:45:747] INFO instancemanager.StarterPackManager: StarterPack: Player.restore() returned SolarWolf for objId=268472454
[04.05.26 22:49:45:767] INFO instancemanager.StarterPackManager: StarterPack: Bot SolarWolf entered world at 46130,41172,-3504
[04.05.26 22:49:45:767] INFO instancemanager.StarterPackManager: StarterPack: Spawned bot SolarWolf (class=18/ELVEN_FIGHTER, race=ELF, objId=268472454)
[04.05.26 22:49:46:042] INFO instancemanager.StarterPackManager: StarterPack: Attempting to spawn classId=25 name=SolarStrike
[04.05.26 22:49:46:042] INFO instancemanager.StarterPackManager: StarterPack: classId=25 validated as ELVEN_MAGE race=ELF
[04.05.26 22:49:46:054] INFO instancemanager.StarterPackManager: StarterPack: Player.create() returned obj=268472492 for classId=25 name=SolarStrike
[04.05.26 22:49:46:235] INFO instancemanager.StarterPackManager: StarterPack: initNewChar completed for SolarStrike result=true
[04.05.26 22:49:46:254] INFO instancemanager.StarterPackManager: StarterPack: Player.restore() returned SolarStrike for objId=268472492
[04.05.26 22:49:46:267] INFO instancemanager.StarterPackManager: StarterPack: Bot SolarStrike entered world at 46072,41159,-3504
[04.05.26 22:49:46:267] INFO instancemanager.StarterPackManager: StarterPack: Spawned bot SolarStrike (class=25/ELVEN_MAGE, race=ELF, objId=268472492)
[04.05.26 22:49:46:541] INFO instancemanager.StarterPackManager: StarterPack: Attempting to spawn classId=31 name=SolarVeil
[04.05.26 22:49:46:541] INFO instancemanager.StarterPackManager: StarterPack: classId=31 validated as DARK_FIGHTER race=DARKELF
[04.05.26 22:49:46:551] INFO instancemanager.StarterPackManager: StarterPack: Player.create() returned obj=268472526 for classId=31 name=SolarVeil
[04.05.26 22:49:46:635] INFO instancemanager.StarterPackManager: StarterPack: initNewChar completed for SolarVeil result=true
[04.05.26 22:49:46:654] INFO instancemanager.StarterPackManager: StarterPack: Player.restore() returned SolarVeil for objId=268472526
[04.05.26 22:49:46:674] INFO instancemanager.StarterPackManager: StarterPack: Bot SolarVeil entered world at 28384,10998,-4232
[04.05.26 22:49:46:674] INFO instancemanager.StarterPackManager: StarterPack: Spawned bot SolarVeil (class=31/DARK_FIGHTER, race=DARKELF, objId=268472526)
[04.05.26 22:49:47:041] INFO instancemanager.StarterPackManager: StarterPack: Attempting to spawn classId=38 name=SolarWisp
[04.05.26 22:49:47:041] INFO instancemanager.StarterPackManager: StarterPack: classId=38 validated as DARK_MAGE race=DARKELF
[04.05.26 22:49:47:052] INFO instancemanager.StarterPackManager: StarterPack: Player.create() returned obj=268472571 for classId=38 name=SolarWisp
[04.05.26 22:49:47:150] INFO instancemanager.StarterPackManager: StarterPack: initNewChar completed for SolarWisp result=true
[04.05.26 22:49:47:171] INFO instancemanager.StarterPackManager: StarterPack: Player.restore() returned SolarWisp for objId=268472571
[04.05.26 22:49:47:182] INFO instancemanager.StarterPackManager: StarterPack: Bot SolarWisp entered world at 28365,11047,-4232
[04.05.26 22:49:47:183] INFO instancemanager.StarterPackManager: StarterPack: Spawned bot SolarWisp (class=38/DARK_MAGE, race=DARKELF, objId=268472571)
[04.05.26 22:49:47:541] INFO instancemanager.StarterPackManager: StarterPack: Attempting to spawn classId=44 name=SolarGloom
[04.05.26 22:49:47:541] INFO instancemanager.StarterPackManager: StarterPack: classId=44 validated as ORC_FIGHTER race=ORC
[04.05.26 22:49:47:545] INFO instancemanager.StarterPackManager: StarterPack: Player.create() returned obj=268472601 for classId=44 name=SolarGloom
[04.05.26 22:49:47:610] INFO instancemanager.StarterPackManager: StarterPack: initNewChar completed for SolarGloom result=true
[04.05.26 22:49:47:630] INFO instancemanager.StarterPackManager: StarterPack: Player.restore() returned SolarGloom for objId=268472601
[04.05.26 22:49:47:643] INFO instancemanager.StarterPackManager: StarterPack: Bot SolarGloom entered world at -56708,-113564,-672
[04.05.26 22:49:47:643] INFO instancemanager.StarterPackManager: StarterPack: Spawned bot SolarGloom (class=44/ORC_FIGHTER, race=ORC, objId=268472601)
[04.05.26 22:49:48:042] INFO instancemanager.StarterPackManager: StarterPack: Attempting to spawn classId=49 name=SolarStone
[04.05.26 22:49:48:042] INFO instancemanager.StarterPackManager: StarterPack: classId=49 validated as ORC_MAGE race=ORC
[04.05.26 22:49:48:054] INFO instancemanager.StarterPackManager: StarterPack: Player.create() returned obj=268472640 for classId=49 name=SolarStone
[04.05.26 22:49:48:228] INFO instancemanager.StarterPackManager: StarterPack: initNewChar completed for SolarStone result=true
[04.05.26 22:49:48:253] INFO instancemanager.StarterPackManager: StarterPack: Player.restore() returned SolarStone for objId=268472640
[04.05.26 22:49:48:278] INFO instancemanager.StarterPackManager: StarterPack: Bot SolarStone entered world at -56759,-113580,-672
[04.05.26 22:49:48:278] INFO instancemanager.StarterPackManager: StarterPack: Spawned bot SolarStone (class=49/ORC_MAGE, race=ORC, objId=268472640)
[04.05.26 22:49:48:541] INFO instancemanager.StarterPackManager: StarterPack: Attempting to spawn classId=53 name=SolarCrown
[04.05.26 22:49:48:541] INFO instancemanager.StarterPackManager: StarterPack: classId=53 validated as DWARVEN_FIGHTER race=DWARF
[04.05.26 22:49:48:568] INFO instancemanager.StarterPackManager: StarterPack: Player.create() returned obj=268472677 for classId=53 name=SolarCrown
[04.05.26 22:49:48:716] INFO instancemanager.StarterPackManager: StarterPack: initNewChar completed for SolarCrown result=true
[04.05.26 22:49:48:734] INFO instancemanager.StarterPackManager: StarterPack: Player.restore() returned SolarCrown for objId=268472677
[04.05.26 22:49:48:761] INFO instancemanager.StarterPackManager: StarterPack: Bot SolarCrown entered world at 108604,-174045,-408
[04.05.26 22:49:48:761] INFO instancemanager.StarterPackManager: StarterPack: Spawned bot SolarCrown (class=53/DWARVEN_FIGHTER, race=DWARF, objId=268472677)
[04.05.26 22:49:49:041] INFO instancemanager.StarterPackManager: StarterPack: Attempting to spawn classId=0 name=SolarThorn
[04.05.26 22:49:49:041] INFO instancemanager.StarterPackManager: StarterPack: classId=0 validated as HUMAN_FIGHTER race=HUMAN
[04.05.26 22:49:49:052] INFO instancemanager.StarterPackManager: StarterPack: Player.create() returned obj=268472716 for classId=0 name=SolarThorn
[04.05.26 22:49:49:176] INFO instancemanager.StarterPackManager: StarterPack: initNewChar completed for SolarThorn result=true
[04.05.26 22:49:49:198] INFO instancemanager.StarterPackManager: StarterPack: Player.restore() returned SolarThorn for objId=268472716
[04.05.26 22:49:49:210] INFO instancemanager.StarterPackManager: StarterPack: Bot SolarThorn entered world at -71359,258299,-3104
[04.05.26 22:49:49:210] INFO instancemanager.StarterPackManager: StarterPack: Spawned bot SolarThorn (class=0/HUMAN_FIGHTER, race=HUMAN, objId=268472716)
[04.05.26 22:49:49:541] INFO instancemanager.StarterPackManager: StarterPack: Attempting to spawn classId=10 name=SolarSpark
[04.05.26 22:49:49:541] INFO instancemanager.StarterPackManager: StarterPack: classId=10 validated as HUMAN_MAGE race=HUMAN
[04.05.26 22:49:49:551] INFO instancemanager.StarterPackManager: StarterPack: Player.create() returned obj=268472762 for classId=10 name=SolarSpark
[04.05.26 22:49:49:678] INFO instancemanager.StarterPackManager: StarterPack: initNewChar completed for SolarSpark result=true
[04.05.26 22:49:49:694] INFO instancemanager.StarterPackManager: StarterPack: Player.restore() returned SolarSpark for objId=268472762
[04.05.26 22:49:49:715] INFO instancemanager.StarterPackManager: StarterPack: Bot SolarSpark entered world at -90897,248119,-3568
[04.05.26 22:49:49:715] INFO instancemanager.StarterPackManager: StarterPack: Spawned bot SolarSpark (class=10/HUMAN_MAGE, race=HUMAN, objId=268472762)
[04.05.26 22:49:50:041] INFO instancemanager.StarterPackManager: StarterPack: Attempting to spawn classId=18 name=SolarFlash
[04.05.26 22:49:50:041] INFO instancemanager.StarterPackManager: StarterPack: classId=18 validated as ELVEN_FIGHTER race=ELF
[04.05.26 22:49:50:055] INFO instancemanager.StarterPackManager: StarterPack: Player.create() returned obj=268472791 for classId=18 name=SolarFlash
[04.05.26 22:49:50:142] INFO instancemanager.StarterPackManager: StarterPack: initNewChar completed for SolarFlash result=true
[04.05.26 22:49:50:160] INFO instancemanager.StarterPackManager: StarterPack: Player.restore() returned SolarFlash for objId=268472791
[04.05.26 22:49:50:182] INFO instancemanager.StarterPackManager: StarterPack: Bot SolarFlash entered world at 46123,41180,-3504
[04.05.26 22:49:50:182] INFO instancemanager.StarterPackManager: StarterPack: Spawned bot SolarFlash (class=18/ELVEN_FIGHTER, race=ELF, objId=268472791)
[04.05.26 22:49:50:542] INFO instancemanager.StarterPackManager: StarterPack: Attempting to spawn classId=25 name=SolarBloom
[04.05.26 22:49:50:542] INFO instancemanager.StarterPackManager: StarterPack: classId=25 validated as ELVEN_MAGE race=ELF
[04.05.26 22:49:50:555] INFO instancemanager.StarterPackManager: StarterPack: Player.create() returned obj=268472827 for classId=25 name=SolarBloom
[04.05.26 22:49:50:657] INFO instancemanager.StarterPackManager: StarterPack: initNewChar completed for SolarBloom result=true
[04.05.26 22:49:50:680] INFO instancemanager.StarterPackManager: StarterPack: Player.restore() returned SolarBloom for objId=268472827
[04.05.26 22:49:50:705] INFO instancemanager.StarterPackManager: StarterPack: Bot SolarBloom entered world at 46109,41198,-3504
[04.05.26 22:49:50:705] INFO instancemanager.StarterPackManager: StarterPack: Spawned bot SolarBloom (class=25/ELVEN_MAGE, race=ELF, objId=268472827)
[04.05.26 22:49:51:042] INFO instancemanager.StarterPackManager: StarterPack: Attempting to spawn classId=31 name=SolarCreek
[04.05.26 22:49:51:042] INFO instancemanager.StarterPackManager: StarterPack: classId=31 validated as DARK_FIGHTER race=DARKELF
[04.05.26 22:49:51:048] INFO instancemanager.StarterPackManager: StarterPack: Player.create() returned obj=268472865 for classId=31 name=SolarCreek
[04.05.26 22:49:51:128] INFO instancemanager.StarterPackManager: StarterPack: initNewChar completed for SolarCreek result=true
[04.05.26 22:49:51:146] INFO instancemanager.StarterPackManager: StarterPack: Player.restore() returned SolarCreek for objId=268472865
[04.05.26 22:49:51:177] INFO instancemanager.StarterPackManager: StarterPack: Bot SolarCreek entered world at 28407,11026,-4232
[04.05.26 22:49:51:177] INFO instancemanager.StarterPackManager: StarterPack: Spawned bot SolarCreek (class=31/DARK_FIGHTER, race=DARKELF, objId=268472865)
[04.05.26 22:49:51:541] INFO instancemanager.StarterPackManager: StarterPack: Attempting to spawn classId=38 name=SolarMarsh
[04.05.26 22:49:51:541] INFO instancemanager.StarterPackManager: StarterPack: classId=38 validated as DARK_MAGE race=DARKELF
[04.05.26 22:49:51:556] INFO instancemanager.StarterPackManager: StarterPack: Player.create() returned obj=268472909 for classId=38 name=SolarMarsh
[04.05.26 22:49:51:700] INFO instancemanager.StarterPackManager: StarterPack: initNewChar completed for SolarMarsh result=true
[04.05.26 22:49:51:718] INFO instancemanager.StarterPackManager: StarterPack: Player.restore() returned SolarMarsh for objId=268472909
[04.05.26 22:49:51:739] INFO instancemanager.StarterPackManager: StarterPack: Bot SolarMarsh entered world at 28352,10996,-4232
[04.05.26 22:49:51:739] INFO instancemanager.StarterPackManager: StarterPack: Spawned bot SolarMarsh (class=38/DARK_MAGE, race=DARKELF, objId=268472909)
[04.05.26 22:49:52:041] INFO instancemanager.StarterPackManager: StarterPack: Attempting to spawn classId=44 name=SolarField
[04.05.26 22:49:52:041] INFO instancemanager.StarterPackManager: StarterPack: classId=44 validated as ORC_FIGHTER race=ORC
[04.05.26 22:49:52:048] INFO instancemanager.StarterPackManager: StarterPack: Player.create() returned obj=268472941 for classId=44 name=SolarField
[04.05.26 22:49:52:118] INFO instancemanager.StarterPackManager: StarterPack: initNewChar completed for SolarField result=true
[04.05.26 22:49:52:136] INFO instancemanager.StarterPackManager: StarterPack: Player.restore() returned SolarField for objId=268472941
[04.05.26 22:49:52:152] INFO instancemanager.StarterPackManager: StarterPack: Bot SolarField entered world at -56705,-113605,-672
[04.05.26 22:49:52:152] INFO instancemanager.StarterPackManager: StarterPack: Spawned bot SolarField (class=44/ORC_FIGHTER, race=ORC, objId=268472941)
[04.05.26 22:49:52:542] INFO instancemanager.StarterPackManager: StarterPack: Attempting to spawn classId=49 name=SolarGrove
[04.05.26 22:49:52:542] INFO instancemanager.StarterPackManager: StarterPack: classId=49 validated as ORC_MAGE race=ORC
[04.05.26 22:49:52:552] INFO instancemanager.StarterPackManager: StarterPack: Player.create() returned obj=268472980 for classId=49 name=SolarGrove
[04.05.26 22:49:52:639] INFO instancemanager.StarterPackManager: StarterPack: initNewChar completed for SolarGrove result=true
[04.05.26 22:49:52:656] INFO instancemanager.StarterPackManager: StarterPack: Player.restore() returned SolarGrove for objId=268472980
[04.05.26 22:49:52:669] INFO instancemanager.StarterPackManager: StarterPack: Bot SolarGrove entered world at -56736,-113640,-672
[04.05.26 22:49:52:669] INFO instancemanager.StarterPackManager: StarterPack: Spawned bot SolarGrove (class=49/ORC_MAGE, race=ORC, objId=268472980)
[04.05.26 22:49:53:041] INFO instancemanager.StarterPackManager: StarterPack: Attempting to spawn classId=53 name=SolarCrest
[04.05.26 22:49:53:041] INFO instancemanager.StarterPackManager: StarterPack: classId=53 validated as DWARVEN_FIGHTER race=DWARF
[04.05.26 22:49:53:055] INFO instancemanager.StarterPackManager: StarterPack: Player.create() returned obj=268473020 for classId=53 name=SolarCrest
[04.05.26 22:49:53:241] INFO instancemanager.StarterPackManager: StarterPack: initNewChar completed for SolarCrest result=true
[04.05.26 22:49:53:264] INFO instancemanager.StarterPackManager: StarterPack: Player.restore() returned SolarCrest for objId=268473020
[04.05.26 22:49:53:285] INFO instancemanager.StarterPackManager: StarterPack: Bot SolarCrest entered world at 108625,-174056,-408
[04.05.26 22:49:53:285] INFO instancemanager.StarterPackManager: StarterPack: Spawned bot SolarCrest (class=53/DWARVEN_FIGHTER, race=DWARF, objId=268473020)
[04.05.26 22:49:53:541] INFO instancemanager.StarterPackManager: StarterPack: Attempting to spawn classId=0 name=SolarRidge
[04.05.26 22:49:53:541] INFO instancemanager.StarterPackManager: StarterPack: classId=0 validated as HUMAN_FIGHTER race=HUMAN
[04.05.26 22:49:53:564] INFO instancemanager.StarterPackManager: StarterPack: Player.create() returned obj=268473073 for classId=0 name=SolarRidge
[04.05.26 22:49:53:692] INFO instancemanager.StarterPackManager: StarterPack: initNewChar completed for SolarRidge result=true
[04.05.26 22:49:53:710] INFO instancemanager.StarterPackManager: StarterPack: Player.restore() returned SolarRidge for objId=268473073
[04.05.26 22:49:53:729] INFO instancemanager.StarterPackManager: StarterPack: Bot SolarRidge entered world at -71414,258306,-3104
[04.05.26 22:49:53:729] INFO instancemanager.StarterPackManager: StarterPack: Spawned bot SolarRidge (class=0/HUMAN_FIGHTER, race=HUMAN, objId=268473073)
[04.05.26 22:49:54:042] INFO instancemanager.StarterPackManager: StarterPack: Attempting to spawn classId=10 name=SolarDrake
[04.05.26 22:49:54:042] INFO instancemanager.StarterPackManager: StarterPack: classId=10 validated as HUMAN_MAGE race=HUMAN
[04.05.26 22:49:54:050] INFO instancemanager.StarterPackManager: StarterPack: Player.create() returned obj=268473119 for classId=10 name=SolarDrake
[04.05.26 22:49:54:134] INFO instancemanager.StarterPackManager: StarterPack: initNewChar completed for SolarDrake result=true
[04.05.26 22:49:54:160] INFO instancemanager.StarterPackManager: StarterPack: Player.restore() returned SolarDrake for objId=268473119
[04.05.26 22:49:54:178] INFO instancemanager.StarterPackManager: StarterPack: Bot SolarDrake entered world at -90860,248133,-3568
[04.05.26 22:49:54:178] INFO instancemanager.StarterPackManager: StarterPack: Spawned bot SolarDrake (class=10/HUMAN_MAGE, race=HUMAN, objId=268473119)
[04.05.26 22:49:54:542] INFO instancemanager.StarterPackManager: StarterPack: Attempting to spawn classId=18 name=SolarSerpent
[04.05.26 22:49:54:542] INFO instancemanager.StarterPackManager: StarterPack: classId=18 validated as ELVEN_FIGHTER race=ELF
[04.05.26 22:49:54:553] INFO instancemanager.StarterPackManager: StarterPack: Player.create() returned obj=268473151 for classId=18 name=SolarSerpent
[04.05.26 22:49:54:680] INFO instancemanager.StarterPackManager: StarterPack: initNewChar completed for SolarSerpent result=true
[04.05.26 22:49:54:704] INFO instancemanager.StarterPackManager: StarterPack: Player.restore() returned SolarSerpent for objId=268473151
[04.05.26 22:49:54:721] INFO instancemanager.StarterPackManager: StarterPack: Bot SolarSerpent entered world at 46078,41170,-3504
[04.05.26 22:49:54:721] INFO instancemanager.StarterPackManager: StarterPack: Spawned bot SolarSerpent (class=18/ELVEN_FIGHTER, race=ELF, objId=268473151)
[04.05.26 22:49:55:041] INFO instancemanager.StarterPackManager: StarterPack: Attempting to spawn classId=25 name=ApexBlade
[04.05.26 22:49:55:041] INFO instancemanager.StarterPackManager: StarterPack: classId=25 validated as ELVEN_MAGE race=ELF
[04.05.26 22:49:55:053] INFO instancemanager.StarterPackManager: StarterPack: Player.create() returned obj=268473192 for classId=25 name=ApexBlade
[04.05.26 22:49:55:211] INFO instancemanager.StarterPackManager: StarterPack: initNewChar completed for ApexBlade result=true
[04.05.26 22:49:55:233] INFO instancemanager.StarterPackManager: StarterPack: Player.restore() returned ApexBlade for objId=268473192
[04.05.26 22:49:55:251] INFO instancemanager.StarterPackManager: StarterPack: Bot ApexBlade entered world at 46092,41163,-3504
[04.05.26 22:49:55:251] INFO instancemanager.StarterPackManager: StarterPack: Spawned bot ApexBlade (class=25/ELVEN_MAGE, race=ELF, objId=268473192)
[04.05.26 22:49:55:542] INFO instancemanager.StarterPackManager: StarterPack: Attempting to spawn classId=31 name=ApexFang
[04.05.26 22:49:55:542] INFO instancemanager.StarterPackManager: StarterPack: classId=31 validated as DARK_FIGHTER race=DARKELF
[04.05.26 22:49:55:554] INFO instancemanager.StarterPackManager: StarterPack: Player.create() returned obj=268473227 for classId=31 name=ApexFang
[04.05.26 22:49:55:698] INFO instancemanager.StarterPackManager: StarterPack: initNewChar completed for ApexFang result=true
[04.05.26 22:49:55:718] INFO instancemanager.StarterPackManager: StarterPack: Player.restore() returned ApexFang for objId=268473227
[04.05.26 22:49:55:740] INFO instancemanager.StarterPackManager: StarterPack: Bot ApexFang entered world at 28394,11066,-4232
[04.05.26 22:49:55:740] INFO instancemanager.StarterPackManager: StarterPack: Spawned bot ApexFang (class=31/DARK_FIGHTER, race=DARKELF, objId=268473227)
[04.05.26 22:49:56:041] INFO instancemanager.StarterPackManager: StarterPack: Attempting to spawn classId=38 name=ApexEdge
[04.05.26 22:49:56:042] INFO instancemanager.StarterPackManager: StarterPack: classId=38 validated as DARK_MAGE race=DARKELF
[04.05.26 22:49:56:071] INFO instancemanager.StarterPackManager: StarterPack: Player.create() returned obj=268473264 for classId=38 name=ApexEdge
[04.05.26 22:49:56:245] INFO instancemanager.StarterPackManager: StarterPack: initNewChar completed for ApexEdge result=true
[04.05.26 22:49:56:267] INFO instancemanager.StarterPackManager: StarterPack: Player.restore() returned ApexEdge for objId=268473264
[04.05.26 22:49:56:281] INFO instancemanager.StarterPackManager: StarterPack: Bot ApexEdge entered world at 28396,10988,-4232
[04.05.26 22:49:56:281] INFO instancemanager.StarterPackManager: StarterPack: Spawned bot ApexEdge (class=38/DARK_MAGE, race=DARKELF, objId=268473264)
[04.05.26 22:49:56:540] INFO instancemanager.StarterPackManager: StarterPack: Attempting to spawn classId=44 name=ApexCore
[04.05.26 22:49:56:540] INFO instancemanager.StarterPackManager: StarterPack: classId=44 validated as ORC_FIGHTER race=ORC
[04.05.26 22:49:56:553] INFO instancemanager.StarterPackManager: StarterPack: Player.create() returned obj=268473298 for classId=44 name=ApexCore
[04.05.26 22:49:56:699] INFO instancemanager.StarterPackManager: StarterPack: initNewChar completed for ApexCore result=true
[04.05.26 22:49:56:722] INFO instancemanager.StarterPackManager: StarterPack: Player.restore() returned ApexCore for objId=268473298
[04.05.26 22:49:56:736] INFO instancemanager.StarterPackManager: StarterPack: Bot ApexCore entered world at -56684,-113642,-672
[04.05.26 22:49:56:737] INFO instancemanager.StarterPackManager: StarterPack: Spawned bot ApexCore (class=44/ORC_FIGHTER, race=ORC, objId=268473298)
[04.05.26 22:49:57:041] INFO instancemanager.StarterPackManager: StarterPack: Attempting to spawn classId=49 name=ApexZone
[04.05.26 22:49:57:041] INFO instancemanager.StarterPackManager: StarterPack: classId=49 validated as ORC_MAGE race=ORC
[04.05.26 22:49:57:061] INFO instancemanager.StarterPackManager: StarterPack: Player.create() returned obj=268473336 for classId=49 name=ApexZone
[04.05.26 22:49:57:226] INFO instancemanager.StarterPackManager: StarterPack: initNewChar completed for ApexZone result=true
[04.05.26 22:49:57:245] INFO instancemanager.StarterPackManager: StarterPack: Player.restore() returned ApexZone for objId=268473336
[04.05.26 22:49:57:266] INFO instancemanager.StarterPackManager: StarterPack: Bot ApexZone entered world at -56755,-113587,-672
[04.05.26 22:49:57:266] INFO instancemanager.StarterPackManager: StarterPack: Spawned bot ApexZone (class=49/ORC_MAGE, race=ORC, objId=268473336)
[04.05.26 22:49:57:541] INFO instancemanager.StarterPackManager: StarterPack: Attempting to spawn classId=53 name=ApexClaw
[04.05.26 22:49:57:541] INFO instancemanager.StarterPackManager: StarterPack: classId=53 validated as DWARVEN_FIGHTER race=DWARF
[04.05.26 22:49:57:551] INFO instancemanager.StarterPackManager: StarterPack: Player.create() returned obj=268473376 for classId=53 name=ApexClaw
[04.05.26 22:49:57:650] INFO instancemanager.StarterPackManager: StarterPack: initNewChar completed for ApexClaw result=true
[04.05.26 22:49:57:667] INFO instancemanager.StarterPackManager: StarterPack: Player.restore() returned ApexClaw for objId=268473376
[04.05.26 22:49:57:683] INFO instancemanager.StarterPackManager: StarterPack: Bot ApexClaw entered world at 108607,-174028,-408
[04.05.26 22:49:57:683] INFO instancemanager.StarterPackManager: StarterPack: Spawned bot ApexClaw (class=53/DWARVEN_FIGHTER, race=DWARF, objId=268473376)
[04.05.26 22:49:58:042] INFO instancemanager.StarterPackManager: StarterPack: Attempting to spawn classId=0 name=ApexSoul
[04.05.26 22:49:58:042] INFO instancemanager.StarterPackManager: StarterPack: classId=0 validated as HUMAN_FIGHTER race=HUMAN
[04.05.26 22:49:58:051] INFO instancemanager.StarterPackManager: StarterPack: Player.create() returned obj=268473415 for classId=0 name=ApexSoul
[04.05.26 22:49:58:121] INFO instancemanager.StarterPackManager: StarterPack: initNewChar completed for ApexSoul result=true
[04.05.26 22:49:58:139] INFO instancemanager.StarterPackManager: StarterPack: Player.restore() returned ApexSoul for objId=268473415
[04.05.26 22:49:58:149] INFO instancemanager.StarterPackManager: StarterPack: Bot ApexSoul entered world at -71413,258332,-3104
[04.05.26 22:49:58:149] INFO instancemanager.StarterPackManager: StarterPack: Spawned bot ApexSoul (class=0/HUMAN_FIGHTER, race=HUMAN, objId=268473415)
[04.05.26 22:49:58:541] INFO instancemanager.StarterPackManager: StarterPack: Attempting to spawn classId=10 name=ApexStar
[04.05.26 22:49:58:541] INFO instancemanager.StarterPackManager: StarterPack: classId=10 validated as HUMAN_MAGE race=HUMAN
[04.05.26 22:49:58:547] INFO instancemanager.StarterPackManager: StarterPack: Player.create() returned obj=268473451 for classId=10 name=ApexStar
[04.05.26 22:49:58:620] INFO instancemanager.StarterPackManager: StarterPack: initNewChar completed for ApexStar result=true
[04.05.26 22:49:58:638] INFO instancemanager.StarterPackManager: StarterPack: Player.restore() returned ApexStar for objId=268473451
[04.05.26 22:49:58:653] INFO instancemanager.StarterPackManager: StarterPack: Bot ApexStar entered world at -90913,248075,-3568
[04.05.26 22:49:58:653] INFO instancemanager.StarterPackManager: StarterPack: Spawned bot ApexStar (class=10/HUMAN_MAGE, race=HUMAN, objId=268473451)
[04.05.26 22:49:59:041] INFO instancemanager.StarterPackManager: StarterPack: Attempting to spawn classId=18 name=ApexFire
[04.05.26 22:49:59:041] INFO instancemanager.StarterPackManager: StarterPack: classId=18 validated as ELVEN_FIGHTER race=ELF
[04.05.26 22:49:59:067] INFO instancemanager.StarterPackManager: StarterPack: Player.create() returned obj=268473491 for classId=18 name=ApexFire
[04.05.26 22:49:59:200] INFO instancemanager.StarterPackManager: StarterPack: initNewChar completed for ApexFire result=true
[04.05.26 22:49:59:218] INFO instancemanager.StarterPackManager: StarterPack: Player.restore() returned ApexFire for objId=268473491
[04.05.26 22:49:59:242] INFO instancemanager.StarterPackManager: StarterPack: Bot ApexFire entered world at 46088,41196,-3504
[04.05.26 22:49:59:242] INFO instancemanager.StarterPackManager: StarterPack: Spawned bot ApexFire (class=18/ELVEN_FIGHTER, race=ELF, objId=268473491)
[04.05.26 22:49:59:542] INFO instancemanager.StarterPackManager: StarterPack: Attempting to spawn classId=25 name=ApexWind
[04.05.26 22:49:59:542] INFO instancemanager.StarterPackManager: StarterPack: classId=25 validated as ELVEN_MAGE race=ELF
[04.05.26 22:49:59:566] INFO instancemanager.StarterPackManager: StarterPack: Player.create() returned obj=268473531 for classId=25 name=ApexWind
[04.05.26 22:49:59:714] INFO instancemanager.StarterPackManager: StarterPack: initNewChar completed for ApexWind result=true
[04.05.26 22:49:59:733] INFO instancemanager.StarterPackManager: StarterPack: Player.restore() returned ApexWind for objId=268473531
[04.05.26 22:49:59:745] INFO instancemanager.StarterPackManager: StarterPack: Bot ApexWind entered world at 46074,41155,-3504
[04.05.26 22:49:59:745] INFO instancemanager.StarterPackManager: StarterPack: Spawned bot ApexWind (class=25/ELVEN_MAGE, race=ELF, objId=268473531)
[04.05.26 22:50:00:042] INFO instancemanager.StarterPackManager: StarterPack: Attempting to spawn classId=31 name=ApexRage
[04.05.26 22:50:00:042] INFO instancemanager.StarterPackManager: StarterPack: classId=31 validated as DARK_FIGHTER race=DARKELF
[04.05.26 22:50:00:054] INFO instancemanager.StarterPackManager: StarterPack: Player.create() returned obj=268473572 for classId=31 name=ApexRage
[04.05.26 22:50:00:187] INFO instancemanager.StarterPackManager: StarterPack: initNewChar completed for ApexRage result=true
[04.05.26 22:50:00:206] INFO instancemanager.StarterPackManager: StarterPack: Player.restore() returned ApexRage for objId=268473572
[04.05.26 22:50:00:223] INFO instancemanager.StarterPackManager: StarterPack: Bot ApexRage entered world at 28415,11034,-4232
[04.05.26 22:50:00:224] INFO instancemanager.StarterPackManager: StarterPack: Spawned bot ApexRage (class=31/DARK_FIGHTER, race=DARKELF, objId=268473572)
[04.05.26 22:50:00:541] INFO instancemanager.StarterPackManager: StarterPack: Attempting to spawn classId=38 name=ApexHawk
[04.05.26 22:50:00:541] INFO instancemanager.StarterPackManager: StarterPack: classId=38 validated as DARK_MAGE race=DARKELF
[04.05.26 22:50:00:565] INFO instancemanager.StarterPackManager: StarterPack: Player.create() returned obj=268473610 for classId=38 name=ApexHawk
[04.05.26 22:50:00:680] INFO instancemanager.StarterPackManager: StarterPack: initNewChar completed for ApexHawk result=true
[04.05.26 22:50:00:702] INFO instancemanager.StarterPackManager: StarterPack: Player.restore() returned ApexHawk for objId=268473610
[04.05.26 22:50:00:716] INFO instancemanager.StarterPackManager: StarterPack: Bot ApexHawk entered world at 28414,11025,-4232
[04.05.26 22:50:00:717] INFO instancemanager.StarterPackManager: StarterPack: Spawned bot ApexHawk (class=38/DARK_MAGE, race=DARKELF, objId=268473610)
[04.05.26 22:50:01:041] INFO instancemanager.StarterPackManager: StarterPack: Attempting to spawn classId=44 name=ApexWolf
[04.05.26 22:50:01:041] INFO instancemanager.StarterPackManager: StarterPack: classId=44 validated as ORC_FIGHTER race=ORC
[04.05.26 22:50:01:056] INFO instancemanager.StarterPackManager: StarterPack: Player.create() returned obj=268473644 for classId=44 name=ApexWolf
[04.05.26 22:50:01:117] INFO instancemanager.StarterPackManager: StarterPack: initNewChar completed for ApexWolf result=true
[04.05.26 22:50:01:134] INFO instancemanager.StarterPackManager: StarterPack: Player.restore() returned ApexWolf for objId=268473644
[04.05.26 22:50:01:145] INFO instancemanager.StarterPackManager: StarterPack: Bot ApexWolf entered world at -56713,-113596,-672
[04.05.26 22:50:01:145] INFO instancemanager.StarterPackManager: StarterPack: Spawned bot ApexWolf (class=44/ORC_FIGHTER, race=ORC, objId=268473644)
[04.05.26 22:50:01:541] INFO instancemanager.StarterPackManager: StarterPack: Attempting to spawn classId=49 name=ApexStrike
[04.05.26 22:50:01:541] INFO instancemanager.StarterPackManager: StarterPack: classId=49 validated as ORC_MAGE race=ORC
[04.05.26 22:50:01:561] INFO instancemanager.StarterPackManager: StarterPack: Player.create() returned obj=268473674 for classId=49 name=ApexStrike
[04.05.26 22:50:01:692] INFO instancemanager.StarterPackManager: StarterPack: initNewChar completed for ApexStrike result=true
[04.05.26 22:50:01:710] INFO instancemanager.StarterPackManager: StarterPack: Player.restore() returned ApexStrike for objId=268473674
[04.05.26 22:50:01:732] INFO instancemanager.StarterPackManager: StarterPack: Bot ApexStrike entered world at -56712,-113556,-672
[04.05.26 22:50:01:732] INFO instancemanager.StarterPackManager: StarterPack: Spawned bot ApexStrike (class=49/ORC_MAGE, race=ORC, objId=268473674)
[04.05.26 22:50:02:041] INFO instancemanager.StarterPackManager: StarterPack: Attempting to spawn classId=53 name=ApexVeil
[04.05.26 22:50:02:041] INFO instancemanager.StarterPackManager: StarterPack: classId=53 validated as DWARVEN_FIGHTER race=DWARF
[04.05.26 22:50:02:066] INFO instancemanager.StarterPackManager: StarterPack: Player.create() returned obj=268473704 for classId=53 name=ApexVeil
[04.05.26 22:50:02:169] INFO instancemanager.StarterPackManager: StarterPack: initNewChar completed for ApexVeil result=true
[04.05.26 22:50:02:197] INFO instancemanager.StarterPackManager: StarterPack: Player.restore() returned ApexVeil for objId=268473704
[04.05.26 22:50:02:218] INFO instancemanager.StarterPackManager: StarterPack: Bot ApexVeil entered world at 108599,-174057,-408
[04.05.26 22:50:02:218] INFO instancemanager.StarterPackManager: StarterPack: Spawned bot ApexVeil (class=53/DWARVEN_FIGHTER, race=DWARF, objId=268473704)
[04.05.26 22:50:02:541] INFO instancemanager.StarterPackManager: StarterPack: Attempting to spawn classId=0 name=ApexWisp
[04.05.26 22:50:02:541] INFO instancemanager.StarterPackManager: StarterPack: classId=0 validated as HUMAN_FIGHTER race=HUMAN
[04.05.26 22:50:02:556] INFO instancemanager.StarterPackManager: StarterPack: Player.create() returned obj=268473753 for classId=0 name=ApexWisp
[04.05.26 22:50:02:671] INFO instancemanager.StarterPackManager: StarterPack: initNewChar completed for ApexWisp result=true
[04.05.26 22:50:02:694] INFO instancemanager.StarterPackManager: StarterPack: Player.restore() returned ApexWisp for objId=268473753
[04.05.26 22:50:02:708] INFO instancemanager.StarterPackManager: StarterPack: Bot ApexWisp entered world at -71350,258334,-3080
[04.05.26 22:50:02:708] INFO instancemanager.StarterPackManager: StarterPack: Spawned bot ApexWisp (class=0/HUMAN_FIGHTER, race=HUMAN, objId=268473753)
[04.05.26 22:50:03:041] INFO instancemanager.StarterPackManager: StarterPack: Attempting to spawn classId=10 name=ApexGloom
[04.05.26 22:50:03:041] INFO instancemanager.StarterPackManager: StarterPack: classId=10 validated as HUMAN_MAGE race=HUMAN
[04.05.26 22:50:03:049] INFO instancemanager.StarterPackManager: StarterPack: Player.create() returned obj=268473803 for classId=10 name=ApexGloom
[04.05.26 22:50:03:143] INFO instancemanager.StarterPackManager: StarterPack: initNewChar completed for ApexGloom result=true
[04.05.26 22:50:03:160] INFO instancemanager.StarterPackManager: StarterPack: Player.restore() returned ApexGloom for objId=268473803
[04.05.26 22:50:03:172] INFO instancemanager.StarterPackManager: StarterPack: Bot ApexGloom entered world at -90890,248095,-3568
[04.05.26 22:50:03:172] INFO instancemanager.StarterPackManager: StarterPack: Spawned bot ApexGloom (class=10/HUMAN_MAGE, race=HUMAN, objId=268473803)
[04.05.26 22:50:03:543] INFO instancemanager.StarterPackManager: StarterPack: Attempting to spawn classId=18 name=ApexStone
[04.05.26 22:50:03:543] INFO instancemanager.StarterPackManager: StarterPack: classId=18 validated as ELVEN_FIGHTER race=ELF
[04.05.26 22:50:03:549] INFO instancemanager.StarterPackManager: StarterPack: Player.create() returned obj=268473842 for classId=18 name=ApexStone
[04.05.26 22:50:03:626] INFO instancemanager.StarterPackManager: StarterPack: initNewChar completed for ApexStone result=true
[04.05.26 22:50:03:644] INFO instancemanager.StarterPackManager: StarterPack: Player.restore() returned ApexStone for objId=268473842
[04.05.26 22:50:03:657] INFO instancemanager.StarterPackManager: StarterPack: Bot ApexStone entered world at 46122,41211,-3504
[04.05.26 22:50:03:657] INFO instancemanager.StarterPackManager: StarterPack: Spawned bot ApexStone (class=18/ELVEN_FIGHTER, race=ELF, objId=268473842)
[04.05.26 22:50:04:042] INFO instancemanager.StarterPackManager: StarterPack: Attempting to spawn classId=25 name=ApexCrown
[04.05.26 22:50:04:042] INFO instancemanager.StarterPackManager: StarterPack: classId=25 validated as ELVEN_MAGE race=ELF
[04.05.26 22:50:04:061] INFO instancemanager.StarterPackManager: StarterPack: Player.create() returned obj=268473885 for classId=25 name=ApexCrown
[04.05.26 22:50:04:217] INFO instancemanager.StarterPackManager: StarterPack: initNewChar completed for ApexCrown result=true
[04.05.26 22:50:04:243] INFO instancemanager.StarterPackManager: StarterPack: Player.restore() returned ApexCrown for objId=268473885
[04.05.26 22:50:04:259] INFO instancemanager.StarterPackManager: StarterPack: Bot ApexCrown entered world at 46123,41181,-3504
[04.05.26 22:50:04:260] INFO instancemanager.StarterPackManager: StarterPack: Spawned bot ApexCrown (class=25/ELVEN_MAGE, race=ELF, objId=268473885)
[04.05.26 22:50:04:541] INFO instancemanager.StarterPackManager: StarterPack: Attempting to spawn classId=31 name=ApexThorn
[04.05.26 22:50:04:541] INFO instancemanager.StarterPackManager: StarterPack: classId=31 validated as DARK_FIGHTER race=DARKELF
[04.05.26 22:50:04:563] INFO instancemanager.StarterPackManager: StarterPack: Player.create() returned obj=268473910 for classId=31 name=ApexThorn
[04.05.26 22:50:04:684] INFO instancemanager.StarterPackManager: StarterPack: initNewChar completed for ApexThorn result=true
[04.05.26 22:50:04:708] INFO instancemanager.StarterPackManager: StarterPack: Player.restore() returned ApexThorn for objId=268473910
[04.05.26 22:50:04:734] INFO instancemanager.StarterPackManager: StarterPack: Bot ApexThorn entered world at 28378,10990,-4232
[04.05.26 22:50:04:734] INFO instancemanager.StarterPackManager: StarterPack: Spawned bot ApexThorn (class=31/DARK_FIGHTER, race=DARKELF, objId=268473910)
[04.05.26 22:50:05:041] INFO instancemanager.StarterPackManager: StarterPack: Attempting to spawn classId=38 name=ApexSpark
[04.05.26 22:50:05:041] INFO instancemanager.StarterPackManager: StarterPack: classId=38 validated as DARK_MAGE race=DARKELF
[04.05.26 22:50:05:046] INFO instancemanager.StarterPackManager: StarterPack: Player.create() returned obj=268473955 for classId=38 name=ApexSpark
[04.05.26 22:50:05:167] INFO instancemanager.StarterPackManager: StarterPack: initNewChar completed for ApexSpark result=true
[04.05.26 22:50:05:185] INFO instancemanager.StarterPackManager: StarterPack: Player.restore() returned ApexSpark for objId=268473955
[04.05.26 22:50:05:208] INFO instancemanager.StarterPackManager: StarterPack: Bot ApexSpark entered world at 28424,11011,-4232
[04.05.26 22:50:05:208] INFO instancemanager.StarterPackManager: StarterPack: Spawned bot ApexSpark (class=38/DARK_MAGE, race=DARKELF, objId=268473955)
[04.05.26 22:50:05:540] INFO instancemanager.StarterPackManager: StarterPack: Attempting to spawn classId=44 name=ApexFlash
[04.05.26 22:50:05:540] INFO instancemanager.StarterPackManager: StarterPack: classId=44 validated as ORC_FIGHTER race=ORC
[04.05.26 22:50:05:565] INFO instancemanager.StarterPackManager: StarterPack: Player.create() returned obj=268473983 for classId=44 name=ApexFlash
[04.05.26 22:50:05:703] INFO instancemanager.StarterPackManager: StarterPack: initNewChar completed for ApexFlash result=true
[04.05.26 22:50:05:718] INFO instancemanager.StarterPackManager: StarterPack: Player.restore() returned ApexFlash for objId=268473983
[04.05.26 22:50:05:733] INFO instancemanager.StarterPackManager: StarterPack: Bot ApexFlash entered world at -56758,-113597,-672
[04.05.26 22:50:05:734] INFO instancemanager.StarterPackManager: StarterPack: Spawned bot ApexFlash (class=44/ORC_FIGHTER, race=ORC, objId=268473983)
[04.05.26 22:50:06:041] INFO instancemanager.StarterPackManager: StarterPack: Attempting to spawn classId=49 name=ApexBloom
[04.05.26 22:50:06:041] INFO instancemanager.StarterPackManager: StarterPack: classId=49 validated as ORC_MAGE race=ORC
[04.05.26 22:50:06:056] INFO instancemanager.StarterPackManager: StarterPack: Player.create() returned obj=268474022 for classId=49 name=ApexBloom
[04.05.26 22:50:06:235] INFO instancemanager.StarterPackManager: StarterPack: initNewChar completed for ApexBloom result=true
[04.05.26 22:50:06:251] INFO instancemanager.StarterPackManager: StarterPack: Player.restore() returned ApexBloom for objId=268474022
[04.05.26 22:50:06:262] INFO instancemanager.StarterPackManager: StarterPack: Bot ApexBloom entered world at -56712,-113561,-672
[04.05.26 22:50:06:262] INFO instancemanager.StarterPackManager: StarterPack: Spawned bot ApexBloom (class=49/ORC_MAGE, race=ORC, objId=268474022)
[04.05.26 22:50:06:541] INFO instancemanager.StarterPackManager: StarterPack: Attempting to spawn classId=53 name=ApexCreek
[04.05.26 22:50:06:541] INFO instancemanager.StarterPackManager: StarterPack: classId=53 validated as DWARVEN_FIGHTER race=DWARF
[04.05.26 22:50:06:546] INFO instancemanager.StarterPackManager: StarterPack: Player.create() returned obj=268474057 for classId=53 name=ApexCreek
[04.05.26 22:50:06:660] INFO instancemanager.StarterPackManager: StarterPack: initNewChar completed for ApexCreek result=true
[04.05.26 22:50:06:680] INFO instancemanager.StarterPackManager: StarterPack: Player.restore() returned ApexCreek for objId=268474057
[04.05.26 22:50:06:693] INFO instancemanager.StarterPackManager: StarterPack: Bot ApexCreek entered world at 108625,-174003,-408
[04.05.26 22:50:06:693] INFO instancemanager.StarterPackManager: StarterPack: Spawned bot ApexCreek (class=53/DWARVEN_FIGHTER, race=DWARF, objId=268474057)
[04.05.26 22:50:07:041] INFO instancemanager.StarterPackManager: StarterPack: Attempting to spawn classId=0 name=ApexMarsh
[04.05.26 22:50:07:041] INFO instancemanager.StarterPackManager: StarterPack: classId=0 validated as HUMAN_FIGHTER race=HUMAN
[04.05.26 22:50:07:062] INFO instancemanager.StarterPackManager: StarterPack: Player.create() returned obj=268474099 for classId=0 name=ApexMarsh
[04.05.26 22:50:07:134] INFO instancemanager.StarterPackManager: StarterPack: initNewChar completed for ApexMarsh result=true
[04.05.26 22:50:07:158] INFO instancemanager.StarterPackManager: StarterPack: Player.restore() returned ApexMarsh for objId=268474099
[04.05.26 22:50:07:171] INFO instancemanager.StarterPackManager: StarterPack: Bot ApexMarsh entered world at -71394,258271,-3104
[04.05.26 22:50:07:171] INFO instancemanager.StarterPackManager: StarterPack: Spawned bot ApexMarsh (class=0/HUMAN_FIGHTER, race=HUMAN, objId=268474099)
[04.05.26 22:50:07:541] INFO instancemanager.StarterPackManager: StarterPack: Attempting to spawn classId=10 name=ApexField
[04.05.26 22:50:07:541] INFO instancemanager.StarterPackManager: StarterPack: classId=10 validated as HUMAN_MAGE race=HUMAN
[04.05.26 22:50:07:556] INFO instancemanager.StarterPackManager: StarterPack: Player.create() returned obj=268474147 for classId=10 name=ApexField
[04.05.26 22:50:07:668] INFO instancemanager.StarterPackManager: StarterPack: initNewChar completed for ApexField result=true
[04.05.26 22:50:07:683] INFO instancemanager.StarterPackManager: StarterPack: Player.restore() returned ApexField for objId=268474147
[04.05.26 22:50:07:701] INFO instancemanager.StarterPackManager: StarterPack: Bot ApexField entered world at -90929,248080,-3568
[04.05.26 22:50:07:701] INFO instancemanager.StarterPackManager: StarterPack: Spawned bot ApexField (class=10/HUMAN_MAGE, race=HUMAN, objId=268474147)
[04.05.26 22:50:08:042] INFO instancemanager.StarterPackManager: StarterPack: Attempting to spawn classId=18 name=ApexGrove
[04.05.26 22:50:08:042] INFO instancemanager.StarterPackManager: StarterPack: classId=18 validated as ELVEN_FIGHTER race=ELF
[04.05.26 22:50:08:064] INFO instancemanager.StarterPackManager: StarterPack: Player.create() returned obj=268474172 for classId=18 name=ApexGrove
[04.05.26 22:50:08:211] INFO instancemanager.StarterPackManager: StarterPack: initNewChar completed for ApexGrove result=true
[04.05.26 22:50:08:239] INFO instancemanager.StarterPackManager: StarterPack: Player.restore() returned ApexGrove for objId=268474172
[04.05.26 22:50:08:252] INFO instancemanager.StarterPackManager: StarterPack: Bot ApexGrove entered world at 46046,41169,-3504
[04.05.26 22:50:08:252] INFO instancemanager.StarterPackManager: StarterPack: Spawned bot ApexGrove (class=18/ELVEN_FIGHTER, race=ELF, objId=268474172)
[04.05.26 22:50:08:541] INFO instancemanager.StarterPackManager: StarterPack: Attempting to spawn classId=25 name=ApexCrest
[04.05.26 22:50:08:541] INFO instancemanager.StarterPackManager: StarterPack: classId=25 validated as ELVEN_MAGE race=ELF
[04.05.26 22:50:08:559] INFO instancemanager.StarterPackManager: StarterPack: Player.create() returned obj=268474211 for classId=25 name=ApexCrest
[04.05.26 22:50:08:742] INFO instancemanager.StarterPackManager: StarterPack: initNewChar completed for ApexCrest result=true
[04.05.26 22:50:08:771] INFO instancemanager.StarterPackManager: StarterPack: Player.restore() returned ApexCrest for objId=268474211
[04.05.26 22:50:08:804] INFO instancemanager.StarterPackManager: StarterPack: Bot ApexCrest entered world at 46095,41149,-3504
[04.05.26 22:50:08:804] INFO instancemanager.StarterPackManager: StarterPack: Spawned bot ApexCrest (class=25/ELVEN_MAGE, race=ELF, objId=268474211)
[04.05.26 22:50:09:042] INFO instancemanager.StarterPackManager: StarterPack: Attempting to spawn classId=31 name=ApexRidge
[04.05.26 22:50:09:042] INFO instancemanager.StarterPackManager: StarterPack: classId=31 validated as DARK_FIGHTER race=DARKELF
[04.05.26 22:50:09:054] INFO instancemanager.StarterPackManager: StarterPack: Player.create() returned obj=268474260 for classId=31 name=ApexRidge
[04.05.26 22:50:09:185] INFO instancemanager.StarterPackManager: StarterPack: initNewChar completed for ApexRidge result=true
[04.05.26 22:50:09:203] INFO instancemanager.StarterPackManager: StarterPack: Player.restore() returned ApexRidge for objId=268474260
[04.05.26 22:50:09:217] INFO instancemanager.StarterPackManager: StarterPack: Bot ApexRidge entered world at 28390,11019,-4232
[04.05.26 22:50:09:217] INFO instancemanager.StarterPackManager: StarterPack: Spawned bot ApexRidge (class=31/DARK_FIGHTER, race=DARKELF, objId=268474260)
[04.05.26 22:50:09:541] INFO instancemanager.StarterPackManager: StarterPack: Attempting to spawn classId=38 name=ApexDrake
[04.05.26 22:50:09:541] INFO instancemanager.StarterPackManager: StarterPack: classId=38 validated as DARK_MAGE race=DARKELF
[04.05.26 22:50:09:556] INFO instancemanager.StarterPackManager: StarterPack: Player.create() returned obj=268474289 for classId=38 name=ApexDrake
[04.05.26 22:50:09:638] INFO instancemanager.StarterPackManager: StarterPack: initNewChar completed for ApexDrake result=true
[04.05.26 22:50:09:661] INFO instancemanager.StarterPackManager: StarterPack: Player.restore() returned ApexDrake for objId=268474289
[04.05.26 22:50:09:682] INFO instancemanager.StarterPackManager: StarterPack: Bot ApexDrake entered world at 28403,11029,-4232
[04.05.26 22:50:09:682] INFO instancemanager.StarterPackManager: StarterPack: Spawned bot ApexDrake (class=38/DARK_MAGE, race=DARKELF, objId=268474289)
[04.05.26 22:50:10:041] INFO instancemanager.StarterPackManager: StarterPack: Attempting to spawn classId=44 name=ApexSerpent
[04.05.26 22:50:10:041] INFO instancemanager.StarterPackManager: StarterPack: classId=44 validated as ORC_FIGHTER race=ORC
[04.05.26 22:50:10:048] INFO instancemanager.StarterPackManager: StarterPack: Player.create() returned obj=268474324 for classId=44 name=ApexSerpent
[04.05.26 22:50:10:165] INFO instancemanager.StarterPackManager: StarterPack: initNewChar completed for ApexSerpent result=true
[04.05.26 22:50:10:183] INFO instancemanager.StarterPackManager: StarterPack: Player.restore() returned ApexSerpent for objId=268474324
[04.05.26 22:50:10:196] INFO instancemanager.StarterPackManager: StarterPack: Bot ApexSerpent entered world at -56685,-113595,-672
[04.05.26 22:50:10:196] INFO instancemanager.StarterPackManager: StarterPack: Spawned bot ApexSerpent (class=44/ORC_FIGHTER, race=ORC, objId=268474324)
[04.05.26 22:50:10:541] INFO instancemanager.StarterPackManager: StarterPack: Attempting to spawn classId=49 name=GrimBlade
[04.05.26 22:50:10:541] INFO instancemanager.StarterPackManager: StarterPack: classId=49 validated as ORC_MAGE race=ORC
[04.05.26 22:50:10:552] INFO instancemanager.StarterPackManager: StarterPack: Player.create() returned obj=268474354 for classId=49 name=GrimBlade
[04.05.26 22:50:10:666] INFO instancemanager.StarterPackManager: StarterPack: initNewChar completed for GrimBlade result=true
[04.05.26 22:50:10:688] INFO instancemanager.StarterPackManager: StarterPack: Player.restore() returned GrimBlade for objId=268474354
[04.05.26 22:50:10:704] INFO instancemanager.StarterPackManager: StarterPack: Bot GrimBlade entered world at -56666,-113649,-672
[04.05.26 22:50:10:704] INFO instancemanager.StarterPackManager: StarterPack: Spawned bot GrimBlade (class=49/ORC_MAGE, race=ORC, objId=268474354)
[04.05.26 22:50:11:042] INFO instancemanager.StarterPackManager: StarterPack: Attempting to spawn classId=53 name=GrimFang
[04.05.26 22:50:11:042] INFO instancemanager.StarterPackManager: StarterPack: classId=53 validated as DWARVEN_FIGHTER race=DWARF
[04.05.26 22:50:11:059] INFO instancemanager.StarterPackManager: StarterPack: Player.create() returned obj=268474397 for classId=53 name=GrimFang
[04.05.26 22:50:11:223] INFO instancemanager.StarterPackManager: StarterPack: initNewChar completed for GrimFang result=true
[04.05.26 22:50:11:243] INFO instancemanager.StarterPackManager: StarterPack: Player.restore() returned GrimFang for objId=268474397
[04.05.26 22:50:11:256] INFO instancemanager.StarterPackManager: StarterPack: Bot GrimFang entered world at 108566,-174041,-408
[04.05.26 22:50:11:257] INFO instancemanager.StarterPackManager: StarterPack: Spawned bot GrimFang (class=53/DWARVEN_FIGHTER, race=DWARF, objId=268474397)
[04.05.26 22:50:11:542] INFO instancemanager.StarterPackManager: StarterPack: Attempting to spawn classId=0 name=GrimEdge
[04.05.26 22:50:11:542] INFO instancemanager.StarterPackManager: StarterPack: classId=0 validated as HUMAN_FIGHTER race=HUMAN
[04.05.26 22:50:11:564] INFO instancemanager.StarterPackManager: StarterPack: Player.create() returned obj=268474437 for classId=0 name=GrimEdge
[04.05.26 22:50:11:690] INFO instancemanager.StarterPackManager: StarterPack: initNewChar completed for GrimEdge result=true
[04.05.26 22:50:11:709] INFO instancemanager.StarterPackManager: StarterPack: Player.restore() returned GrimEdge for objId=268474437
[04.05.26 22:50:11:736] INFO instancemanager.StarterPackManager: StarterPack: Bot GrimEdge entered world at -71355,258360,-3064
[04.05.26 22:50:11:736] INFO instancemanager.StarterPackManager: StarterPack: Spawned bot GrimEdge (class=0/HUMAN_FIGHTER, race=HUMAN, objId=268474437)
[04.05.26 22:50:12:041] INFO instancemanager.StarterPackManager: StarterPack: Attempting to spawn classId=10 name=GrimCore
[04.05.26 22:50:12:041] INFO instancemanager.StarterPackManager: StarterPack: classId=10 validated as HUMAN_MAGE race=HUMAN
[04.05.26 22:50:12:052] INFO instancemanager.StarterPackManager: StarterPack: Player.create() returned obj=268474480 for classId=10 name=GrimCore
[04.05.26 22:50:12:259] INFO instancemanager.StarterPackManager: StarterPack: initNewChar completed for GrimCore result=true
[04.05.26 22:50:12:279] INFO instancemanager.StarterPackManager: StarterPack: Player.restore() returned GrimCore for objId=268474480
[04.05.26 22:50:12:294] INFO instancemanager.StarterPackManager: StarterPack: Bot GrimCore entered world at -90892,248095,-3568
[04.05.26 22:50:12:294] INFO instancemanager.StarterPackManager: StarterPack: Spawned bot GrimCore (class=10/HUMAN_MAGE, race=HUMAN, objId=268474480)
[04.05.26 22:50:12:541] INFO instancemanager.StarterPackManager: StarterPack: Attempting to spawn classId=18 name=GrimZone
[04.05.26 22:50:12:541] INFO instancemanager.StarterPackManager: StarterPack: classId=18 validated as ELVEN_FIGHTER race=ELF
[04.05.26 22:50:12:553] INFO instancemanager.StarterPackManager: StarterPack: Player.create() returned obj=268474505 for classId=18 name=GrimZone
[04.05.26 22:50:12:680] INFO instancemanager.StarterPackManager: StarterPack: initNewChar completed for GrimZone result=true
[04.05.26 22:50:12:702] INFO instancemanager.StarterPackManager: StarterPack: Player.restore() returned GrimZone for objId=268474505
[04.05.26 22:50:12:717] INFO instancemanager.StarterPackManager: StarterPack: Bot GrimZone entered world at 46124,41237,-3504
[04.05.26 22:50:12:717] INFO instancemanager.StarterPackManager: StarterPack: Spawned bot GrimZone (class=18/ELVEN_FIGHTER, race=ELF, objId=268474505)
[04.05.26 22:50:13:041] INFO instancemanager.StarterPackManager: StarterPack: Attempting to spawn classId=25 name=GrimClaw
[04.05.26 22:50:13:041] INFO instancemanager.StarterPackManager: StarterPack: classId=25 validated as ELVEN_MAGE race=ELF
[04.05.26 22:50:13:049] INFO instancemanager.StarterPackManager: StarterPack: Player.create() returned obj=268474564 for classId=25 name=GrimClaw
[04.05.26 22:50:13:239] INFO instancemanager.StarterPackManager: StarterPack: initNewChar completed for GrimClaw result=true
[04.05.26 22:50:13:261] INFO instancemanager.StarterPackManager: StarterPack: Player.restore() returned GrimClaw for objId=268474564
[04.05.26 22:50:13:274] INFO instancemanager.StarterPackManager: StarterPack: Bot GrimClaw entered world at 46074,41162,-3504
[04.05.26 22:50:13:274] INFO instancemanager.StarterPackManager: StarterPack: Spawned bot GrimClaw (class=25/ELVEN_MAGE, race=ELF, objId=268474564)
[04.05.26 22:50:13:541] INFO instancemanager.StarterPackManager: StarterPack: Attempting to spawn classId=31 name=GrimSoul
[04.05.26 22:50:13:541] INFO instancemanager.StarterPackManager: StarterPack: classId=31 validated as DARK_FIGHTER race=DARKELF
[04.05.26 22:50:13:553] INFO instancemanager.StarterPackManager: StarterPack: Player.create() returned obj=268474597 for classId=31 name=GrimSoul
[04.05.26 22:50:13:680] INFO instancemanager.StarterPackManager: StarterPack: initNewChar completed for GrimSoul result=true
[04.05.26 22:50:13:697] INFO instancemanager.StarterPackManager: StarterPack: Player.restore() returned GrimSoul for objId=268474597
[04.05.26 22:50:13:721] INFO instancemanager.StarterPackManager: StarterPack: Bot GrimSoul entered world at 28404,10974,-4232
[04.05.26 22:50:13:722] INFO instancemanager.StarterPackManager: StarterPack: Spawned bot GrimSoul (class=31/DARK_FIGHTER, race=DARKELF, objId=268474597)
[04.05.26 22:50:14:041] INFO instancemanager.StarterPackManager: StarterPack: Attempting to spawn classId=38 name=GrimStar
[04.05.26 22:50:14:041] INFO instancemanager.StarterPackManager: StarterPack: classId=38 validated as DARK_MAGE race=DARKELF
[04.05.26 22:50:14:046] INFO instancemanager.StarterPackManager: StarterPack: Player.create() returned obj=268474645 for classId=38 name=GrimStar
[04.05.26 22:50:14:222] INFO instancemanager.StarterPackManager: StarterPack: initNewChar completed for GrimStar result=true
[04.05.26 22:50:14:245] INFO instancemanager.StarterPackManager: StarterPack: Player.restore() returned GrimStar for objId=268474645
[04.05.26 22:50:14:261] INFO instancemanager.StarterPackManager: StarterPack: Bot GrimStar entered world at 28362,11027,-4232
[04.05.26 22:50:14:261] INFO instancemanager.StarterPackManager: StarterPack: Spawned bot GrimStar (class=38/DARK_MAGE, race=DARKELF, objId=268474645)
[04.05.26 22:50:14:541] INFO instancemanager.StarterPackManager: StarterPack: Attempting to spawn classId=44 name=GrimFire
[04.05.26 22:50:14:541] INFO instancemanager.StarterPackManager: StarterPack: classId=44 validated as ORC_FIGHTER race=ORC
[04.05.26 22:50:14:550] INFO instancemanager.StarterPackManager: StarterPack: Player.create() returned obj=268474684 for classId=44 name=GrimFire
[04.05.26 22:50:14:681] INFO instancemanager.StarterPackManager: StarterPack: initNewChar completed for GrimFire result=true
[04.05.26 22:50:14:700] INFO instancemanager.StarterPackManager: StarterPack: Player.restore() returned GrimFire for objId=268474684
[04.05.26 22:50:14:712] INFO instancemanager.StarterPackManager: StarterPack: Bot GrimFire entered world at -56696,-113604,-672
[04.05.26 22:50:14:712] INFO instancemanager.StarterPackManager: StarterPack: Spawned bot GrimFire (class=44/ORC_FIGHTER, race=ORC, objId=268474684)
[04.05.26 22:50:15:041] INFO instancemanager.StarterPackManager: StarterPack: Attempting to spawn classId=49 name=GrimWind
[04.05.26 22:50:15:041] INFO instancemanager.StarterPackManager: StarterPack: classId=49 validated as ORC_MAGE race=ORC
[04.05.26 22:50:15:049] INFO instancemanager.StarterPackManager: StarterPack: Player.create() returned obj=268474723 for classId=49 name=GrimWind
[04.05.26 22:50:15:183] INFO instancemanager.StarterPackManager: StarterPack: initNewChar completed for GrimWind result=true
[04.05.26 22:50:15:201] INFO instancemanager.StarterPackManager: StarterPack: Player.restore() returned GrimWind for objId=268474723
[04.05.26 22:50:15:219] INFO instancemanager.StarterPackManager: StarterPack: Bot GrimWind entered world at -56698,-113583,-672
[04.05.26 22:50:15:220] INFO instancemanager.StarterPackManager: StarterPack: Spawned bot GrimWind (class=49/ORC_MAGE, race=ORC, objId=268474723)
[04.05.26 22:50:15:541] INFO instancemanager.StarterPackManager: StarterPack: Attempting to spawn classId=53 name=GrimRage
[04.05.26 22:50:15:541] INFO instancemanager.StarterPackManager: StarterPack: classId=53 validated as DWARVEN_FIGHTER race=DWARF
[04.05.26 22:50:15:557] INFO instancemanager.StarterPackManager: StarterPack: Player.create() returned obj=268474757 for classId=53 name=GrimRage
[04.05.26 22:50:15:719] INFO instancemanager.StarterPackManager: StarterPack: initNewChar completed for GrimRage result=true
[04.05.26 22:50:15:748] INFO instancemanager.StarterPackManager: StarterPack: Player.restore() returned GrimRage for objId=268474757
[04.05.26 22:50:15:773] INFO instancemanager.StarterPackManager: StarterPack: Bot GrimRage entered world at 108576,-174084,-408
[04.05.26 22:50:15:773] INFO instancemanager.StarterPackManager: StarterPack: Spawned bot GrimRage (class=53/DWARVEN_FIGHTER, race=DWARF, objId=268474757)
[04.05.26 22:50:16:042] INFO instancemanager.StarterPackManager: StarterPack: Attempting to spawn classId=0 name=GrimHawk
[04.05.26 22:50:16:042] INFO instancemanager.StarterPackManager: StarterPack: classId=0 validated as HUMAN_FIGHTER race=HUMAN
[04.05.26 22:50:16:054] INFO instancemanager.StarterPackManager: StarterPack: Player.create() returned obj=268474785 for classId=0 name=GrimHawk
[04.05.26 22:50:16:231] INFO instancemanager.StarterPackManager: StarterPack: initNewChar completed for GrimHawk result=true
[04.05.26 22:50:16:252] INFO instancemanager.StarterPackManager: StarterPack: Player.restore() returned GrimHawk for objId=268474785
[04.05.26 22:50:16:270] INFO instancemanager.StarterPackManager: StarterPack: Bot GrimHawk entered world at -71435,258369,-3072
[04.05.26 22:50:16:270] INFO instancemanager.StarterPackManager: StarterPack: Spawned bot GrimHawk (class=0/HUMAN_FIGHTER, race=HUMAN, objId=268474785)
[04.05.26 22:50:16:541] INFO instancemanager.StarterPackManager: StarterPack: Attempting to spawn classId=10 name=GrimWolf
[04.05.26 22:50:16:541] INFO instancemanager.StarterPackManager: StarterPack: classId=10 validated as HUMAN_MAGE race=HUMAN
[04.05.26 22:50:16:547] INFO instancemanager.StarterPackManager: StarterPack: Player.create() returned obj=268474831 for classId=10 name=GrimWolf
[04.05.26 22:50:16:626] INFO instancemanager.StarterPackManager: StarterPack: initNewChar completed for GrimWolf result=true
[04.05.26 22:50:16:649] INFO instancemanager.StarterPackManager: StarterPack: Player.restore() returned GrimWolf for objId=268474831
[04.05.26 22:50:16:660] INFO instancemanager.StarterPackManager: StarterPack: Bot GrimWolf entered world at -90924,248053,-3568
[04.05.26 22:50:16:661] INFO instancemanager.StarterPackManager: StarterPack: Spawned bot GrimWolf (class=10/HUMAN_MAGE, race=HUMAN, objId=268474831)
[04.05.26 22:50:17:041] INFO instancemanager.StarterPackManager: StarterPack: Attempting to spawn classId=18 name=GrimStrike
[04.05.26 22:50:17:041] INFO instancemanager.StarterPackManager: StarterPack: classId=18 validated as ELVEN_FIGHTER race=ELF
[04.05.26 22:50:17:051] INFO instancemanager.StarterPackManager: StarterPack: Player.create() returned obj=268474873 for classId=18 name=GrimStrike
[04.05.26 22:50:17:216] INFO instancemanager.StarterPackManager: StarterPack: initNewChar completed for GrimStrike result=true
[04.05.26 22:50:17:234] INFO instancemanager.StarterPackManager: StarterPack: Player.restore() returned GrimStrike for objId=268474873
[04.05.26 22:50:17:255] INFO instancemanager.StarterPackManager: StarterPack: Bot GrimStrike entered world at 46053,41224,-3504
[04.05.26 22:50:17:257] INFO instancemanager.StarterPackManager: StarterPack: Spawned bot GrimStrike (class=18/ELVEN_FIGHTER, race=ELF, objId=268474873)
[04.05.26 22:50:17:542] INFO instancemanager.StarterPackManager: StarterPack: Attempting to spawn classId=25 name=GrimVeil
[04.05.26 22:50:17:542] INFO instancemanager.StarterPackManager: StarterPack: classId=25 validated as ELVEN_MAGE race=ELF
[04.05.26 22:50:17:564] INFO instancemanager.StarterPackManager: StarterPack: Player.create() returned obj=268474911 for classId=25 name=GrimVeil
[04.05.26 22:50:17:704] INFO instancemanager.StarterPackManager: StarterPack: initNewChar completed for GrimVeil result=true
[04.05.26 22:50:17:730] INFO instancemanager.StarterPackManager: StarterPack: Player.restore() returned GrimVeil for objId=268474911
[04.05.26 22:50:17:747] INFO instancemanager.StarterPackManager: StarterPack: Bot GrimVeil entered world at 46048,41228,-3504
[04.05.26 22:50:17:747] INFO instancemanager.StarterPackManager: StarterPack: Spawned bot GrimVeil (class=25/ELVEN_MAGE, race=ELF, objId=268474911)
[04.05.26 22:50:18:041] INFO instancemanager.StarterPackManager: StarterPack: Attempting to spawn classId=31 name=GrimWisp
[04.05.26 22:50:18:041] INFO instancemanager.StarterPackManager: StarterPack: classId=31 validated as DARK_FIGHTER race=DARKELF
[04.05.26 22:50:18:048] INFO instancemanager.StarterPackManager: StarterPack: Player.create() returned obj=268474939 for classId=31 name=GrimWisp
[04.05.26 22:50:18:088] INFO instancemanager.StarterPackManager: StarterPack: initNewChar completed for GrimWisp result=true
[04.05.26 22:50:18:106] INFO instancemanager.StarterPackManager: StarterPack: Player.restore() returned GrimWisp for objId=268474939
[04.05.26 22:50:18:117] INFO instancemanager.StarterPackManager: StarterPack: Bot GrimWisp entered world at 28336,10984,-4232
[04.05.26 22:50:18:118] INFO instancemanager.StarterPackManager: StarterPack: Spawned bot GrimWisp (class=31/DARK_FIGHTER, race=DARKELF, objId=268474939)
[04.05.26 22:50:18:541] INFO instancemanager.StarterPackManager: StarterPack: Attempting to spawn classId=38 name=GrimGloom
[04.05.26 22:50:18:541] INFO instancemanager.StarterPackManager: StarterPack: classId=38 validated as DARK_MAGE race=DARKELF
[04.05.26 22:50:18:549] INFO instancemanager.StarterPackManager: StarterPack: Player.create() returned obj=268474988 for classId=38 name=GrimGloom
[04.05.26 22:50:18:614] INFO instancemanager.StarterPackManager: StarterPack: initNewChar completed for GrimGloom result=true
[04.05.26 22:50:18:631] INFO instancemanager.StarterPackManager: StarterPack: Player.restore() returned GrimGloom for objId=268474988
[04.05.26 22:50:18:642] INFO instancemanager.StarterPackManager: StarterPack: Bot GrimGloom entered world at 28336,10985,-4232
[04.05.26 22:50:18:643] INFO instancemanager.StarterPackManager: StarterPack: Spawned bot GrimGloom (class=38/DARK_MAGE, race=DARKELF, objId=268474988)
[04.05.26 22:50:19:042] INFO instancemanager.StarterPackManager: StarterPack: Attempting to spawn classId=44 name=GrimStone
[04.05.26 22:50:19:042] INFO instancemanager.StarterPackManager: StarterPack: classId=44 validated as ORC_FIGHTER race=ORC
[04.05.26 22:50:19:057] INFO instancemanager.StarterPackManager: StarterPack: Player.create() returned obj=268475028 for classId=44 name=GrimStone
[04.05.26 22:50:19:217] INFO instancemanager.StarterPackManager: StarterPack: initNewChar completed for GrimStone result=true
[04.05.26 22:50:19:241] INFO instancemanager.StarterPackManager: StarterPack: Player.restore() returned GrimStone for objId=268475028
[04.05.26 22:50:19:259] INFO instancemanager.StarterPackManager: StarterPack: Bot GrimStone entered world at -56741,-113597,-672
[04.05.26 22:50:19:259] INFO instancemanager.StarterPackManager: StarterPack: Spawned bot GrimStone (class=44/ORC_FIGHTER, race=ORC, objId=268475028)
[04.05.26 22:50:19:541] INFO instancemanager.StarterPackManager: StarterPack: Attempting to spawn classId=49 name=GrimCrown
[04.05.26 22:50:19:541] INFO instancemanager.StarterPackManager: StarterPack: classId=49 validated as ORC_MAGE race=ORC
[04.05.26 22:50:19:554] INFO instancemanager.StarterPackManager: StarterPack: Player.create() returned obj=268475061 for classId=49 name=GrimCrown
[04.05.26 22:50:19:673] INFO instancemanager.StarterPackManager: StarterPack: initNewChar completed for GrimCrown result=true
[04.05.26 22:50:19:692] INFO instancemanager.StarterPackManager: StarterPack: Player.restore() returned GrimCrown for objId=268475061
[04.05.26 22:50:19:715] INFO instancemanager.StarterPackManager: StarterPack: Bot GrimCrown entered world at -56723,-113556,-672
[04.05.26 22:50:19:715] INFO instancemanager.StarterPackManager: StarterPack: Spawned bot GrimCrown (class=49/ORC_MAGE, race=ORC, objId=268475061)
[04.05.26 22:50:20:041] INFO instancemanager.StarterPackManager: StarterPack: Attempting to spawn classId=53 name=GrimThorn
[04.05.26 22:50:20:041] INFO instancemanager.StarterPackManager: StarterPack: classId=53 validated as DWARVEN_FIGHTER race=DWARF
[04.05.26 22:50:20:053] INFO instancemanager.StarterPackManager: StarterPack: Player.create() returned obj=268475088 for classId=53 name=GrimThorn
[04.05.26 22:50:20:174] INFO instancemanager.StarterPackManager: StarterPack: initNewChar completed for GrimThorn result=true
[04.05.26 22:50:20:194] INFO instancemanager.StarterPackManager: StarterPack: Player.restore() returned GrimThorn for objId=268475088
[04.05.26 22:50:20:213] INFO instancemanager.StarterPackManager: StarterPack: Bot GrimThorn entered world at 108600,-174022,-408
[04.05.26 22:50:20:213] INFO instancemanager.StarterPackManager: StarterPack: Spawned bot GrimThorn (class=53/DWARVEN_FIGHTER, race=DWARF, objId=268475088)
[04.05.26 22:50:20:543] INFO instancemanager.StarterPackManager: StarterPack: Attempting to spawn classId=0 name=GrimSpark
[04.05.26 22:50:20:543] INFO instancemanager.StarterPackManager: StarterPack: classId=0 validated as HUMAN_FIGHTER race=HUMAN
[04.05.26 22:50:20:563] INFO instancemanager.StarterPackManager: StarterPack: Player.create() returned obj=268475136 for classId=0 name=GrimSpark
[04.05.26 22:50:20:655] INFO instancemanager.StarterPackManager: StarterPack: initNewChar completed for GrimSpark result=true
[04.05.26 22:50:20:679] INFO instancemanager.StarterPackManager: StarterPack: Player.restore() returned GrimSpark for objId=268475136
[04.05.26 22:50:20:698] INFO instancemanager.StarterPackManager: StarterPack: Bot GrimSpark entered world at -71390,258333,-3104
[04.05.26 22:50:20:698] INFO instancemanager.StarterPackManager: StarterPack: Spawned bot GrimSpark (class=0/HUMAN_FIGHTER, race=HUMAN, objId=268475136)
[04.05.26 22:50:21:042] INFO instancemanager.StarterPackManager: StarterPack: Attempting to spawn classId=10 name=GrimFlash
[04.05.26 22:50:21:042] INFO instancemanager.StarterPackManager: StarterPack: classId=10 validated as HUMAN_MAGE race=HUMAN
[04.05.26 22:50:21:048] INFO instancemanager.StarterPackManager: StarterPack: Player.create() returned obj=268475183 for classId=10 name=GrimFlash
[04.05.26 22:50:21:120] INFO instancemanager.StarterPackManager: StarterPack: initNewChar completed for GrimFlash result=true
[04.05.26 22:50:21:137] INFO instancemanager.StarterPackManager: StarterPack: Player.restore() returned GrimFlash for objId=268475183
[04.05.26 22:50:21:150] INFO instancemanager.StarterPackManager: StarterPack: Bot GrimFlash entered world at -90865,248134,-3568
[04.05.26 22:50:21:151] INFO instancemanager.StarterPackManager: StarterPack: Spawned bot GrimFlash (class=10/HUMAN_MAGE, race=HUMAN, objId=268475183)
[04.05.26 22:50:21:541] INFO instancemanager.StarterPackManager: StarterPack: Attempting to spawn classId=18 name=GrimBloom
[04.05.26 22:50:21:541] INFO instancemanager.StarterPackManager: StarterPack: classId=18 validated as ELVEN_FIGHTER race=ELF
[04.05.26 22:50:21:547] INFO instancemanager.StarterPackManager: StarterPack: Player.create() returned obj=268475219 for classId=18 name=GrimBloom
[04.05.26 22:50:21:602] INFO instancemanager.StarterPackManager: StarterPack: initNewChar completed for GrimBloom result=true
[04.05.26 22:50:21:620] INFO instancemanager.StarterPackManager: StarterPack: Player.restore() returned GrimBloom for objId=268475219
[04.05.26 22:50:21:632] INFO instancemanager.StarterPackManager: StarterPack: Bot GrimBloom entered world at 46090,41209,-3504
[04.05.26 22:50:21:632] INFO instancemanager.StarterPackManager: StarterPack: Spawned bot GrimBloom (class=18/ELVEN_FIGHTER, race=ELF, objId=268475219)
[04.05.26 22:50:22:041] INFO instancemanager.StarterPackManager: StarterPack: Attempting to spawn classId=25 name=GrimCreek
[04.05.26 22:50:22:041] INFO instancemanager.StarterPackManager: StarterPack: classId=25 validated as ELVEN_MAGE race=ELF
[04.05.26 22:50:22:046] INFO instancemanager.StarterPackManager: StarterPack: Player.create() returned obj=268475252 for classId=25 name=GrimCreek
[04.05.26 22:50:22:189] INFO instancemanager.StarterPackManager: StarterPack: initNewChar completed for GrimCreek result=true
[04.05.26 22:50:22:218] INFO instancemanager.StarterPackManager: StarterPack: Player.restore() returned GrimCreek for objId=268475252
[04.05.26 22:50:22:252] INFO instancemanager.StarterPackManager: StarterPack: Bot GrimCreek entered world at 46107,41226,-3504
[04.05.26 22:50:22:252] INFO instancemanager.StarterPackManager: StarterPack: Spawned bot GrimCreek (class=25/ELVEN_MAGE, race=ELF, objId=268475252)
[04.05.26 22:50:22:541] INFO instancemanager.StarterPackManager: StarterPack: Attempting to spawn classId=31 name=GrimMarsh
[04.05.26 22:50:22:541] INFO instancemanager.StarterPackManager: StarterPack: classId=31 validated as DARK_FIGHTER race=DARKELF
[04.05.26 22:50:22:552] INFO instancemanager.StarterPackManager: StarterPack: Player.create() returned obj=268475293 for classId=31 name=GrimMarsh
[04.05.26 22:50:22:809] INFO instancemanager.StarterPackManager: StarterPack: initNewChar completed for GrimMarsh result=true
[04.05.26 22:50:22:826] INFO instancemanager.StarterPackManager: StarterPack: Player.restore() returned GrimMarsh for objId=268475293
[04.05.26 22:50:22:863] INFO instancemanager.StarterPackManager: StarterPack: Bot GrimMarsh entered world at 28371,10999,-4232
[04.05.26 22:50:22:863] INFO instancemanager.StarterPackManager: StarterPack: Spawned bot GrimMarsh (class=31/DARK_FIGHTER, race=DARKELF, objId=268475293)
[04.05.26 22:50:23:041] INFO instancemanager.StarterPackManager: StarterPack: Attempting to spawn classId=38 name=GrimField
[04.05.26 22:50:23:041] INFO instancemanager.StarterPackManager: StarterPack: classId=38 validated as DARK_MAGE race=DARKELF
[04.05.26 22:50:23:069] INFO instancemanager.StarterPackManager: StarterPack: Player.create() returned obj=268475346 for classId=38 name=GrimField
[04.05.26 22:50:23:366] INFO instancemanager.StarterPackManager: StarterPack: initNewChar completed for GrimField result=true
[04.05.26 22:50:23:396] INFO instancemanager.StarterPackManager: StarterPack: Player.restore() returned GrimField for objId=268475346
[04.05.26 22:50:23:414] INFO instancemanager.StarterPackManager: StarterPack: Bot GrimField entered world at 28430,10991,-4232
[04.05.26 22:50:23:414] INFO instancemanager.StarterPackManager: StarterPack: Spawned bot GrimField (class=38/DARK_MAGE, race=DARKELF, objId=268475346)
[04.05.26 22:50:23:541] INFO instancemanager.StarterPackManager: StarterPack: Attempting to spawn classId=44 name=GrimGrove
[04.05.26 22:50:23:541] INFO instancemanager.StarterPackManager: StarterPack: classId=44 validated as ORC_FIGHTER race=ORC
[04.05.26 22:50:23:554] INFO instancemanager.StarterPackManager: StarterPack: Player.create() returned obj=268475384 for classId=44 name=GrimGrove
[04.05.26 22:50:23:668] INFO instancemanager.StarterPackManager: StarterPack: initNewChar completed for GrimGrove result=true
[04.05.26 22:50:23:696] INFO instancemanager.StarterPackManager: StarterPack: Player.restore() returned GrimGrove for objId=268475384
[04.05.26 22:50:23:713] INFO instancemanager.StarterPackManager: StarterPack: Bot GrimGrove entered world at -56688,-113579,-672
[04.05.26 22:50:23:714] INFO instancemanager.StarterPackManager: StarterPack: Spawned bot GrimGrove (class=44/ORC_FIGHTER, race=ORC, objId=268475384)
[04.05.26 22:50:24:042] INFO instancemanager.StarterPackManager: StarterPack: Attempting to spawn classId=49 name=GrimCrest
[04.05.26 22:50:24:042] INFO instancemanager.StarterPackManager: StarterPack: classId=49 validated as ORC_MAGE race=ORC
[04.05.26 22:50:24:064] INFO instancemanager.StarterPackManager: StarterPack: Player.create() returned obj=268475428 for classId=49 name=GrimCrest
[04.05.26 22:50:24:155] INFO instancemanager.StarterPackManager: StarterPack: initNewChar completed for GrimCrest result=true
[04.05.26 22:50:24:173] INFO instancemanager.StarterPackManager: StarterPack: Player.restore() returned GrimCrest for objId=268475428
[04.05.26 22:50:24:185] INFO instancemanager.StarterPackManager: StarterPack: Bot GrimCrest entered world at -56731,-113645,-672
[04.05.26 22:50:24:185] INFO instancemanager.StarterPackManager: StarterPack: Spawned bot GrimCrest (class=49/ORC_MAGE, race=ORC, objId=268475428)
[04.05.26 22:50:24:541] INFO instancemanager.StarterPackManager: StarterPack: Attempting to spawn classId=53 name=GrimRidge
[04.05.26 22:50:24:541] INFO instancemanager.StarterPackManager: StarterPack: classId=53 validated as DWARVEN_FIGHTER race=DWARF
[04.05.26 22:50:24:547] INFO instancemanager.StarterPackManager: StarterPack: Player.create() returned obj=268475465 for classId=53 name=GrimRidge
[04.05.26 22:50:24:660] INFO instancemanager.StarterPackManager: StarterPack: initNewChar completed for GrimRidge result=true
[04.05.26 22:50:24:678] INFO instancemanager.StarterPackManager: StarterPack: Player.restore() returned GrimRidge for objId=268475465
[04.05.26 22:50:24:697] INFO instancemanager.StarterPackManager: StarterPack: Bot GrimRidge entered world at 108633,-174076,-272
[04.05.26 22:50:24:698] INFO instancemanager.StarterPackManager: StarterPack: Spawned bot GrimRidge (class=53/DWARVEN_FIGHTER, race=DWARF, objId=268475465)
[04.05.26 22:50:25:041] INFO instancemanager.StarterPackManager: StarterPack: Attempting to spawn classId=0 name=GrimDrake
[04.05.26 22:50:25:041] INFO instancemanager.StarterPackManager: StarterPack: classId=0 validated as HUMAN_FIGHTER race=HUMAN
[04.05.26 22:50:25:054] INFO instancemanager.StarterPackManager: StarterPack: Player.create() returned obj=268475508 for classId=0 name=GrimDrake
[04.05.26 22:50:25:155] INFO instancemanager.StarterPackManager: StarterPack: initNewChar completed for GrimDrake result=true
[04.05.26 22:50:25:181] INFO instancemanager.StarterPackManager: StarterPack: Player.restore() returned GrimDrake for objId=268475508
[04.05.26 22:50:25:192] INFO instancemanager.StarterPackManager: StarterPack: Bot GrimDrake entered world at -71377,258321,-3104
[04.05.26 22:50:25:192] INFO instancemanager.StarterPackManager: StarterPack: Spawned bot GrimDrake (class=0/HUMAN_FIGHTER, race=HUMAN, objId=268475508)
[04.05.26 22:50:25:542] INFO instancemanager.StarterPackManager: StarterPack: Attempting to spawn classId=10 name=GrimSerpent
[04.05.26 22:50:25:542] INFO instancemanager.StarterPackManager: StarterPack: classId=10 validated as HUMAN_MAGE race=HUMAN
[04.05.26 22:50:25:555] INFO instancemanager.StarterPackManager: StarterPack: Player.create() returned obj=268475547 for classId=10 name=GrimSerpent
[04.05.26 22:50:25:725] INFO instancemanager.StarterPackManager: StarterPack: initNewChar completed for GrimSerpent result=true
[04.05.26 22:50:25:757] INFO instancemanager.StarterPackManager: StarterPack: Player.restore() returned GrimSerpent for objId=268475547
[04.05.26 22:50:25:779] INFO instancemanager.StarterPackManager: StarterPack: Bot GrimSerpent entered world at -90846,248137,-3568
[04.05.26 22:50:25:779] INFO instancemanager.StarterPackManager: StarterPack: Spawned bot GrimSerpent (class=10/HUMAN_MAGE, race=HUMAN, objId=268475547)
[04.05.26 22:50:26:041] INFO instancemanager.StarterPackManager: StarterPack: Attempting to spawn classId=18 name=RogueBlade
[04.05.26 22:50:26:041] INFO instancemanager.StarterPackManager: StarterPack: classId=18 validated as ELVEN_FIGHTER race=ELF
[04.05.26 22:50:26:055] INFO instancemanager.StarterPackManager: StarterPack: Player.create() returned obj=268475581 for classId=18 name=RogueBlade
[04.05.26 22:50:26:162] INFO instancemanager.StarterPackManager: StarterPack: initNewChar completed for RogueBlade result=true
[04.05.26 22:50:26:180] INFO instancemanager.StarterPackManager: StarterPack: Player.restore() returned RogueBlade for objId=268475581
[04.05.26 22:50:26:198] INFO instancemanager.StarterPackManager: StarterPack: Bot RogueBlade entered world at 46079,41199,-3504
[04.05.26 22:50:26:198] INFO instancemanager.StarterPackManager: StarterPack: Spawned bot RogueBlade (class=18/ELVEN_FIGHTER, race=ELF, objId=268475581)
[04.05.26 22:50:26:541] INFO instancemanager.StarterPackManager: StarterPack: Attempting to spawn classId=25 name=RogueFang
[04.05.26 22:50:26:541] INFO instancemanager.StarterPackManager: StarterPack: classId=25 validated as ELVEN_MAGE race=ELF
[04.05.26 22:50:26:557] INFO instancemanager.StarterPackManager: StarterPack: Player.create() returned obj=268475622 for classId=25 name=RogueFang
[04.05.26 22:50:26:743] INFO instancemanager.StarterPackManager: StarterPack: initNewChar completed for RogueFang result=true
[04.05.26 22:50:26:765] INFO instancemanager.StarterPackManager: StarterPack: Player.restore() returned RogueFang for objId=268475622
[04.05.26 22:50:26:782] INFO instancemanager.StarterPackManager: StarterPack: Bot RogueFang entered world at 46071,41173,-3504
[04.05.26 22:50:26:782] INFO instancemanager.StarterPackManager: StarterPack: Spawned bot RogueFang (class=25/ELVEN_MAGE, race=ELF, objId=268475622)
[04.05.26 22:50:27:041] INFO instancemanager.StarterPackManager: StarterPack: Attempting to spawn classId=31 name=RogueEdge
[04.05.26 22:50:27:041] INFO instancemanager.StarterPackManager: StarterPack: classId=31 validated as DARK_FIGHTER race=DARKELF
[04.05.26 22:50:27:051] INFO instancemanager.StarterPackManager: StarterPack: Player.create() returned obj=268475664 for classId=31 name=RogueEdge
[04.05.26 22:50:27:184] INFO instancemanager.StarterPackManager: StarterPack: initNewChar completed for RogueEdge result=true
[04.05.26 22:50:27:204] INFO instancemanager.StarterPackManager: StarterPack: Player.restore() returned RogueEdge for objId=268475664
[04.05.26 22:50:27:218] INFO instancemanager.StarterPackManager: StarterPack: Bot RogueEdge entered world at 28423,11035,-4232
[04.05.26 22:50:27:218] INFO instancemanager.StarterPackManager: StarterPack: Spawned bot RogueEdge (class=31/DARK_FIGHTER, race=DARKELF, objId=268475664)
[04.05.26 22:50:27:541] INFO instancemanager.StarterPackManager: StarterPack: Attempting to spawn classId=38 name=RogueCore
[04.05.26 22:50:27:541] INFO instancemanager.StarterPackManager: StarterPack: classId=38 validated as DARK_MAGE race=DARKELF
[04.05.26 22:50:27:549] INFO instancemanager.StarterPackManager: StarterPack: Player.create() returned obj=268475701 for classId=38 name=RogueCore
[04.05.26 22:50:27:681] INFO instancemanager.StarterPackManager: StarterPack: initNewChar completed for RogueCore result=true
[04.05.26 22:50:27:704] INFO instancemanager.StarterPackManager: StarterPack: Player.restore() returned RogueCore for objId=268475701
[04.05.26 22:50:27:720] INFO instancemanager.StarterPackManager: StarterPack: Bot RogueCore entered world at 28391,11006,-4232
[04.05.26 22:50:27:720] INFO instancemanager.StarterPackManager: StarterPack: Spawned bot RogueCore (class=38/DARK_MAGE, race=DARKELF, objId=268475701)
[04.05.26 22:50:28:041] INFO instancemanager.StarterPackManager: StarterPack: Attempting to spawn classId=44 name=RogueZone
[04.05.26 22:50:28:041] INFO instancemanager.StarterPackManager: StarterPack: classId=44 validated as ORC_FIGHTER race=ORC
[04.05.26 22:50:28:048] INFO instancemanager.StarterPackManager: StarterPack: Player.create() returned obj=268475728 for classId=44 name=RogueZone
[04.05.26 22:50:28:111] INFO instancemanager.StarterPackManager: StarterPack: initNewChar completed for RogueZone result=true
[04.05.26 22:50:28:129] INFO instancemanager.StarterPackManager: StarterPack: Player.restore() returned RogueZone for objId=268475728
[04.05.26 22:50:28:140] INFO instancemanager.StarterPackManager: StarterPack: Bot RogueZone entered world at -56682,-113574,-672
[04.05.26 22:50:28:140] INFO instancemanager.StarterPackManager: StarterPack: Spawned bot RogueZone (class=44/ORC_FIGHTER, race=ORC, objId=268475728)
[04.05.26 22:50:28:541] INFO instancemanager.StarterPackManager: StarterPack: Attempting to spawn classId=49 name=RogueClaw
[04.05.26 22:50:28:541] INFO instancemanager.StarterPackManager: StarterPack: classId=49 validated as ORC_MAGE race=ORC
[04.05.26 22:50:28:549] INFO instancemanager.StarterPackManager: StarterPack: Player.create() returned obj=268475768 for classId=49 name=RogueClaw
[04.05.26 22:50:28:633] INFO instancemanager.StarterPackManager: StarterPack: initNewChar completed for RogueClaw result=true
[04.05.26 22:50:28:651] INFO instancemanager.StarterPackManager: StarterPack: Player.restore() returned RogueClaw for objId=268475768
[04.05.26 22:50:28:661] INFO instancemanager.StarterPackManager: StarterPack: Bot RogueClaw entered world at -56673,-113569,-672
[04.05.26 22:50:28:661] INFO instancemanager.StarterPackManager: StarterPack: Spawned bot RogueClaw (class=49/ORC_MAGE, race=ORC, objId=268475768)
[04.05.26 22:50:29:041] INFO instancemanager.StarterPackManager: StarterPack: Attempting to spawn classId=53 name=RogueSoul
[04.05.26 22:50:29:041] INFO instancemanager.StarterPackManager: StarterPack: classId=53 validated as DWARVEN_FIGHTER race=DWARF
[04.05.26 22:50:29:053] INFO instancemanager.StarterPackManager: StarterPack: Player.create() returned obj=268475811 for classId=53 name=RogueSoul
[04.05.26 22:50:29:186] INFO instancemanager.StarterPackManager: StarterPack: initNewChar completed for RogueSoul result=true
[04.05.26 22:50:29:212] INFO instancemanager.StarterPackManager: StarterPack: Player.restore() returned RogueSoul for objId=268475811
[04.05.26 22:50:29:231] INFO instancemanager.StarterPackManager: StarterPack: Bot RogueSoul entered world at 108624,-174052,-408
[04.05.26 22:50:29:231] INFO instancemanager.StarterPackManager: StarterPack: Spawned bot RogueSoul (class=53/DWARVEN_FIGHTER, race=DWARF, objId=268475811)
[04.05.26 22:50:29:541] INFO instancemanager.StarterPackManager: StarterPack: Attempting to spawn classId=0 name=RogueStar
[04.05.26 22:50:29:542] INFO instancemanager.StarterPackManager: StarterPack: classId=0 validated as HUMAN_FIGHTER race=HUMAN
[04.05.26 22:50:29:557] INFO instancemanager.StarterPackManager: StarterPack: Player.create() returned obj=268475849 for classId=0 name=RogueStar
[04.05.26 22:50:29:673] INFO instancemanager.StarterPackManager: StarterPack: initNewChar completed for RogueStar result=true
[04.05.26 22:50:29:694] INFO instancemanager.StarterPackManager: StarterPack: Player.restore() returned RogueStar for objId=268475849
[04.05.26 22:50:29:717] INFO instancemanager.StarterPackManager: StarterPack: Bot RogueStar entered world at -71369,258338,-3080
[04.05.26 22:50:29:717] INFO instancemanager.StarterPackManager: StarterPack: Spawned bot RogueStar (class=0/HUMAN_FIGHTER, race=HUMAN, objId=268475849)
[04.05.26 22:50:30:041] INFO instancemanager.StarterPackManager: StarterPack: Attempting to spawn classId=10 name=RogueFire
[04.05.26 22:50:30:041] INFO instancemanager.StarterPackManager: StarterPack: classId=10 validated as HUMAN_MAGE race=HUMAN
[04.05.26 22:50:30:052] INFO instancemanager.StarterPackManager: StarterPack: Player.create() returned obj=268475890 for classId=10 name=RogueFire
[04.05.26 22:50:30:150] INFO instancemanager.StarterPackManager: StarterPack: initNewChar completed for RogueFire result=true
[04.05.26 22:50:30:176] INFO instancemanager.StarterPackManager: StarterPack: Player.restore() returned RogueFire for objId=268475890
[04.05.26 22:50:30:191] INFO instancemanager.StarterPackManager: StarterPack: Bot RogueFire entered world at -90929,248073,-3568
[04.05.26 22:50:30:192] INFO instancemanager.StarterPackManager: StarterPack: Spawned bot RogueFire (class=10/HUMAN_MAGE, race=HUMAN, objId=268475890)
[04.05.26 22:50:30:541] INFO instancemanager.StarterPackManager: StarterPack: Attempting to spawn classId=18 name=RogueWind
[04.05.26 22:50:30:541] INFO instancemanager.StarterPackManager: StarterPack: classId=18 validated as ELVEN_FIGHTER race=ELF
[04.05.26 22:50:30:562] INFO instancemanager.StarterPackManager: StarterPack: Player.create() returned obj=268475928 for classId=18 name=RogueWind
[04.05.26 22:50:30:694] INFO instancemanager.StarterPackManager: StarterPack: initNewChar completed for RogueWind result=true
[04.05.26 22:50:30:711] INFO instancemanager.StarterPackManager: StarterPack: Player.restore() returned RogueWind for objId=268475928
[04.05.26 22:50:30:733] INFO instancemanager.StarterPackManager: StarterPack: Bot RogueWind entered world at 46065,41225,-3504
[04.05.26 22:50:30:733] INFO instancemanager.StarterPackManager: StarterPack: Spawned bot RogueWind (class=18/ELVEN_FIGHTER, race=ELF, objId=268475928)
[04.05.26 22:50:31:042] INFO instancemanager.StarterPackManager: StarterPack: Attempting to spawn classId=25 name=RogueRage
[04.05.26 22:50:31:042] INFO instancemanager.StarterPackManager: StarterPack: classId=25 validated as ELVEN_MAGE race=ELF
[04.05.26 22:50:31:055] INFO instancemanager.StarterPackManager: StarterPack: Player.create() returned obj=268475967 for classId=25 name=RogueRage
[04.05.26 22:50:31:183] INFO instancemanager.StarterPackManager: StarterPack: initNewChar completed for RogueRage result=true
[04.05.26 22:50:31:201] INFO instancemanager.StarterPackManager: StarterPack: Player.restore() returned RogueRage for objId=268475967
[04.05.26 22:50:31:219] INFO instancemanager.StarterPackManager: StarterPack: Bot RogueRage entered world at 46060,41183,-3504
[04.05.26 22:50:31:219] INFO instancemanager.StarterPackManager: StarterPack: Spawned bot RogueRage (class=25/ELVEN_MAGE, race=ELF, objId=268475967)
[04.05.26 22:50:31:541] INFO instancemanager.StarterPackManager: StarterPack: Attempting to spawn classId=31 name=RogueHawk
[04.05.26 22:50:31:541] INFO instancemanager.StarterPackManager: StarterPack: classId=31 validated as DARK_FIGHTER race=DARKELF
[04.05.26 22:50:31:560] INFO instancemanager.StarterPackManager: StarterPack: Player.create() returned obj=268475996 for classId=31 name=RogueHawk
[04.05.26 22:50:31:698] INFO instancemanager.StarterPackManager: StarterPack: initNewChar completed for RogueHawk result=true
[04.05.26 22:50:31:717] INFO instancemanager.StarterPackManager: StarterPack: Player.restore() returned RogueHawk for objId=268475996
[04.05.26 22:50:31:740] INFO instancemanager.StarterPackManager: StarterPack: Bot RogueHawk entered world at 28355,11017,-4232
[04.05.26 22:50:31:740] INFO instancemanager.StarterPackManager: StarterPack: Spawned bot RogueHawk (class=31/DARK_FIGHTER, race=DARKELF, objId=268475996)
[04.05.26 22:50:32:041] INFO instancemanager.StarterPackManager: StarterPack: Attempting to spawn classId=38 name=RogueWolf
[04.05.26 22:50:32:041] INFO instancemanager.StarterPackManager: StarterPack: classId=38 validated as DARK_MAGE race=DARKELF
[04.05.26 22:50:32:050] INFO instancemanager.StarterPackManager: StarterPack: Player.create() returned obj=268476034 for classId=38 name=RogueWolf
[04.05.26 22:50:32:201] INFO instancemanager.StarterPackManager: StarterPack: initNewChar completed for RogueWolf result=true
[04.05.26 22:50:32:221] INFO instancemanager.StarterPackManager: StarterPack: Player.restore() returned RogueWolf for objId=268476034
[04.05.26 22:50:32:256] INFO instancemanager.StarterPackManager: StarterPack: Bot RogueWolf entered world at 28400,11026,-4232
[04.05.26 22:50:32:256] INFO instancemanager.StarterPackManager: StarterPack: Spawned bot RogueWolf (class=38/DARK_MAGE, race=DARKELF, objId=268476034)
[04.05.26 22:50:32:541] INFO instancemanager.StarterPackManager: StarterPack: Attempting to spawn classId=44 name=RogueStrike
[04.05.26 22:50:32:541] INFO instancemanager.StarterPackManager: StarterPack: classId=44 validated as ORC_FIGHTER race=ORC
[04.05.26 22:50:32:549] INFO instancemanager.StarterPackManager: StarterPack: Player.create() returned obj=268476082 for classId=44 name=RogueStrike
[04.05.26 22:50:32:659] INFO instancemanager.StarterPackManager: StarterPack: initNewChar completed for RogueStrike result=true
[04.05.26 22:50:32:681] INFO instancemanager.StarterPackManager: StarterPack: Player.restore() returned RogueStrike for objId=268476082
[04.05.26 22:50:32:696] INFO instancemanager.StarterPackManager: StarterPack: Bot RogueStrike entered world at -56670,-113636,-672
[04.05.26 22:50:32:696] INFO instancemanager.StarterPackManager: StarterPack: Spawned bot RogueStrike (class=44/ORC_FIGHTER, race=ORC, objId=268476082)
[04.05.26 22:50:33:041] INFO instancemanager.StarterPackManager: StarterPack: Attempting to spawn classId=49 name=RogueVeil
[04.05.26 22:50:33:041] INFO instancemanager.StarterPackManager: StarterPack: classId=49 validated as ORC_MAGE race=ORC
[04.05.26 22:50:33:048] INFO instancemanager.StarterPackManager: StarterPack: Player.create() returned obj=268476118 for classId=49 name=RogueVeil
[04.05.26 22:50:33:158] INFO instancemanager.StarterPackManager: StarterPack: initNewChar completed for RogueVeil result=true
[04.05.26 22:50:33:181] INFO instancemanager.StarterPackManager: StarterPack: Player.restore() returned RogueVeil for objId=268476118
[04.05.26 22:50:33:193] INFO instancemanager.StarterPackManager: StarterPack: Bot RogueVeil entered world at -56759,-113599,-672
[04.05.26 22:50:33:193] INFO instancemanager.StarterPackManager: StarterPack: Spawned bot RogueVeil (class=49/ORC_MAGE, race=ORC, objId=268476118)
[04.05.26 22:50:33:541] INFO instancemanager.StarterPackManager: StarterPack: Attempting to spawn classId=53 name=RogueWisp
[04.05.26 22:50:33:541] INFO instancemanager.StarterPackManager: StarterPack: classId=53 validated as DWARVEN_FIGHTER race=DWARF
[04.05.26 22:50:33:550] INFO instancemanager.StarterPackManager: StarterPack: Player.create() returned obj=268476172 for classId=53 name=RogueWisp
[04.05.26 22:50:33:669] INFO instancemanager.StarterPackManager: StarterPack: initNewChar completed for RogueWisp result=true
[04.05.26 22:50:33:688] INFO instancemanager.StarterPackManager: StarterPack: Player.restore() returned RogueWisp for objId=268476172
[04.05.26 22:50:33:707] INFO instancemanager.StarterPackManager: StarterPack: Bot RogueWisp entered world at 108571,-174018,-408
[04.05.26 22:50:33:708] INFO instancemanager.StarterPackManager: StarterPack: Spawned bot RogueWisp (class=53/DWARVEN_FIGHTER, race=DWARF, objId=268476172)
[04.05.26 22:50:34:041] INFO instancemanager.StarterPackManager: StarterPack: Attempting to spawn classId=0 name=RogueGloom
[04.05.26 22:50:34:041] INFO instancemanager.StarterPackManager: StarterPack: classId=0 validated as HUMAN_FIGHTER race=HUMAN
[04.05.26 22:50:34:046] INFO instancemanager.StarterPackManager: StarterPack: Player.create() returned obj=268476205 for classId=0 name=RogueGloom
[04.05.26 22:50:34:144] INFO instancemanager.StarterPackManager: StarterPack: initNewChar completed for RogueGloom result=true
[04.05.26 22:50:34:162] INFO instancemanager.StarterPackManager: StarterPack: Player.restore() returned RogueGloom for objId=268476205
[04.05.26 22:50:34:183] INFO instancemanager.StarterPackManager: StarterPack: Bot RogueGloom entered world at -71430,258303,-3104
[04.05.26 22:50:34:183] INFO instancemanager.StarterPackManager: StarterPack: Spawned bot RogueGloom (class=0/HUMAN_FIGHTER, race=HUMAN, objId=268476205)
[04.05.26 22:50:34:541] INFO instancemanager.StarterPackManager: StarterPack: Attempting to spawn classId=10 name=RogueStone
[04.05.26 22:50:34:541] INFO instancemanager.StarterPackManager: StarterPack: classId=10 validated as HUMAN_MAGE race=HUMAN
[04.05.26 22:50:34:553] INFO instancemanager.StarterPackManager: StarterPack: Player.create() returned obj=268476245 for classId=10 name=RogueStone
[04.05.26 22:50:34:684] INFO instancemanager.StarterPackManager: StarterPack: initNewChar completed for RogueStone result=true
[04.05.26 22:50:34:707] INFO instancemanager.StarterPackManager: StarterPack: Player.restore() returned RogueStone for objId=268476245
[04.05.26 22:50:34:729] INFO instancemanager.StarterPackManager: StarterPack: Bot RogueStone entered world at -90848,248109,-3568
[04.05.26 22:50:34:729] INFO instancemanager.StarterPackManager: StarterPack: Spawned bot RogueStone (class=10/HUMAN_MAGE, race=HUMAN, objId=268476245)
[04.05.26 22:50:35:041] INFO instancemanager.StarterPackManager: StarterPack: Attempting to spawn classId=18 name=RogueCrown
[04.05.26 22:50:35:041] INFO instancemanager.StarterPackManager: StarterPack: classId=18 validated as ELVEN_FIGHTER race=ELF
[04.05.26 22:50:35:051] INFO instancemanager.StarterPackManager: StarterPack: Player.create() returned obj=268476283 for classId=18 name=RogueCrown
[04.05.26 22:50:35:179] INFO instancemanager.StarterPackManager: StarterPack: initNewChar completed for RogueCrown result=true
[04.05.26 22:50:35:203] INFO instancemanager.StarterPackManager: StarterPack: Player.restore() returned RogueCrown for objId=268476283
[04.05.26 22:50:35:218] INFO instancemanager.StarterPackManager: StarterPack: Bot RogueCrown entered world at 46114,41177,-3504
[04.05.26 22:50:35:218] INFO instancemanager.StarterPackManager: StarterPack: Spawned bot RogueCrown (class=18/ELVEN_FIGHTER, race=ELF, objId=268476283)
[04.05.26 22:50:35:541] INFO instancemanager.StarterPackManager: StarterPack: Attempting to spawn classId=25 name=RogueThorn
[04.05.26 22:50:35:541] INFO instancemanager.StarterPackManager: StarterPack: classId=25 validated as ELVEN_MAGE race=ELF
[04.05.26 22:50:35:549] INFO instancemanager.StarterPackManager: StarterPack: Player.create() returned obj=268476311 for classId=25 name=RogueThorn
[04.05.26 22:50:35:643] INFO instancemanager.StarterPackManager: StarterPack: initNewChar completed for RogueThorn result=true
[04.05.26 22:50:35:670] INFO instancemanager.StarterPackManager: StarterPack: Player.restore() returned RogueThorn for objId=268476311
[04.05.26 22:50:35:690] INFO instancemanager.StarterPackManager: StarterPack: Bot RogueThorn entered world at 46090,41140,-3504
[04.05.26 22:50:35:690] INFO instancemanager.StarterPackManager: StarterPack: Spawned bot RogueThorn (class=25/ELVEN_MAGE, race=ELF, objId=268476311)
[04.05.26 22:50:36:042] INFO instancemanager.StarterPackManager: StarterPack: Attempting to spawn classId=31 name=RogueSpark
[04.05.26 22:50:36:042] INFO instancemanager.StarterPackManager: StarterPack: classId=31 validated as DARK_FIGHTER race=DARKELF
[04.05.26 22:50:36:049] INFO instancemanager.StarterPackManager: StarterPack: Player.create() returned obj=268476343 for classId=31 name=RogueSpark
[04.05.26 22:50:36:124] INFO instancemanager.StarterPackManager: StarterPack: initNewChar completed for RogueSpark result=true
[04.05.26 22:50:36:141] INFO instancemanager.StarterPackManager: StarterPack: Player.restore() returned RogueSpark for objId=268476343
[04.05.26 22:50:36:152] INFO instancemanager.StarterPackManager: StarterPack: Bot RogueSpark entered world at 28351,11053,-4232
[04.05.26 22:50:36:152] INFO instancemanager.StarterPackManager: StarterPack: Spawned bot RogueSpark (class=31/DARK_FIGHTER, race=DARKELF, objId=268476343)
[04.05.26 22:50:36:542] INFO instancemanager.StarterPackManager: StarterPack: Attempting to spawn classId=38 name=RogueFlash
[04.05.26 22:50:36:542] INFO instancemanager.StarterPackManager: StarterPack: classId=38 validated as DARK_MAGE race=DARKELF
[04.05.26 22:50:36:547] INFO instancemanager.StarterPackManager: StarterPack: Player.create() returned obj=268476390 for classId=38 name=RogueFlash
[04.05.26 22:50:36:629] INFO instancemanager.StarterPackManager: StarterPack: initNewChar completed for RogueFlash result=true
[04.05.26 22:50:36:649] INFO instancemanager.StarterPackManager: StarterPack: Player.restore() returned RogueFlash for objId=268476390
[04.05.26 22:50:36:663] INFO instancemanager.StarterPackManager: StarterPack: Bot RogueFlash entered world at 28389,11065,-4232
[04.05.26 22:50:36:664] INFO instancemanager.StarterPackManager: StarterPack: Spawned bot RogueFlash (class=38/DARK_MAGE, race=DARKELF, objId=268476390)
[04.05.26 22:50:37:041] INFO instancemanager.StarterPackManager: StarterPack: Attempting to spawn classId=44 name=RogueBloom
[04.05.26 22:50:37:041] INFO instancemanager.StarterPackManager: StarterPack: classId=44 validated as ORC_FIGHTER race=ORC
[04.05.26 22:50:37:049] INFO instancemanager.StarterPackManager: StarterPack: Player.create() returned obj=268476443 for classId=44 name=RogueBloom
[04.05.26 22:50:37:106] INFO instancemanager.StarterPackManager: StarterPack: initNewChar completed for RogueBloom result=true
[04.05.26 22:50:37:123] INFO instancemanager.StarterPackManager: StarterPack: Player.restore() returned RogueBloom for objId=268476443
[04.05.26 22:50:37:134] INFO instancemanager.StarterPackManager: StarterPack: Bot RogueBloom entered world at -56736,-113567,-672
[04.05.26 22:50:37:134] INFO instancemanager.StarterPackManager: StarterPack: Spawned bot RogueBloom (class=44/ORC_FIGHTER, race=ORC, objId=268476443)
[04.05.26 22:50:37:541] INFO instancemanager.StarterPackManager: StarterPack: Attempting to spawn classId=49 name=RogueCreek
[04.05.26 22:50:37:541] INFO instancemanager.StarterPackManager: StarterPack: classId=49 validated as ORC_MAGE race=ORC
[04.05.26 22:50:37:548] INFO instancemanager.StarterPackManager: StarterPack: Player.create() returned obj=268476486 for classId=49 name=RogueCreek
[04.05.26 22:50:37:634] INFO instancemanager.StarterPackManager: StarterPack: initNewChar completed for RogueCreek result=true
[04.05.26 22:50:37:653] INFO instancemanager.StarterPackManager: StarterPack: Player.restore() returned RogueCreek for objId=268476486
[04.05.26 22:50:37:665] INFO instancemanager.StarterPackManager: StarterPack: Bot RogueCreek entered world at -56668,-113554,-672
[04.05.26 22:50:37:665] INFO instancemanager.StarterPackManager: StarterPack: Spawned bot RogueCreek (class=49/ORC_MAGE, race=ORC, objId=268476486)
[04.05.26 22:50:38:041] INFO instancemanager.StarterPackManager: StarterPack: Attempting to spawn classId=53 name=RogueMarsh
[04.05.26 22:50:38:041] INFO instancemanager.StarterPackManager: StarterPack: classId=53 validated as DWARVEN_FIGHTER race=DWARF
[04.05.26 22:50:38:046] INFO instancemanager.StarterPackManager: StarterPack: Player.create() returned obj=268476509 for classId=53 name=RogueMarsh
[04.05.26 22:50:38:111] INFO instancemanager.StarterPackManager: StarterPack: initNewChar completed for RogueMarsh result=true
[04.05.26 22:50:38:130] INFO instancemanager.StarterPackManager: StarterPack: Player.restore() returned RogueMarsh for objId=268476509
[04.05.26 22:50:38:143] INFO instancemanager.StarterPackManager: StarterPack: Bot RogueMarsh entered world at 108607,-173989,-408
[04.05.26 22:50:38:143] INFO instancemanager.StarterPackManager: StarterPack: Spawned bot RogueMarsh (class=53/DWARVEN_FIGHTER, race=DWARF, objId=268476509)
[04.05.26 22:50:38:541] INFO instancemanager.StarterPackManager: StarterPack: Attempting to spawn classId=0 name=RogueField
[04.05.26 22:50:38:541] INFO instancemanager.StarterPackManager: StarterPack: classId=0 validated as HUMAN_FIGHTER race=HUMAN
[04.05.26 22:50:38:546] INFO instancemanager.StarterPackManager: StarterPack: Player.create() returned obj=268476548 for classId=0 name=RogueField
[04.05.26 22:50:38:598] INFO instancemanager.StarterPackManager: StarterPack: initNewChar completed for RogueField result=true
[04.05.26 22:50:38:617] INFO instancemanager.StarterPackManager: StarterPack: Player.restore() returned RogueField for objId=268476548
[04.05.26 22:50:38:628] INFO instancemanager.StarterPackManager: StarterPack: Bot RogueField entered world at -71429,258338,-3104
[04.05.26 22:50:38:628] INFO instancemanager.StarterPackManager: StarterPack: Spawned bot RogueField (class=0/HUMAN_FIGHTER, race=HUMAN, objId=268476548)
[04.05.26 22:50:39:041] INFO instancemanager.StarterPackManager: StarterPack: Attempting to spawn classId=10 name=RogueGrove
[04.05.26 22:50:39:041] INFO instancemanager.StarterPackManager: StarterPack: classId=10 validated as HUMAN_MAGE race=HUMAN
[04.05.26 22:50:39:046] INFO instancemanager.StarterPackManager: StarterPack: Player.create() returned obj=268476599 for classId=10 name=RogueGrove
[04.05.26 22:50:39:138] INFO instancemanager.StarterPackManager: StarterPack: initNewChar completed for RogueGrove result=true
[04.05.26 22:50:39:156] INFO instancemanager.StarterPackManager: StarterPack: Player.restore() returned RogueGrove for objId=268476599
[04.05.26 22:50:39:168] INFO instancemanager.StarterPackManager: StarterPack: Bot RogueGrove entered world at -90862,248132,-3568
[04.05.26 22:50:39:168] INFO instancemanager.StarterPackManager: StarterPack: Spawned bot RogueGrove (class=10/HUMAN_MAGE, race=HUMAN, objId=268476599)
[04.05.26 22:50:39:541] INFO instancemanager.StarterPackManager: StarterPack: Attempting to spawn classId=18 name=RogueCrest
[04.05.26 22:50:39:541] INFO instancemanager.StarterPackManager: StarterPack: classId=18 validated as ELVEN_FIGHTER race=ELF
[04.05.26 22:50:39:546] INFO instancemanager.StarterPackManager: StarterPack: Player.create() returned obj=268476627 for classId=18 name=RogueCrest
[04.05.26 22:50:39:615] INFO instancemanager.StarterPackManager: StarterPack: initNewChar completed for RogueCrest result=true
[04.05.26 22:50:39:633] INFO instancemanager.StarterPackManager: StarterPack: Player.restore() returned RogueCrest for objId=268476627
[04.05.26 22:50:39:647] INFO instancemanager.StarterPackManager: StarterPack: Bot RogueCrest entered world at 46058,41151,-3504
[04.05.26 22:50:39:647] INFO instancemanager.StarterPackManager: StarterPack: Spawned bot RogueCrest (class=18/ELVEN_FIGHTER, race=ELF, objId=268476627)
[04.05.26 22:50:40:041] INFO instancemanager.StarterPackManager: StarterPack: Attempting to spawn classId=25 name=RogueRidge
[04.05.26 22:50:40:041] INFO instancemanager.StarterPackManager: StarterPack: classId=25 validated as ELVEN_MAGE race=ELF
[04.05.26 22:50:40:049] INFO instancemanager.StarterPackManager: StarterPack: Player.create() returned obj=268476663 for classId=25 name=RogueRidge
[04.05.26 22:50:40:113] INFO instancemanager.StarterPackManager: StarterPack: initNewChar completed for RogueRidge result=true
[04.05.26 22:50:40:133] INFO instancemanager.StarterPackManager: StarterPack: Player.restore() returned RogueRidge for objId=268476663
[04.05.26 22:50:40:146] INFO instancemanager.StarterPackManager: StarterPack: Bot RogueRidge entered world at 46054,41217,-3504
[04.05.26 22:50:40:146] INFO instancemanager.StarterPackManager: StarterPack: Spawned bot RogueRidge (class=25/ELVEN_MAGE, race=ELF, objId=268476663)
[04.05.26 22:50:40:541] INFO instancemanager.StarterPackManager: StarterPack: Attempting to spawn classId=31 name=RogueDrake
[04.05.26 22:50:40:541] INFO instancemanager.StarterPackManager: StarterPack: classId=31 validated as DARK_FIGHTER race=DARKELF
[04.05.26 22:50:40:548] INFO instancemanager.StarterPackManager: StarterPack: Player.create() returned obj=268476700 for classId=31 name=RogueDrake
[04.05.26 22:50:40:612] INFO instancemanager.StarterPackManager: StarterPack: initNewChar completed for RogueDrake result=true
[04.05.26 22:50:40:628] INFO instancemanager.StarterPackManager: StarterPack: Player.restore() returned RogueDrake for objId=268476700
[04.05.26 22:50:40:639] INFO instancemanager.StarterPackManager: StarterPack: Bot RogueDrake entered world at 28349,11009,-4232
[04.05.26 22:50:40:639] INFO instancemanager.StarterPackManager: StarterPack: Spawned bot RogueDrake (class=31/DARK_FIGHTER, race=DARKELF, objId=268476700)
[04.05.26 22:50:41:041] INFO instancemanager.StarterPackManager: StarterPack: Attempting to spawn classId=38 name=RogueSerpent
[04.05.26 22:50:41:041] INFO instancemanager.StarterPackManager: StarterPack: classId=38 validated as DARK_MAGE race=DARKELF
[04.05.26 22:50:41:047] INFO instancemanager.StarterPackManager: StarterPack: Player.create() returned obj=268476736 for classId=38 name=RogueSerpent
[04.05.26 22:50:41:129] INFO instancemanager.StarterPackManager: StarterPack: initNewChar completed for RogueSerpent result=true
[04.05.26 22:50:41:147] INFO instancemanager.StarterPackManager: StarterPack: Player.restore() returned RogueSerpent for objId=268476736
[04.05.26 22:50:41:160] INFO instancemanager.StarterPackManager: StarterPack: Bot RogueSerpent entered world at 28369,11059,-4232
[04.05.26 22:50:41:160] INFO instancemanager.StarterPackManager: StarterPack: Spawned bot RogueSerpent (class=38/DARK_MAGE, race=DARKELF, objId=268476736)
[04.05.26 22:50:41:542] INFO instancemanager.StarterPackManager: StarterPack: Attempting to spawn classId=44 name=MysticBlade
[04.05.26 22:50:41:542] INFO instancemanager.StarterPackManager: StarterPack: classId=44 validated as ORC_FIGHTER race=ORC
[04.05.26 22:50:41:547] INFO instancemanager.StarterPackManager: StarterPack: Player.create() returned obj=268476773 for classId=44 name=MysticBlade
[04.05.26 22:50:41:601] INFO instancemanager.StarterPackManager: StarterPack: initNewChar completed for MysticBlade result=true
[04.05.26 22:50:41:618] INFO instancemanager.StarterPackManager: StarterPack: Player.restore() returned MysticBlade for objId=268476773
[04.05.26 22:50:41:632] INFO instancemanager.StarterPackManager: StarterPack: Bot MysticBlade entered world at -56763,-113609,-672
[04.05.26 22:50:41:632] INFO instancemanager.StarterPackManager: StarterPack: Spawned bot MysticBlade (class=44/ORC_FIGHTER, race=ORC, objId=268476773)
[04.05.26 22:50:42:043] INFO instancemanager.StarterPackManager: StarterPack: Attempting to spawn classId=49 name=MysticFang
[04.05.26 22:50:42:043] INFO instancemanager.StarterPackManager: StarterPack: classId=49 validated as ORC_MAGE race=ORC
[04.05.26 22:50:42:049] INFO instancemanager.StarterPackManager: StarterPack: Player.create() returned obj=268476813 for classId=49 name=MysticFang
[04.05.26 22:50:42:135] INFO instancemanager.StarterPackManager: StarterPack: initNewChar completed for MysticFang result=true
[04.05.26 22:50:42:151] INFO instancemanager.StarterPackManager: StarterPack: Player.restore() returned MysticFang for objId=268476813
[04.05.26 22:50:42:162] INFO instancemanager.StarterPackManager: StarterPack: Bot MysticFang entered world at -56681,-113648,-672
[04.05.26 22:50:42:163] INFO instancemanager.StarterPackManager: StarterPack: Spawned bot MysticFang (class=49/ORC_MAGE, race=ORC, objId=268476813)
[04.05.26 22:50:42:542] INFO instancemanager.StarterPackManager: StarterPack: Attempting to spawn classId=53 name=MysticEdge
[04.05.26 22:50:42:542] INFO instancemanager.StarterPackManager: StarterPack: classId=53 validated as DWARVEN_FIGHTER race=DWARF
[04.05.26 22:50:42:547] INFO instancemanager.StarterPackManager: StarterPack: Player.create() returned obj=268476853 for classId=53 name=MysticEdge
[04.05.26 22:50:42:618] INFO instancemanager.StarterPackManager: StarterPack: initNewChar completed for MysticEdge result=true
[04.05.26 22:50:42:637] INFO instancemanager.StarterPackManager: StarterPack: Player.restore() returned MysticEdge for objId=268476853
[04.05.26 22:50:42:650] INFO instancemanager.StarterPackManager: StarterPack: Bot MysticEdge entered world at 108596,-174027,-408
[04.05.26 22:50:42:650] INFO instancemanager.StarterPackManager: StarterPack: Spawned bot MysticEdge (class=53/DWARVEN_FIGHTER, race=DWARF, objId=268476853)
[04.05.26 22:50:43:043] INFO instancemanager.StarterPackManager: StarterPack: Attempting to spawn classId=0 name=MysticCore
[04.05.26 22:50:43:043] INFO instancemanager.StarterPackManager: StarterPack: classId=0 validated as HUMAN_FIGHTER race=HUMAN
[04.05.26 22:50:43:049] INFO instancemanager.StarterPackManager: StarterPack: Player.create() returned obj=268476901 for classId=0 name=MysticCore
[04.05.26 22:50:43:100] INFO instancemanager.StarterPackManager: StarterPack: initNewChar completed for MysticCore result=true
[04.05.26 22:50:43:118] INFO instancemanager.StarterPackManager: StarterPack: Player.restore() returned MysticCore for objId=268476901
[04.05.26 22:50:43:127] INFO instancemanager.StarterPackManager: StarterPack: Bot MysticCore entered world at -71392,258291,-3104
[04.05.26 22:50:43:127] INFO instancemanager.StarterPackManager: StarterPack: Spawned bot MysticCore (class=0/HUMAN_FIGHTER, race=HUMAN, objId=268476901)
[04.05.26 22:50:43:542] INFO instancemanager.StarterPackManager: StarterPack: Attempting to spawn classId=10 name=MysticZone
[04.05.26 22:50:43:542] INFO instancemanager.StarterPackManager: StarterPack: classId=10 validated as HUMAN_MAGE race=HUMAN
[04.05.26 22:50:43:549] INFO instancemanager.StarterPackManager: StarterPack: Player.create() returned obj=268476940 for classId=10 name=MysticZone
[04.05.26 22:50:43:630] INFO instancemanager.StarterPackManager: StarterPack: initNewChar completed for MysticZone result=true
[04.05.26 22:50:43:648] INFO instancemanager.StarterPackManager: StarterPack: Player.restore() returned MysticZone for objId=268476940
[04.05.26 22:50:43:658] INFO instancemanager.StarterPackManager: StarterPack: Bot MysticZone entered world at -90912,248077,-3568
[04.05.26 22:50:43:659] INFO instancemanager.StarterPackManager: StarterPack: Spawned bot MysticZone (class=10/HUMAN_MAGE, race=HUMAN, objId=268476940)
[04.05.26 22:50:44:042] INFO instancemanager.StarterPackManager: StarterPack: Attempting to spawn classId=18 name=MysticClaw
[04.05.26 22:50:44:042] INFO instancemanager.StarterPackManager: StarterPack: classId=18 validated as ELVEN_FIGHTER race=ELF
[04.05.26 22:50:44:046] INFO instancemanager.StarterPackManager: StarterPack: Player.create() returned obj=268476987 for classId=18 name=MysticClaw
[04.05.26 22:50:44:112] INFO instancemanager.StarterPackManager: StarterPack: initNewChar completed for MysticClaw result=true
[04.05.26 22:50:44:131] INFO instancemanager.StarterPackManager: StarterPack: Player.restore() returned MysticClaw for objId=268476987
[04.05.26 22:50:44:145] INFO instancemanager.StarterPackManager: StarterPack: Bot MysticClaw entered world at 46052,41150,-3504
[04.05.26 22:50:44:145] INFO instancemanager.StarterPackManager: StarterPack: Spawned bot MysticClaw (class=18/ELVEN_FIGHTER, race=ELF, objId=268476987)
[04.05.26 22:50:44:543] INFO instancemanager.StarterPackManager: StarterPack: Attempting to spawn classId=25 name=MysticSoul
[04.05.26 22:50:44:543] INFO instancemanager.StarterPackManager: StarterPack: classId=25 validated as ELVEN_MAGE race=ELF
[04.05.26 22:50:44:548] INFO instancemanager.StarterPackManager: StarterPack: Player.create() returned obj=268477015 for classId=25 name=MysticSoul
[04.05.26 22:50:44:613] INFO instancemanager.StarterPackManager: StarterPack: initNewChar completed for MysticSoul result=true
[04.05.26 22:50:44:631] INFO instancemanager.StarterPackManager: StarterPack: Player.restore() returned MysticSoul for objId=268477015
[04.05.26 22:50:44:645] INFO instancemanager.StarterPackManager: StarterPack: Bot MysticSoul entered world at 46075,41171,-3504
[04.05.26 22:50:44:645] INFO instancemanager.StarterPackManager: StarterPack: Spawned bot MysticSoul (class=25/ELVEN_MAGE, race=ELF, objId=268477015)
[04.05.26 22:50:45:042] INFO instancemanager.StarterPackManager: StarterPack: Attempting to spawn classId=31 name=MysticStar
[04.05.26 22:50:45:042] INFO instancemanager.StarterPackManager: StarterPack: classId=31 validated as DARK_FIGHTER race=DARKELF
[04.05.26 22:50:45:049] INFO instancemanager.StarterPackManager: StarterPack: Player.create() returned obj=268477067 for classId=31 name=MysticStar
[04.05.26 22:50:45:123] INFO instancemanager.StarterPackManager: StarterPack: initNewChar completed for MysticStar result=true
[04.05.26 22:50:45:141] INFO instancemanager.StarterPackManager: StarterPack: Player.restore() returned MysticStar for objId=268477067
[04.05.26 22:50:45:152] INFO instancemanager.StarterPackManager: StarterPack: Bot MysticStar entered world at 28363,11039,-4232
[04.05.26 22:50:45:152] INFO instancemanager.StarterPackManager: StarterPack: Spawned bot MysticStar (class=31/DARK_FIGHTER, race=DARKELF, objId=268477067)
[04.05.26 22:50:45:541] INFO instancemanager.StarterPackManager: StarterPack: Attempting to spawn classId=38 name=MysticFire
[04.05.26 22:50:45:541] INFO instancemanager.StarterPackManager: StarterPack: classId=38 validated as DARK_MAGE race=DARKELF
[04.05.26 22:50:45:546] INFO instancemanager.StarterPackManager: StarterPack: Player.create() returned obj=268477102 for classId=38 name=MysticFire
[04.05.26 22:50:45:650] INFO instancemanager.StarterPackManager: StarterPack: initNewChar completed for MysticFire result=true
[04.05.26 22:50:45:668] INFO instancemanager.StarterPackManager: StarterPack: Player.restore() returned MysticFire for objId=268477102
[04.05.26 22:50:45:682] INFO instancemanager.StarterPackManager: StarterPack: Bot MysticFire entered world at 28352,11024,-4232
[04.05.26 22:50:45:682] INFO instancemanager.StarterPackManager: StarterPack: Spawned bot MysticFire (class=38/DARK_MAGE, race=DARKELF, objId=268477102)
[04.05.26 22:50:46:042] INFO instancemanager.StarterPackManager: StarterPack: Attempting to spawn classId=44 name=MysticWind
[04.05.26 22:50:46:042] INFO instancemanager.StarterPackManager: StarterPack: classId=44 validated as ORC_FIGHTER race=ORC
[04.05.26 22:50:46:049] INFO instancemanager.StarterPackManager: StarterPack: Player.create() returned obj=268477141 for classId=44 name=MysticWind
[04.05.26 22:50:46:103] INFO instancemanager.StarterPackManager: StarterPack: initNewChar completed for MysticWind result=true
[04.05.26 22:50:46:122] INFO instancemanager.StarterPackManager: StarterPack: Player.restore() returned MysticWind for objId=268477141
[04.05.26 22:50:46:133] INFO instancemanager.StarterPackManager: StarterPack: Bot MysticWind entered world at -56715,-113604,-672
[04.05.26 22:50:46:133] INFO instancemanager.StarterPackManager: StarterPack: Spawned bot MysticWind (class=44/ORC_FIGHTER, race=ORC, objId=268477141)
[04.05.26 22:50:46:541] INFO instancemanager.StarterPackManager: StarterPack: Attempting to spawn classId=49 name=MysticRage
[04.05.26 22:50:46:541] INFO instancemanager.StarterPackManager: StarterPack: classId=49 validated as ORC_MAGE race=ORC
[04.05.26 22:50:46:549] INFO instancemanager.StarterPackManager: StarterPack: Player.create() returned obj=268477181 for classId=49 name=MysticRage
[04.05.26 22:50:46:622] INFO instancemanager.StarterPackManager: StarterPack: initNewChar completed for MysticRage result=true
[04.05.26 22:50:46:639] INFO instancemanager.StarterPackManager: StarterPack: Player.restore() returned MysticRage for objId=268477181
[04.05.26 22:50:46:650] INFO instancemanager.StarterPackManager: StarterPack: Bot MysticRage entered world at -56702,-113645,-672
[04.05.26 22:50:46:650] INFO instancemanager.StarterPackManager: StarterPack: Spawned bot MysticRage (class=49/ORC_MAGE, race=ORC, objId=268477181)
[04.05.26 22:50:47:042] INFO instancemanager.StarterPackManager: StarterPack: Attempting to spawn classId=53 name=MysticHawk
[04.05.26 22:50:47:042] INFO instancemanager.StarterPackManager: StarterPack: classId=53 validated as DWARVEN_FIGHTER race=DWARF
[04.05.26 22:50:47:047] INFO instancemanager.StarterPackManager: StarterPack: Player.create() returned obj=268477233 for classId=53 name=MysticHawk
[04.05.26 22:50:47:120] INFO instancemanager.StarterPackManager: StarterPack: initNewChar completed for MysticHawk result=true
[04.05.26 22:50:47:138] INFO instancemanager.StarterPackManager: StarterPack: Player.restore() returned MysticHawk for objId=268477233
[04.05.26 22:50:47:150] INFO instancemanager.StarterPackManager: StarterPack: Bot MysticHawk entered world at 108598,-174063,-408
[04.05.26 22:50:47:150] INFO instancemanager.StarterPackManager: StarterPack: Spawned bot MysticHawk (class=53/DWARVEN_FIGHTER, race=DWARF, objId=268477233)
[04.05.26 22:50:47:541] INFO instancemanager.StarterPackManager: StarterPack: Attempting to spawn classId=0 name=MysticWolf
[04.05.26 22:50:47:541] INFO instancemanager.StarterPackManager: StarterPack: classId=0 validated as HUMAN_FIGHTER race=HUMAN
[04.05.26 22:50:47:547] INFO instancemanager.StarterPackManager: StarterPack: Player.create() returned obj=268477262 for classId=0 name=MysticWolf
[04.05.26 22:50:47:601] INFO instancemanager.StarterPackManager: StarterPack: initNewChar completed for MysticWolf result=true
[04.05.26 22:50:47:620] INFO instancemanager.StarterPackManager: StarterPack: Player.restore() returned MysticWolf for objId=268477262
[04.05.26 22:50:47:632] INFO instancemanager.StarterPackManager: StarterPack: Bot MysticWolf entered world at -71410,258278,-3104
[04.05.26 22:50:47:633] INFO instancemanager.StarterPackManager: StarterPack: Spawned bot MysticWolf (class=0/HUMAN_FIGHTER, race=HUMAN, objId=268477262)
[04.05.26 22:50:48:041] INFO instancemanager.StarterPackManager: StarterPack: Attempting to spawn classId=10 name=MysticStrike
[04.05.26 22:50:48:041] INFO instancemanager.StarterPackManager: StarterPack: classId=10 validated as HUMAN_MAGE race=HUMAN
[04.05.26 22:50:48:049] INFO instancemanager.StarterPackManager: StarterPack: Player.create() returned obj=268477303 for classId=10 name=MysticStrike
[04.05.26 22:50:48:128] INFO instancemanager.StarterPackManager: StarterPack: initNewChar completed for MysticStrike result=true
[04.05.26 22:50:48:144] INFO instancemanager.StarterPackManager: StarterPack: Player.restore() returned MysticStrike for objId=268477303
[04.05.26 22:50:48:155] INFO instancemanager.StarterPackManager: StarterPack: Bot MysticStrike entered world at -90899,248130,-3568
[04.05.26 22:50:48:155] INFO instancemanager.StarterPackManager: StarterPack: Spawned bot MysticStrike (class=10/HUMAN_MAGE, race=HUMAN, objId=268477303)
[04.05.26 22:50:48:542] INFO instancemanager.StarterPackManager: StarterPack: Attempting to spawn classId=18 name=MysticVeil
[04.05.26 22:50:48:542] INFO instancemanager.StarterPackManager: StarterPack: classId=18 validated as ELVEN_FIGHTER race=ELF
[04.05.26 22:50:48:549] INFO instancemanager.StarterPackManager: StarterPack: Player.create() returned obj=268477333 for classId=18 name=MysticVeil
[04.05.26 22:50:48:625] INFO instancemanager.StarterPackManager: StarterPack: initNewChar completed for MysticVeil result=true
[04.05.26 22:50:48:643] INFO instancemanager.StarterPackManager: StarterPack: Player.restore() returned MysticVeil for objId=268477333
[04.05.26 22:50:48:655] INFO instancemanager.StarterPackManager: StarterPack: Bot MysticVeil entered world at 46068,41142,-3504
[04.05.26 22:50:48:655] INFO instancemanager.StarterPackManager: StarterPack: Spawned bot MysticVeil (class=18/ELVEN_FIGHTER, race=ELF, objId=268477333)
[04.05.26 22:50:49:041] INFO instancemanager.StarterPackManager: StarterPack: Attempting to spawn classId=25 name=MysticWisp
[04.05.26 22:50:49:041] INFO instancemanager.StarterPackManager: StarterPack: classId=25 validated as ELVEN_MAGE race=ELF
[04.05.26 22:50:49:045] INFO instancemanager.StarterPackManager: StarterPack: Player.create() returned obj=268477384 for classId=25 name=MysticWisp
[04.05.26 22:50:49:110] INFO instancemanager.StarterPackManager: StarterPack: initNewChar completed for MysticWisp result=true
[04.05.26 22:50:49:128] INFO instancemanager.StarterPackManager: StarterPack: Player.restore() returned MysticWisp for objId=268477384
[04.05.26 22:50:49:141] INFO instancemanager.StarterPackManager: StarterPack: Bot MysticWisp entered world at 46045,41226,-3504
[04.05.26 22:50:49:141] INFO instancemanager.StarterPackManager: StarterPack: Spawned bot MysticWisp (class=25/ELVEN_MAGE, race=ELF, objId=268477384)
[04.05.26 22:50:49:542] INFO instancemanager.StarterPackManager: StarterPack: Attempting to spawn classId=31 name=MysticGloom
[04.05.26 22:50:49:542] INFO instancemanager.StarterPackManager: StarterPack: classId=31 validated as DARK_FIGHTER race=DARKELF
[04.05.26 22:50:49:549] INFO instancemanager.StarterPackManager: StarterPack: Player.create() returned obj=268477409 for classId=31 name=MysticGloom
[04.05.26 22:50:49:608] INFO instancemanager.StarterPackManager: StarterPack: initNewChar completed for MysticGloom result=true
[04.05.26 22:50:49:627] INFO instancemanager.StarterPackManager: StarterPack: Player.restore() returned MysticGloom for objId=268477409
[04.05.26 22:50:49:639] INFO instancemanager.StarterPackManager: StarterPack: Bot MysticGloom entered world at 28405,11016,-4232
[04.05.26 22:50:49:639] INFO instancemanager.StarterPackManager: StarterPack: Spawned bot MysticGloom (class=31/DARK_FIGHTER, race=DARKELF, objId=268477409)
[04.05.26 22:50:50:042] INFO instancemanager.StarterPackManager: StarterPack: Attempting to spawn classId=38 name=MysticStone
[04.05.26 22:50:50:042] INFO instancemanager.StarterPackManager: StarterPack: classId=38 validated as DARK_MAGE race=DARKELF
[04.05.26 22:50:50:047] INFO instancemanager.StarterPackManager: StarterPack: Player.create() returned obj=268477444 for classId=38 name=MysticStone
[04.05.26 22:50:50:132] INFO instancemanager.StarterPackManager: StarterPack: initNewChar completed for MysticStone result=true
[04.05.26 22:50:50:151] INFO instancemanager.StarterPackManager: StarterPack: Player.restore() returned MysticStone for objId=268477444
[04.05.26 22:50:50:164] INFO instancemanager.StarterPackManager: StarterPack: Bot MysticStone entered world at 28366,10971,-4232
[04.05.26 22:50:50:164] INFO instancemanager.StarterPackManager: StarterPack: Spawned bot MysticStone (class=38/DARK_MAGE, race=DARKELF, objId=268477444)
[04.05.26 22:50:50:541] INFO instancemanager.StarterPackManager: StarterPack: Attempting to spawn classId=44 name=MysticCrown
[04.05.26 22:50:50:541] INFO instancemanager.StarterPackManager: StarterPack: classId=44 validated as ORC_FIGHTER race=ORC
[04.05.26 22:50:50:547] INFO instancemanager.StarterPackManager: StarterPack: Player.create() returned obj=268477479 for classId=44 name=MysticCrown
[04.05.26 22:50:50:607] INFO instancemanager.StarterPackManager: StarterPack: initNewChar completed for MysticCrown result=true
[04.05.26 22:50:50:627] INFO instancemanager.StarterPackManager: StarterPack: Player.restore() returned MysticCrown for objId=268477479
[04.05.26 22:50:50:640] INFO instancemanager.StarterPackManager: StarterPack: Bot MysticCrown entered world at -56726,-113599,-672
[04.05.26 22:50:50:641] INFO instancemanager.StarterPackManager: StarterPack: Spawned bot MysticCrown (class=44/ORC_FIGHTER, race=ORC, objId=268477479)
[04.05.26 22:50:51:042] INFO instancemanager.StarterPackManager: StarterPack: Attempting to spawn classId=49 name=MysticThorn
[04.05.26 22:50:51:043] INFO instancemanager.StarterPackManager: StarterPack: classId=49 validated as ORC_MAGE race=ORC
[04.05.26 22:50:51:049] INFO instancemanager.StarterPackManager: StarterPack: Player.create() returned obj=268477533 for classId=49 name=MysticThorn
[04.05.26 22:50:51:124] INFO instancemanager.StarterPackManager: StarterPack: initNewChar completed for MysticThorn result=true
[04.05.26 22:50:51:141] INFO instancemanager.StarterPackManager: StarterPack: Player.restore() returned MysticThorn for objId=268477533
[04.05.26 22:50:51:152] INFO instancemanager.StarterPackManager: StarterPack: Bot MysticThorn entered world at -56683,-113647,-672
[04.05.26 22:50:51:152] INFO instancemanager.StarterPackManager: StarterPack: Spawned bot MysticThorn (class=49/ORC_MAGE, race=ORC, objId=268477533)
[04.05.26 22:50:51:541] INFO instancemanager.StarterPackManager: StarterPack: Attempting to spawn classId=53 name=MysticSpark
[04.05.26 22:50:51:541] INFO instancemanager.StarterPackManager: StarterPack: classId=53 validated as DWARVEN_FIGHTER race=DWARF
[04.05.26 22:50:51:549] INFO instancemanager.StarterPackManager: StarterPack: Player.create() returned obj=268477564 for classId=53 name=MysticSpark
[04.05.26 22:50:51:627] INFO instancemanager.StarterPackManager: StarterPack: initNewChar completed for MysticSpark result=true
[04.05.26 22:50:51:646] INFO instancemanager.StarterPackManager: StarterPack: Player.restore() returned MysticSpark for objId=268477564
[04.05.26 22:50:51:658] INFO instancemanager.StarterPackManager: StarterPack: Bot MysticSpark entered world at 108611,-174079,-272
[04.05.26 22:50:51:658] INFO instancemanager.StarterPackManager: StarterPack: Spawned bot MysticSpark (class=53/DWARVEN_FIGHTER, race=DWARF, objId=268477564)
[04.05.26 22:50:52:041] INFO instancemanager.StarterPackManager: StarterPack: Attempting to spawn classId=0 name=MysticFlash
[04.05.26 22:50:52:041] INFO instancemanager.StarterPackManager: StarterPack: classId=0 validated as HUMAN_FIGHTER race=HUMAN
[04.05.26 22:50:52:047] INFO instancemanager.StarterPackManager: StarterPack: Player.create() returned obj=268477602 for classId=0 name=MysticFlash
[04.05.26 22:50:52:109] INFO instancemanager.StarterPackManager: StarterPack: initNewChar completed for MysticFlash result=true
[04.05.26 22:50:52:127] INFO instancemanager.StarterPackManager: StarterPack: Player.restore() returned MysticFlash for objId=268477602
[04.05.26 22:50:52:139] INFO instancemanager.StarterPackManager: StarterPack: Bot MysticFlash entered world at -71369,258324,-3080
[04.05.26 22:50:52:139] INFO instancemanager.StarterPackManager: StarterPack: Spawned bot MysticFlash (class=0/HUMAN_FIGHTER, race=HUMAN, objId=268477602)
[04.05.26 22:50:52:541] INFO instancemanager.StarterPackManager: StarterPack: Attempting to spawn classId=10 name=MysticBloom
[04.05.26 22:50:52:541] INFO instancemanager.StarterPackManager: StarterPack: classId=10 validated as HUMAN_MAGE race=HUMAN
[04.05.26 22:50:52:548] INFO instancemanager.StarterPackManager: StarterPack: Player.create() returned obj=268477652 for classId=10 name=MysticBloom
[04.05.26 22:50:52:609] INFO instancemanager.StarterPackManager: StarterPack: initNewChar completed for MysticBloom result=true
[04.05.26 22:50:52:626] INFO instancemanager.StarterPackManager: StarterPack: Player.restore() returned MysticBloom for objId=268477652
[04.05.26 22:50:52:637] INFO instancemanager.StarterPackManager: StarterPack: Bot MysticBloom entered world at -90850,248066,-3568
[04.05.26 22:50:52:637] INFO instancemanager.StarterPackManager: StarterPack: Spawned bot MysticBloom (class=10/HUMAN_MAGE, race=HUMAN, objId=268477652)
[04.05.26 22:50:53:042] INFO instancemanager.StarterPackManager: StarterPack: Attempting to spawn classId=18 name=MysticCreek
[04.05.26 22:50:53:042] INFO instancemanager.StarterPackManager: StarterPack: classId=18 validated as ELVEN_FIGHTER race=ELF
[04.05.26 22:50:53:049] INFO instancemanager.StarterPackManager: StarterPack: Player.create() returned obj=268477686 for classId=18 name=MysticCreek
[04.05.26 22:50:53:125] INFO instancemanager.StarterPackManager: StarterPack: initNewChar completed for MysticCreek result=true
[04.05.26 22:50:53:143] INFO instancemanager.StarterPackManager: StarterPack: Player.restore() returned MysticCreek for objId=268477686
[04.05.26 22:50:53:154] INFO instancemanager.StarterPackManager: StarterPack: Bot MysticCreek entered world at 46103,41240,-3504
[04.05.26 22:50:53:154] INFO instancemanager.StarterPackManager: StarterPack: Spawned bot MysticCreek (class=18/ELVEN_FIGHTER, race=ELF, objId=268477686)
[04.05.26 22:50:53:541] INFO instancemanager.StarterPackManager: StarterPack: Attempting to spawn classId=25 name=MysticMarsh
[04.05.26 22:50:53:541] INFO instancemanager.StarterPackManager: StarterPack: classId=25 validated as ELVEN_MAGE race=ELF
[04.05.26 22:50:53:547] INFO instancemanager.StarterPackManager: StarterPack: Player.create() returned obj=268477730 for classId=25 name=MysticMarsh
[04.05.26 22:50:53:633] INFO instancemanager.StarterPackManager: StarterPack: initNewChar completed for MysticMarsh result=true
[04.05.26 22:50:53:651] INFO instancemanager.StarterPackManager: StarterPack: Player.restore() returned MysticMarsh for objId=268477730
[04.05.26 22:50:53:663] INFO instancemanager.StarterPackManager: StarterPack: Bot MysticMarsh entered world at 46068,41161,-3504
[04.05.26 22:50:53:663] INFO instancemanager.StarterPackManager: StarterPack: Spawned bot MysticMarsh (class=25/ELVEN_MAGE, race=ELF, objId=268477730)
[04.05.26 22:50:54:042] INFO instancemanager.StarterPackManager: StarterPack: Attempting to spawn classId=31 name=MysticField
[04.05.26 22:50:54:042] INFO instancemanager.StarterPackManager: StarterPack: classId=31 validated as DARK_FIGHTER race=DARKELF
[04.05.26 22:50:54:049] INFO instancemanager.StarterPackManager: StarterPack: Player.create() returned obj=268477761 for classId=31 name=MysticField
[04.05.26 22:50:54:099] INFO instancemanager.StarterPackManager: StarterPack: initNewChar completed for MysticField result=true
[04.05.26 22:50:54:115] INFO instancemanager.StarterPackManager: StarterPack: Player.restore() returned MysticField for objId=268477761
[04.05.26 22:50:54:127] INFO instancemanager.StarterPackManager: StarterPack: Bot MysticField entered world at 28389,11066,-4232
[04.05.26 22:50:54:127] INFO instancemanager.StarterPackManager: StarterPack: Spawned bot MysticField (class=31/DARK_FIGHTER, race=DARKELF, objId=268477761)
[04.05.26 22:50:54:543] INFO instancemanager.StarterPackManager: StarterPack: Attempting to spawn classId=38 name=MysticGrove
[04.05.26 22:50:54:543] INFO instancemanager.StarterPackManager: StarterPack: classId=38 validated as DARK_MAGE race=DARKELF
[04.05.26 22:50:54:550] INFO instancemanager.StarterPackManager: StarterPack: Player.create() returned obj=268477809 for classId=38 name=MysticGrove
[04.05.26 22:50:54:622] INFO instancemanager.StarterPackManager: StarterPack: initNewChar completed for MysticGrove result=true
[04.05.26 22:50:54:639] INFO instancemanager.StarterPackManager: StarterPack: Player.restore() returned MysticGrove for objId=268477809
[04.05.26 22:50:54:653] INFO instancemanager.StarterPackManager: StarterPack: Bot MysticGrove entered world at 28396,10988,-4232
[04.05.26 22:50:54:653] INFO instancemanager.StarterPackManager: StarterPack: Spawned bot MysticGrove (class=38/DARK_MAGE, race=DARKELF, objId=268477809)
[04.05.26 22:50:55:041] INFO instancemanager.StarterPackManager: StarterPack: Attempting to spawn classId=44 name=MysticCrest
[04.05.26 22:50:55:041] INFO instancemanager.StarterPackManager: StarterPack: classId=44 validated as ORC_FIGHTER race=ORC
[04.05.26 22:50:55:048] INFO instancemanager.StarterPackManager: StarterPack: Player.create() returned obj=268477847 for classId=44 name=MysticCrest
[04.05.26 22:50:55:128] INFO instancemanager.StarterPackManager: StarterPack: initNewChar completed for MysticCrest result=true
[04.05.26 22:50:55:144] INFO instancemanager.StarterPackManager: StarterPack: Player.restore() returned MysticCrest for objId=268477847
[04.05.26 22:50:55:156] INFO instancemanager.StarterPackManager: StarterPack: Bot MysticCrest entered world at -56753,-113631,-672
[04.05.26 22:50:55:156] INFO instancemanager.StarterPackManager: StarterPack: Spawned bot MysticCrest (class=44/ORC_FIGHTER, race=ORC, objId=268477847)
[04.05.26 22:50:55:542] INFO instancemanager.StarterPackManager: StarterPack: Attempting to spawn classId=49 name=MysticRidge
[04.05.26 22:50:55:542] INFO instancemanager.StarterPackManager: StarterPack: classId=49 validated as ORC_MAGE race=ORC
[04.05.26 22:50:55:548] INFO instancemanager.StarterPackManager: StarterPack: Player.create() returned obj=268477884 for classId=49 name=MysticRidge
[04.05.26 22:50:55:652] INFO instancemanager.StarterPackManager: StarterPack: initNewChar completed for MysticRidge result=true
[04.05.26 22:50:55:672] INFO instancemanager.StarterPackManager: StarterPack: Player.restore() returned MysticRidge for objId=268477884
[04.05.26 22:50:55:686] INFO instancemanager.StarterPackManager: StarterPack: Bot MysticRidge entered world at -56760,-113583,-672
[04.05.26 22:50:55:686] INFO instancemanager.StarterPackManager: StarterPack: Spawned bot MysticRidge (class=49/ORC_MAGE, race=ORC, objId=268477884)
[04.05.26 22:50:56:041] INFO instancemanager.StarterPackManager: StarterPack: Attempting to spawn classId=53 name=MysticDrake
[04.05.26 22:50:56:041] INFO instancemanager.StarterPackManager: StarterPack: classId=53 validated as DWARVEN_FIGHTER race=DWARF
[04.05.26 22:50:56:049] INFO instancemanager.StarterPackManager: StarterPack: Player.create() returned obj=268477907 for classId=53 name=MysticDrake
[04.05.26 22:50:56:106] INFO instancemanager.StarterPackManager: StarterPack: initNewChar completed for MysticDrake result=true
[04.05.26 22:50:56:123] INFO instancemanager.StarterPackManager: StarterPack: Player.restore() returned MysticDrake for objId=268477907
[04.05.26 22:50:56:133] INFO instancemanager.StarterPackManager: StarterPack: Bot MysticDrake entered world at 108587,-174058,-408
[04.05.26 22:50:56:133] INFO instancemanager.StarterPackManager: StarterPack: Spawned bot MysticDrake (class=53/DWARVEN_FIGHTER, race=DWARF, objId=268477907)
[04.05.26 22:50:56:541] INFO instancemanager.StarterPackManager: StarterPack: Attempting to spawn classId=0 name=MysticSerpent
[04.05.26 22:50:56:541] INFO instancemanager.StarterPackManager: StarterPack: classId=0 validated as HUMAN_FIGHTER race=HUMAN
[04.05.26 22:50:56:546] INFO instancemanager.StarterPackManager: StarterPack: Player.create() returned obj=268477961 for classId=0 name=MysticSerpent
[04.05.26 22:50:56:617] INFO instancemanager.StarterPackManager: StarterPack: initNewChar completed for MysticSerpent result=true
[04.05.26 22:50:56:634] INFO instancemanager.StarterPackManager: StarterPack: Player.restore() returned MysticSerpent for objId=268477961
[04.05.26 22:50:56:644] INFO instancemanager.StarterPackManager: StarterPack: Bot MysticSerpent entered world at -71434,258339,-3104
[04.05.26 22:50:56:644] INFO instancemanager.StarterPackManager: StarterPack: Spawned bot MysticSerpent (class=0/HUMAN_FIGHTER, race=HUMAN, objId=268477961)
[04.05.26 22:50:57:042] INFO instancemanager.StarterPackManager: StarterPack: Attempting to spawn classId=10 name=VenomBlade
[04.05.26 22:50:57:042] INFO instancemanager.StarterPackManager: StarterPack: classId=10 validated as HUMAN_MAGE race=HUMAN
[04.05.26 22:50:57:047] INFO instancemanager.StarterPackManager: StarterPack: Player.create() returned obj=268478003 for classId=10 name=VenomBlade
[04.05.26 22:50:57:117] INFO instancemanager.StarterPackManager: StarterPack: initNewChar completed for VenomBlade result=true
[04.05.26 22:50:57:136] INFO instancemanager.StarterPackManager: StarterPack: Player.restore() returned VenomBlade for objId=268478003
[04.05.26 22:50:57:149] INFO instancemanager.StarterPackManager: StarterPack: Bot VenomBlade entered world at -90874,248081,-3568
[04.05.26 22:50:57:149] INFO instancemanager.StarterPackManager: StarterPack: Spawned bot VenomBlade (class=10/HUMAN_MAGE, race=HUMAN, objId=268478003)
[04.05.26 22:50:57:541] INFO instancemanager.StarterPackManager: StarterPack: Attempting to spawn classId=18 name=VenomFang
[04.05.26 22:50:57:541] INFO instancemanager.StarterPackManager: StarterPack: classId=18 validated as ELVEN_FIGHTER race=ELF
[04.05.26 22:50:57:547] INFO instancemanager.StarterPackManager: StarterPack: Player.create() returned obj=268478046 for classId=18 name=VenomFang
[04.05.26 22:50:57:599] INFO instancemanager.StarterPackManager: StarterPack: initNewChar completed for VenomFang result=true
[04.05.26 22:50:57:616] INFO instancemanager.StarterPackManager: StarterPack: Player.restore() returned VenomFang for objId=268478046
[04.05.26 22:50:57:627] INFO instancemanager.StarterPackManager: StarterPack: Bot VenomFang entered world at 46114,41159,-3504
[04.05.26 22:50:57:627] INFO instancemanager.StarterPackManager: StarterPack: Spawned bot VenomFang (class=18/ELVEN_FIGHTER, race=ELF, objId=268478046)
[04.05.26 22:50:58:041] INFO instancemanager.StarterPackManager: StarterPack: Attempting to spawn classId=25 name=VenomEdge
[04.05.26 22:50:58:041] INFO instancemanager.StarterPackManager: StarterPack: classId=25 validated as ELVEN_MAGE race=ELF
[04.05.26 22:50:58:049] INFO instancemanager.StarterPackManager: StarterPack: Player.create() returned obj=268478082 for classId=25 name=VenomEdge
[04.05.26 22:50:58:140] INFO instancemanager.StarterPackManager: StarterPack: initNewChar completed for VenomEdge result=true
[04.05.26 22:50:58:160] INFO instancemanager.StarterPackManager: StarterPack: Player.restore() returned VenomEdge for objId=268478082
[04.05.26 22:50:58:171] INFO instancemanager.StarterPackManager: StarterPack: Bot VenomEdge entered world at 46072,41213,-3504
[04.05.26 22:50:58:171] INFO instancemanager.StarterPackManager: StarterPack: Spawned bot VenomEdge (class=25/ELVEN_MAGE, race=ELF, objId=268478082)
[04.05.26 22:50:58:541] INFO instancemanager.StarterPackManager: StarterPack: Attempting to spawn classId=31 name=VenomCore
[04.05.26 22:50:58:541] INFO instancemanager.StarterPackManager: StarterPack: classId=31 validated as DARK_FIGHTER race=DARKELF
[04.05.26 22:50:58:546] INFO instancemanager.StarterPackManager: StarterPack: Player.create() returned obj=268478121 for classId=31 name=VenomCore
[04.05.26 22:50:58:616] INFO instancemanager.StarterPackManager: StarterPack: initNewChar completed for VenomCore result=true
[04.05.26 22:50:58:635] INFO instancemanager.StarterPackManager: StarterPack: Player.restore() returned VenomCore for objId=268478121
[04.05.26 22:50:58:648] INFO instancemanager.StarterPackManager: StarterPack: Bot VenomCore entered world at 28429,11049,-4232
[04.05.26 22:50:58:648] INFO instancemanager.StarterPackManager: StarterPack: Spawned bot VenomCore (class=31/DARK_FIGHTER, race=DARKELF, objId=268478121)
[04.05.26 22:50:59:042] INFO instancemanager.StarterPackManager: StarterPack: Attempting to spawn classId=38 name=VenomZone
[04.05.26 22:50:59:042] INFO instancemanager.StarterPackManager: StarterPack: classId=38 validated as DARK_MAGE race=DARKELF
[04.05.26 22:50:59:050] INFO instancemanager.StarterPackManager: StarterPack: Player.create() returned obj=268478164 for classId=38 name=VenomZone
[04.05.26 22:50:59:117] INFO instancemanager.StarterPackManager: StarterPack: initNewChar completed for VenomZone result=true
[04.05.26 22:50:59:134] INFO instancemanager.StarterPackManager: StarterPack: Player.restore() returned VenomZone for objId=268478164
[04.05.26 22:50:59:146] INFO instancemanager.StarterPackManager: StarterPack: Bot VenomZone entered world at 28410,11070,-4232
[04.05.26 22:50:59:146] INFO instancemanager.StarterPackManager: StarterPack: Spawned bot VenomZone (class=38/DARK_MAGE, race=DARKELF, objId=268478164)
[04.05.26 22:50:59:542] INFO instancemanager.StarterPackManager: StarterPack: Attempting to spawn classId=44 name=VenomClaw
[04.05.26 22:50:59:542] INFO instancemanager.StarterPackManager: StarterPack: classId=44 validated as ORC_FIGHTER race=ORC
[04.05.26 22:50:59:549] INFO instancemanager.StarterPackManager: StarterPack: Player.create() returned obj=268478201 for classId=44 name=VenomClaw
[04.05.26 22:50:59:614] INFO instancemanager.StarterPackManager: StarterPack: initNewChar completed for VenomClaw result=true
[04.05.26 22:50:59:630] INFO instancemanager.StarterPackManager: StarterPack: Player.restore() returned VenomClaw for objId=268478201
[04.05.26 22:50:59:641] INFO instancemanager.StarterPackManager: StarterPack: Bot VenomClaw entered world at -56708,-113628,-672
[04.05.26 22:50:59:641] INFO instancemanager.StarterPackManager: StarterPack: Spawned bot VenomClaw (class=44/ORC_FIGHTER, race=ORC, objId=268478201)
[04.05.26 22:51:00:042] INFO instancemanager.StarterPackManager: StarterPack: Attempting to spawn classId=49 name=VenomSoul
[04.05.26 22:51:00:042] INFO instancemanager.StarterPackManager: StarterPack: classId=49 validated as ORC_MAGE race=ORC
[04.05.26 22:51:00:047] INFO instancemanager.StarterPackManager: StarterPack: Player.create() returned obj=268478227 for classId=49 name=VenomSoul
[04.05.26 22:51:00:129] INFO instancemanager.StarterPackManager: StarterPack: initNewChar completed for VenomSoul result=true
[04.05.26 22:51:00:147] INFO instancemanager.StarterPackManager: StarterPack: Player.restore() returned VenomSoul for objId=268478227
[04.05.26 22:51:00:160] INFO instancemanager.StarterPackManager: StarterPack: Bot VenomSoul entered world at -56709,-113576,-672
[04.05.26 22:51:00:160] INFO instancemanager.StarterPackManager: StarterPack: Spawned bot VenomSoul (class=49/ORC_MAGE, race=ORC, objId=268478227)
[04.05.26 22:51:00:541] INFO instancemanager.StarterPackManager: StarterPack: Attempting to spawn classId=53 name=VenomStar
[04.05.26 22:51:00:541] INFO instancemanager.StarterPackManager: StarterPack: classId=53 validated as DWARVEN_FIGHTER race=DWARF
[04.05.26 22:51:00:547] INFO instancemanager.StarterPackManager: StarterPack: Player.create() returned obj=268478277 for classId=53 name=VenomStar
[04.05.26 22:51:00:603] INFO instancemanager.StarterPackManager: StarterPack: initNewChar completed for VenomStar result=true
[04.05.26 22:51:00:621] INFO instancemanager.StarterPackManager: StarterPack: Player.restore() returned VenomStar for objId=268478277
[04.05.26 22:51:00:634] INFO instancemanager.StarterPackManager: StarterPack: Bot VenomStar entered world at 108550,-174017,-408
[04.05.26 22:51:00:634] INFO instancemanager.StarterPackManager: StarterPack: Spawned bot VenomStar (class=53/DWARVEN_FIGHTER, race=DWARF, objId=268478277)
[04.05.26 22:51:01:041] INFO instancemanager.StarterPackManager: StarterPack: Attempting to spawn classId=0 name=VenomFire
[04.05.26 22:51:01:041] INFO instancemanager.StarterPackManager: StarterPack: classId=0 validated as HUMAN_FIGHTER race=HUMAN
[04.05.26 22:51:01:048] INFO instancemanager.StarterPackManager: StarterPack: Player.create() returned obj=268478330 for classId=0 name=VenomFire
[04.05.26 22:51:01:117] INFO instancemanager.StarterPackManager: StarterPack: initNewChar completed for VenomFire result=true
[04.05.26 22:51:01:136] INFO instancemanager.StarterPackManager: StarterPack: Player.restore() returned VenomFire for objId=268478330
[04.05.26 22:51:01:147] INFO instancemanager.StarterPackManager: StarterPack: Bot VenomFire entered world at -71364,258354,-3064
[04.05.26 22:51:01:147] INFO instancemanager.StarterPackManager: StarterPack: Spawned bot VenomFire (class=0/HUMAN_FIGHTER, race=HUMAN, objId=268478330)
[04.05.26 22:51:01:541] INFO instancemanager.StarterPackManager: StarterPack: Attempting to spawn classId=10 name=VenomWind
[04.05.26 22:51:01:541] INFO instancemanager.StarterPackManager: StarterPack: classId=10 validated as HUMAN_MAGE race=HUMAN
[04.05.26 22:51:01:549] INFO instancemanager.StarterPackManager: StarterPack: Player.create() returned obj=268478360 for classId=10 name=VenomWind
[04.05.26 22:51:01:637] INFO instancemanager.StarterPackManager: StarterPack: initNewChar completed for VenomWind result=true
[04.05.26 22:51:01:652] INFO instancemanager.StarterPackManager: StarterPack: Player.restore() returned VenomWind for objId=268478360
[04.05.26 22:51:01:663] INFO instancemanager.StarterPackManager: StarterPack: Bot VenomWind entered world at -90869,248090,-3568
[04.05.26 22:51:01:663] INFO instancemanager.StarterPackManager: StarterPack: Spawned bot VenomWind (class=10/HUMAN_MAGE, race=HUMAN, objId=268478360)
[04.05.26 22:51:02:041] INFO instancemanager.StarterPackManager: StarterPack: Attempting to spawn classId=18 name=VenomRage
[04.05.26 22:51:02:041] INFO instancemanager.StarterPackManager: StarterPack: classId=18 validated as ELVEN_FIGHTER race=ELF
[04.05.26 22:51:02:046] INFO instancemanager.StarterPackManager: StarterPack: Player.create() returned obj=268478392 for classId=18 name=VenomRage
[04.05.26 22:51:02:084] INFO instancemanager.StarterPackManager: StarterPack: initNewChar completed for VenomRage result=true
[04.05.26 22:51:02:100] INFO instancemanager.StarterPackManager: StarterPack: Player.restore() returned VenomRage for objId=268478392
[04.05.26 22:51:02:112] INFO instancemanager.StarterPackManager: StarterPack: Bot VenomRage entered world at 46061,41199,-3504
[04.05.26 22:51:02:112] INFO instancemanager.StarterPackManager: StarterPack: Spawned bot VenomRage (class=18/ELVEN_FIGHTER, race=ELF, objId=268478392)
[04.05.26 22:51:02:541] INFO instancemanager.StarterPackManager: StarterPack: Attempting to spawn classId=25 name=VenomHawk
[04.05.26 22:51:02:541] INFO instancemanager.StarterPackManager: StarterPack: classId=25 validated as ELVEN_MAGE race=ELF
[04.05.26 22:51:02:548] INFO instancemanager.StarterPackManager: StarterPack: Player.create() returned obj=268478442 for classId=25 name=VenomHawk
[04.05.26 22:51:02:599] INFO instancemanager.StarterPackManager: StarterPack: initNewChar completed for VenomHawk result=true
[04.05.26 22:51:02:616] INFO instancemanager.StarterPackManager: StarterPack: Player.restore() returned VenomHawk for objId=268478442
[04.05.26 22:51:02:628] INFO instancemanager.StarterPackManager: StarterPack: Bot VenomHawk entered world at 46033,41195,-3504
[04.05.26 22:51:02:628] INFO instancemanager.StarterPackManager: StarterPack: Spawned bot VenomHawk (class=25/ELVEN_MAGE, race=ELF, objId=268478442)
[04.05.26 22:51:03:042] INFO instancemanager.StarterPackManager: StarterPack: Attempting to spawn classId=31 name=VenomWolf
[04.05.26 22:51:03:042] INFO instancemanager.StarterPackManager: StarterPack: classId=31 validated as DARK_FIGHTER race=DARKELF
[04.05.26 22:51:03:050] INFO instancemanager.StarterPackManager: StarterPack: Player.create() returned obj=268478501 for classId=31 name=VenomWolf
[04.05.26 22:51:03:106] INFO instancemanager.StarterPackManager: StarterPack: initNewChar completed for VenomWolf result=true
[04.05.26 22:51:03:123] INFO instancemanager.StarterPackManager: StarterPack: Player.restore() returned VenomWolf for objId=268478501
[04.05.26 22:51:03:132] INFO instancemanager.StarterPackManager: StarterPack: Bot VenomWolf entered world at 28333,11004,-4232
[04.05.26 22:51:03:132] INFO instancemanager.StarterPackManager: StarterPack: Spawned bot VenomWolf (class=31/DARK_FIGHTER, race=DARKELF, objId=268478501)
[04.05.26 22:51:03:541] INFO instancemanager.StarterPackManager: StarterPack: Attempting to spawn classId=38 name=VenomStrike
[04.05.26 22:51:03:542] INFO instancemanager.StarterPackManager: StarterPack: classId=38 validated as DARK_MAGE race=DARKELF
[04.05.26 22:51:03:546] INFO instancemanager.StarterPackManager: StarterPack: Player.create() returned obj=268478538 for classId=38 name=VenomStrike
[04.05.26 22:51:03:610] INFO instancemanager.StarterPackManager: StarterPack: initNewChar completed for VenomStrike result=true
[04.05.26 22:51:03:627] INFO instancemanager.StarterPackManager: StarterPack: Player.restore() returned VenomStrike for objId=268478538
[04.05.26 22:51:03:639] INFO instancemanager.StarterPackManager: StarterPack: Bot VenomStrike entered world at 28419,10976,-4232
[04.05.26 22:51:03:639] INFO instancemanager.StarterPackManager: StarterPack: Spawned bot VenomStrike (class=38/DARK_MAGE, race=DARKELF, objId=268478538)
[04.05.26 22:51:04:042] INFO instancemanager.StarterPackManager: StarterPack: Attempting to spawn classId=44 name=VenomVeil
[04.05.26 22:51:04:042] INFO instancemanager.StarterPackManager: StarterPack: classId=44 validated as ORC_FIGHTER race=ORC
[04.05.26 22:51:04:050] INFO instancemanager.StarterPackManager: StarterPack: Player.create() returned obj=268478576 for classId=44 name=VenomVeil
[04.05.26 22:51:04:089] INFO instancemanager.StarterPackManager: StarterPack: initNewChar completed for VenomVeil result=true
[04.05.26 22:51:04:105] INFO instancemanager.StarterPackManager: StarterPack: Player.restore() returned VenomVeil for objId=268478576
[04.05.26 22:51:04:116] INFO instancemanager.StarterPackManager: StarterPack: Bot VenomVeil entered world at -56676,-113649,-672
[04.05.26 22:51:04:116] INFO instancemanager.StarterPackManager: StarterPack: Spawned bot VenomVeil (class=44/ORC_FIGHTER, race=ORC, objId=268478576)
[04.05.26 22:51:04:542] INFO instancemanager.StarterPackManager: StarterPack: Attempting to spawn classId=49 name=VenomWisp
[04.05.26 22:51:04:542] INFO instancemanager.StarterPackManager: StarterPack: classId=49 validated as ORC_MAGE race=ORC
[04.05.26 22:51:04:548] INFO instancemanager.StarterPackManager: StarterPack: Player.create() returned obj=268478612 for classId=49 name=VenomWisp
[04.05.26 22:51:04:606] INFO instancemanager.StarterPackManager: StarterPack: initNewChar completed for VenomWisp result=true
[04.05.26 22:51:04:621] INFO instancemanager.StarterPackManager: StarterPack: Player.restore() returned VenomWisp for objId=268478612
[04.05.26 22:51:04:632] INFO instancemanager.StarterPackManager: StarterPack: Bot VenomWisp entered world at -56675,-113609,-672
[04.05.26 22:51:04:632] INFO instancemanager.StarterPackManager: StarterPack: Spawned bot VenomWisp (class=49/ORC_MAGE, race=ORC, objId=268478612)
[04.05.26 22:51:05:041] INFO instancemanager.StarterPackManager: StarterPack: Attempting to spawn classId=53 name=VenomGloom
[04.05.26 22:51:05:041] INFO instancemanager.StarterPackManager: StarterPack: classId=53 validated as DWARVEN_FIGHTER race=DWARF
[04.05.26 22:51:05:048] INFO instancemanager.StarterPackManager: StarterPack: Player.create() returned obj=268478653 for classId=53 name=VenomGloom
[04.05.26 22:51:05:104] INFO instancemanager.StarterPackManager: StarterPack: initNewChar completed for VenomGloom result=true
[04.05.26 22:51:05:124] INFO instancemanager.StarterPackManager: StarterPack: Player.restore() returned VenomGloom for objId=268478653
[04.05.26 22:51:05:135] INFO instancemanager.StarterPackManager: StarterPack: Bot VenomGloom entered world at 108560,-174056,-408
[04.05.26 22:51:05:135] INFO instancemanager.StarterPackManager: StarterPack: Spawned bot VenomGloom (class=53/DWARVEN_FIGHTER, race=DWARF, objId=268478653)
[04.05.26 22:51:05:541] INFO instancemanager.StarterPackManager: StarterPack: Attempting to spawn classId=0 name=VenomStone
[04.05.26 22:51:05:541] INFO instancemanager.StarterPackManager: StarterPack: classId=0 validated as HUMAN_FIGHTER race=HUMAN
[04.05.26 22:51:05:546] INFO instancemanager.StarterPackManager: StarterPack: Player.create() returned obj=268478690 for classId=0 name=VenomStone
[04.05.26 22:51:05:583] INFO instancemanager.StarterPackManager: StarterPack: initNewChar completed for VenomStone result=true
[04.05.26 22:51:05:600] INFO instancemanager.StarterPackManager: StarterPack: Player.restore() returned VenomStone for objId=268478690
[04.05.26 22:51:05:611] INFO instancemanager.StarterPackManager: StarterPack: Bot VenomStone entered world at -71429,258272,-3104
[04.05.26 22:51:05:612] INFO instancemanager.StarterPackManager: StarterPack: Spawned bot VenomStone (class=0/HUMAN_FIGHTER, race=HUMAN, objId=268478690)
[04.05.26 22:51:06:041] INFO instancemanager.StarterPackManager: StarterPack: Attempting to spawn classId=10 name=VenomCrown
[04.05.26 22:51:06:041] INFO instancemanager.StarterPackManager: StarterPack: classId=10 validated as HUMAN_MAGE race=HUMAN
[04.05.26 22:51:06:048] INFO instancemanager.StarterPackManager: StarterPack: Player.create() returned obj=268478730 for classId=10 name=VenomCrown
[04.05.26 22:51:06:104] INFO instancemanager.StarterPackManager: StarterPack: initNewChar completed for VenomCrown result=true
[04.05.26 22:51:06:121] INFO instancemanager.StarterPackManager: StarterPack: Player.restore() returned VenomCrown for objId=268478730
[04.05.26 22:51:06:132] INFO instancemanager.StarterPackManager: StarterPack: Bot VenomCrown entered world at -90847,248102,-3568
[04.05.26 22:51:06:133] INFO instancemanager.StarterPackManager: StarterPack: Spawned bot VenomCrown (class=10/HUMAN_MAGE, race=HUMAN, objId=268478730)
[04.05.26 22:51:06:542] INFO instancemanager.StarterPackManager: StarterPack: Attempting to spawn classId=18 name=VenomThorn
[04.05.26 22:51:06:542] INFO instancemanager.StarterPackManager: StarterPack: classId=18 validated as ELVEN_FIGHTER race=ELF
[04.05.26 22:51:06:550] INFO instancemanager.StarterPackManager: StarterPack: Player.create() returned obj=268478771 for classId=18 name=VenomThorn
[04.05.26 22:51:06:587] INFO instancemanager.StarterPackManager: StarterPack: initNewChar completed for VenomThorn result=true
[04.05.26 22:51:06:604] INFO instancemanager.StarterPackManager: StarterPack: Player.restore() returned VenomThorn for objId=268478771
[04.05.26 22:51:06:617] INFO instancemanager.StarterPackManager: StarterPack: Bot VenomThorn entered world at 46080,41215,-3504
[04.05.26 22:51:06:617] INFO instancemanager.StarterPackManager: StarterPack: Spawned bot VenomThorn (class=18/ELVEN_FIGHTER, race=ELF, objId=268478771)
[04.05.26 22:51:07:043] INFO instancemanager.StarterPackManager: StarterPack: Attempting to spawn classId=25 name=VenomSpark
[04.05.26 22:51:07:043] INFO instancemanager.StarterPackManager: StarterPack: classId=25 validated as ELVEN_MAGE race=ELF
[04.05.26 22:51:07:051] INFO instancemanager.StarterPackManager: StarterPack: Player.create() returned obj=268478807 for classId=25 name=VenomSpark
[04.05.26 22:51:07:118] INFO instancemanager.StarterPackManager: StarterPack: initNewChar completed for VenomSpark result=true
[04.05.26 22:51:07:134] INFO instancemanager.StarterPackManager: StarterPack: Player.restore() returned VenomSpark for objId=268478807
[04.05.26 22:51:07:145] INFO instancemanager.StarterPackManager: StarterPack: Bot VenomSpark entered world at 46123,41228,-3504
[04.05.26 22:51:07:145] INFO instancemanager.StarterPackManager: StarterPack: Spawned bot VenomSpark (class=25/ELVEN_MAGE, race=ELF, objId=268478807)
[04.05.26 22:51:07:542] INFO instancemanager.StarterPackManager: StarterPack: Attempting to spawn classId=31 name=VenomFlash
[04.05.26 22:51:07:542] INFO instancemanager.StarterPackManager: StarterPack: classId=31 validated as DARK_FIGHTER race=DARKELF
[04.05.26 22:51:07:548] INFO instancemanager.StarterPackManager: StarterPack: Player.create() returned obj=268478854 for classId=31 name=VenomFlash
[04.05.26 22:51:07:603] INFO instancemanager.StarterPackManager: StarterPack: initNewChar completed for VenomFlash result=true
[04.05.26 22:51:07:621] INFO instancemanager.StarterPackManager: StarterPack: Player.restore() returned VenomFlash for objId=268478854
[04.05.26 22:51:07:634] INFO instancemanager.StarterPackManager: StarterPack: Bot VenomFlash entered world at 28404,11014,-4232
[04.05.26 22:51:07:634] INFO instancemanager.StarterPackManager: StarterPack: Spawned bot VenomFlash (class=31/DARK_FIGHTER, race=DARKELF, objId=268478854)
[04.05.26 22:51:08:042] INFO instancemanager.StarterPackManager: StarterPack: Attempting to spawn classId=38 name=VenomBloom
[04.05.26 22:51:08:042] INFO instancemanager.StarterPackManager: StarterPack: classId=38 validated as DARK_MAGE race=DARKELF
[04.05.26 22:51:08:072] INFO instancemanager.StarterPackManager: StarterPack: Player.create() returned obj=268478892 for classId=38 name=VenomBloom
[04.05.26 22:51:08:120] INFO instancemanager.StarterPackManager: StarterPack: initNewChar completed for VenomBloom result=true
[04.05.26 22:51:08:137] INFO instancemanager.StarterPackManager: StarterPack: Player.restore() returned VenomBloom for objId=268478892
[04.05.26 22:51:08:147] INFO instancemanager.StarterPackManager: StarterPack: Bot VenomBloom entered world at 28346,11036,-4232
[04.05.26 22:51:08:147] INFO instancemanager.StarterPackManager: StarterPack: Spawned bot VenomBloom (class=38/DARK_MAGE, race=DARKELF, objId=268478892)
[04.05.26 22:51:08:541] INFO instancemanager.StarterPackManager: StarterPack: Attempting to spawn classId=44 name=VenomCreek
[04.05.26 22:51:08:541] INFO instancemanager.StarterPackManager: StarterPack: classId=44 validated as ORC_FIGHTER race=ORC
[04.05.26 22:51:08:547] INFO instancemanager.StarterPackManager: StarterPack: Player.create() returned obj=268478941 for classId=44 name=VenomCreek
[04.05.26 22:51:08:593] INFO instancemanager.StarterPackManager: StarterPack: initNewChar completed for VenomCreek result=true
[04.05.26 22:51:08:609] INFO instancemanager.StarterPackManager: StarterPack: Player.restore() returned VenomCreek for objId=268478941
[04.05.26 22:51:08:619] INFO instancemanager.StarterPackManager: StarterPack: Bot VenomCreek entered world at -56706,-113583,-672
[04.05.26 22:51:08:619] INFO instancemanager.StarterPackManager: StarterPack: Spawned bot VenomCreek (class=44/ORC_FIGHTER, race=ORC, objId=268478941)
[04.05.26 22:51:09:041] INFO instancemanager.StarterPackManager: StarterPack: Attempting to spawn classId=49 name=VenomMarsh
[04.05.26 22:51:09:041] INFO instancemanager.StarterPackManager: StarterPack: classId=49 validated as ORC_MAGE race=ORC
[04.05.26 22:51:09:045] INFO instancemanager.StarterPackManager: StarterPack: Player.create() returned obj=268478987 for classId=49 name=VenomMarsh
[04.05.26 22:51:09:116] INFO instancemanager.StarterPackManager: StarterPack: initNewChar completed for VenomMarsh result=true
[04.05.26 22:51:09:132] INFO instancemanager.StarterPackManager: StarterPack: Player.restore() returned VenomMarsh for objId=268478987
[04.05.26 22:51:09:144] INFO instancemanager.StarterPackManager: StarterPack: Bot VenomMarsh entered world at -56712,-113580,-672
[04.05.26 22:51:09:145] INFO instancemanager.StarterPackManager: StarterPack: Spawned bot VenomMarsh (class=49/ORC_MAGE, race=ORC, objId=268478987)
[04.05.26 22:51:09:541] INFO instancemanager.StarterPackManager: StarterPack: Attempting to spawn classId=53 name=VenomField
[04.05.26 22:51:09:541] INFO instancemanager.StarterPackManager: StarterPack: classId=53 validated as DWARVEN_FIGHTER race=DWARF
[04.05.26 22:51:09:545] INFO instancemanager.StarterPackManager: StarterPack: Player.create() returned obj=268479021 for classId=53 name=VenomField
[04.05.26 22:51:09:602] INFO instancemanager.StarterPackManager: StarterPack: initNewChar completed for VenomField result=true
[04.05.26 22:51:09:618] INFO instancemanager.StarterPackManager: StarterPack: Player.restore() returned VenomField for objId=268479021
[04.05.26 22:51:09:631] INFO instancemanager.StarterPackManager: StarterPack: Bot VenomField entered world at 108545,-174068,-408
[04.05.26 22:51:09:631] INFO instancemanager.StarterPackManager: StarterPack: Spawned bot VenomField (class=53/DWARVEN_FIGHTER, race=DWARF, objId=268479021)
[04.05.26 22:51:10:041] INFO instancemanager.StarterPackManager: StarterPack: Attempting to spawn classId=0 name=VenomGrove
[04.05.26 22:51:10:041] INFO instancemanager.StarterPackManager: StarterPack: classId=0 validated as HUMAN_FIGHTER race=HUMAN
[04.05.26 22:51:10:048] INFO instancemanager.StarterPackManager: StarterPack: Player.create() returned obj=268479047 for classId=0 name=VenomGrove
[04.05.26 22:51:10:091] INFO instancemanager.StarterPackManager: StarterPack: initNewChar completed for VenomGrove result=true
[04.05.26 22:51:10:107] INFO instancemanager.StarterPackManager: StarterPack: Player.restore() returned VenomGrove for objId=268479047
[04.05.26 22:51:10:117] INFO instancemanager.StarterPackManager: StarterPack: Bot VenomGrove entered world at -71402,258320,-3104
[04.05.26 22:51:10:117] INFO instancemanager.StarterPackManager: StarterPack: Spawned bot VenomGrove (class=0/HUMAN_FIGHTER, race=HUMAN, objId=268479047)
[04.05.26 22:51:10:542] INFO instancemanager.StarterPackManager: StarterPack: Attempting to spawn classId=10 name=VenomCrest
[04.05.26 22:51:10:542] INFO instancemanager.StarterPackManager: StarterPack: classId=10 validated as HUMAN_MAGE race=HUMAN
[04.05.26 22:51:10:549] INFO instancemanager.StarterPackManager: StarterPack: Player.create() returned obj=268479085 for classId=10 name=VenomCrest
[04.05.26 22:51:10:620] INFO instancemanager.StarterPackManager: StarterPack: initNewChar completed for VenomCrest result=true
[04.05.26 22:51:10:636] INFO instancemanager.StarterPackManager: StarterPack: Player.restore() returned VenomCrest for objId=268479085
[04.05.26 22:51:10:646] INFO instancemanager.StarterPackManager: StarterPack: Bot VenomCrest entered world at -90925,248078,-3568
[04.05.26 22:51:10:646] INFO instancemanager.StarterPackManager: StarterPack: Spawned bot VenomCrest (class=10/HUMAN_MAGE, race=HUMAN, objId=268479085)
[04.05.26 22:51:11:041] INFO instancemanager.StarterPackManager: StarterPack: Attempting to spawn classId=18 name=VenomRidge
[04.05.26 22:51:11:041] INFO instancemanager.StarterPackManager: StarterPack: classId=18 validated as ELVEN_FIGHTER race=ELF
[04.05.26 22:51:11:048] INFO instancemanager.StarterPackManager: StarterPack: Player.create() returned obj=268479126 for classId=18 name=VenomRidge
[04.05.26 22:51:11:086] INFO instancemanager.StarterPackManager: StarterPack: initNewChar completed for VenomRidge result=true
[04.05.26 22:51:11:105] INFO instancemanager.StarterPackManager: StarterPack: Player.restore() returned VenomRidge for objId=268479126
[04.05.26 22:51:11:115] INFO instancemanager.StarterPackManager: StarterPack: Bot VenomRidge entered world at 46049,41154,-3504
[04.05.26 22:51:11:115] INFO instancemanager.StarterPackManager: StarterPack: Spawned bot VenomRidge (class=18/ELVEN_FIGHTER, race=ELF, objId=268479126)
[04.05.26 22:51:11:541] INFO instancemanager.StarterPackManager: StarterPack: Attempting to spawn classId=25 name=VenomDrake
[04.05.26 22:51:11:541] INFO instancemanager.StarterPackManager: StarterPack: classId=25 validated as ELVEN_MAGE race=ELF
[04.05.26 22:51:11:548] INFO instancemanager.StarterPackManager: StarterPack: Player.create() returned obj=268479161 for classId=25 name=VenomDrake
[04.05.26 22:51:11:616] INFO instancemanager.StarterPackManager: StarterPack: initNewChar completed for VenomDrake result=true
[04.05.26 22:51:11:632] INFO instancemanager.StarterPackManager: StarterPack: Player.restore() returned VenomDrake for objId=268479161
[04.05.26 22:51:11:642] INFO instancemanager.StarterPackManager: StarterPack: Bot VenomDrake entered world at 46077,41182,-3504
[04.05.26 22:51:11:642] INFO instancemanager.StarterPackManager: StarterPack: Spawned bot VenomDrake (class=25/ELVEN_MAGE, race=ELF, objId=268479161)
[04.05.26 22:51:12:043] INFO instancemanager.StarterPackManager: StarterPack: Attempting to spawn classId=31 name=VenomSerpent
[04.05.26 22:51:12:043] INFO instancemanager.StarterPackManager: StarterPack: classId=31 validated as DARK_FIGHTER race=DARKELF
[04.05.26 22:51:12:049] INFO instancemanager.StarterPackManager: StarterPack: Player.create() returned obj=268479194 for classId=31 name=VenomSerpent
[04.05.26 22:51:12:096] INFO instancemanager.StarterPackManager: StarterPack: initNewChar completed for VenomSerpent result=true
[04.05.26 22:51:12:113] INFO instancemanager.StarterPackManager: StarterPack: Player.restore() returned VenomSerpent for objId=268479194
[04.05.26 22:51:12:127] INFO instancemanager.StarterPackManager: StarterPack: Bot VenomSerpent entered world at 28347,11031,-4232
[04.05.26 22:51:12:127] INFO instancemanager.StarterPackManager: StarterPack: Spawned bot VenomSerpent (class=31/DARK_FIGHTER, race=DARKELF, objId=268479194)
[04.05.26 22:51:12:542] INFO instancemanager.StarterPackManager: StarterPack: Attempting to spawn classId=38 name=GhostBlade
[04.05.26 22:51:12:542] INFO instancemanager.StarterPackManager: StarterPack: classId=38 validated as DARK_MAGE race=DARKELF
[04.05.26 22:51:12:547] INFO instancemanager.StarterPackManager: StarterPack: Player.create() returned obj=268479234 for classId=38 name=GhostBlade
[04.05.26 22:51:12:595] INFO instancemanager.StarterPackManager: StarterPack: initNewChar completed for GhostBlade result=true
[04.05.26 22:51:12:612] INFO instancemanager.StarterPackManager: StarterPack: Player.restore() returned GhostBlade for objId=268479234
[04.05.26 22:51:12:625] INFO instancemanager.StarterPackManager: StarterPack: Bot GhostBlade entered world at 28414,11042,-4232
[04.05.26 22:51:12:626] INFO instancemanager.StarterPackManager: StarterPack: Spawned bot GhostBlade (class=38/DARK_MAGE, race=DARKELF, objId=268479234)
[04.05.26 22:51:13:041] INFO instancemanager.StarterPackManager: StarterPack: Attempting to spawn classId=44 name=GhostFang
[04.05.26 22:51:13:041] INFO instancemanager.StarterPackManager: StarterPack: classId=44 validated as ORC_FIGHTER race=ORC
[04.05.26 22:51:13:048] INFO instancemanager.StarterPackManager: StarterPack: Player.create() returned obj=268479282 for classId=44 name=GhostFang
[04.05.26 22:51:13:106] INFO instancemanager.StarterPackManager: StarterPack: initNewChar completed for GhostFang result=true
[04.05.26 22:51:13:122] INFO instancemanager.StarterPackManager: StarterPack: Player.restore() returned GhostFang for objId=268479282
[04.05.26 22:51:13:132] INFO instancemanager.StarterPackManager: StarterPack: Bot GhostFang entered world at -56746,-113641,-672
[04.05.26 22:51:13:132] INFO instancemanager.StarterPackManager: StarterPack: Spawned bot GhostFang (class=44/ORC_FIGHTER, race=ORC, objId=268479282)
[04.05.26 22:51:13:541] INFO instancemanager.StarterPackManager: StarterPack: Attempting to spawn classId=49 name=GhostEdge
[04.05.26 22:51:13:541] INFO instancemanager.StarterPackManager: StarterPack: classId=49 validated as ORC_MAGE race=ORC
[04.05.26 22:51:13:546] INFO instancemanager.StarterPackManager: StarterPack: Player.create() returned obj=268479326 for classId=49 name=GhostEdge
[04.05.26 22:51:13:609] INFO instancemanager.StarterPackManager: StarterPack: initNewChar completed for GhostEdge result=true
[04.05.26 22:51:13:627] INFO instancemanager.StarterPackManager: StarterPack: Player.restore() returned GhostEdge for objId=268479326
[04.05.26 22:51:13:639] INFO instancemanager.StarterPackManager: StarterPack: Bot GhostEdge entered world at -56754,-113580,-672
[04.05.26 22:51:13:639] INFO instancemanager.StarterPackManager: StarterPack: Spawned bot GhostEdge (class=49/ORC_MAGE, race=ORC, objId=268479326)
[04.05.26 22:51:14:041] INFO instancemanager.StarterPackManager: StarterPack: Attempting to spawn classId=53 name=GhostCore
[04.05.26 22:51:14:041] INFO instancemanager.StarterPackManager: StarterPack: classId=53 validated as DWARVEN_FIGHTER race=DWARF
[04.05.26 22:51:14:048] INFO instancemanager.StarterPackManager: StarterPack: Player.create() returned obj=268479366 for classId=53 name=GhostCore
[04.05.26 22:51:14:088] INFO instancemanager.StarterPackManager: StarterPack: initNewChar completed for GhostCore result=true
[04.05.26 22:51:14:105] INFO instancemanager.StarterPackManager: StarterPack: Player.restore() returned GhostCore for objId=268479366
[04.05.26 22:51:14:116] INFO instancemanager.StarterPackManager: StarterPack: Bot GhostCore entered world at 108619,-174001,-408
[04.05.26 22:51:14:116] INFO instancemanager.StarterPackManager: StarterPack: Spawned bot GhostCore (class=53/DWARVEN_FIGHTER, race=DWARF, objId=268479366)
[04.05.26 22:51:14:541] INFO instancemanager.StarterPackManager: StarterPack: Attempting to spawn classId=0 name=GhostZone
[04.05.26 22:51:14:541] INFO instancemanager.StarterPackManager: StarterPack: classId=0 validated as HUMAN_FIGHTER race=HUMAN
[04.05.26 22:51:14:548] INFO instancemanager.StarterPackManager: StarterPack: Player.create() returned obj=268479397 for classId=0 name=GhostZone
[04.05.26 22:51:14:600] INFO instancemanager.StarterPackManager: StarterPack: initNewChar completed for GhostZone result=true
[04.05.26 22:51:14:615] INFO instancemanager.StarterPackManager: StarterPack: Player.restore() returned GhostZone for objId=268479397
[04.05.26 22:51:14:625] INFO instancemanager.StarterPackManager: StarterPack: Bot GhostZone entered world at -71444,258365,-3104
[04.05.26 22:51:14:625] INFO instancemanager.StarterPackManager: StarterPack: Spawned bot GhostZone (class=0/HUMAN_FIGHTER, race=HUMAN, objId=268479397)
[04.05.26 22:51:15:042] INFO instancemanager.StarterPackManager: StarterPack: Attempting to spawn classId=10 name=GhostClaw
[04.05.26 22:51:15:042] INFO instancemanager.StarterPackManager: StarterPack: classId=10 validated as HUMAN_MAGE race=HUMAN
[04.05.26 22:51:15:046] INFO instancemanager.StarterPackManager: StarterPack: Player.create() returned obj=268479447 for classId=10 name=GhostClaw
[04.05.26 22:51:15:110] INFO instancemanager.StarterPackManager: StarterPack: initNewChar completed for GhostClaw result=true
[04.05.26 22:51:15:128] INFO instancemanager.StarterPackManager: StarterPack: Player.restore() returned GhostClaw for objId=268479447
[04.05.26 22:51:15:140] INFO instancemanager.StarterPackManager: StarterPack: Bot GhostClaw entered world at -90831,248138,-3568
[04.05.26 22:51:15:140] INFO instancemanager.StarterPackManager: StarterPack: Spawned bot GhostClaw (class=10/HUMAN_MAGE, race=HUMAN, objId=268479447)
[04.05.26 22:51:15:541] INFO instancemanager.StarterPackManager: StarterPack: Attempting to spawn classId=18 name=GhostSoul
[04.05.26 22:51:15:541] INFO instancemanager.StarterPackManager: StarterPack: classId=18 validated as ELVEN_FIGHTER race=ELF
[04.05.26 22:51:15:546] INFO instancemanager.StarterPackManager: StarterPack: Player.create() returned obj=268479478 for classId=18 name=GhostSoul
[04.05.26 22:51:15:584] INFO instancemanager.StarterPackManager: StarterPack: initNewChar completed for GhostSoul result=true
[04.05.26 22:51:15:602] INFO instancemanager.StarterPackManager: StarterPack: Player.restore() returned GhostSoul for objId=268479478
[04.05.26 22:51:15:616] INFO instancemanager.StarterPackManager: StarterPack: Bot GhostSoul entered world at 46111,41194,-3504
[04.05.26 22:51:15:616] INFO instancemanager.StarterPackManager: StarterPack: Spawned bot GhostSoul (class=18/ELVEN_FIGHTER, race=ELF, objId=268479478)
[04.05.26 22:51:16:042] INFO instancemanager.StarterPackManager: StarterPack: Attempting to spawn classId=25 name=GhostStar
[04.05.26 22:51:16:042] INFO instancemanager.StarterPackManager: StarterPack: classId=25 validated as ELVEN_MAGE race=ELF
[04.05.26 22:51:16:047] INFO instancemanager.StarterPackManager: StarterPack: Player.create() returned obj=268479515 for classId=25 name=GhostStar
[04.05.26 22:51:16:117] INFO instancemanager.StarterPackManager: StarterPack: initNewChar completed for GhostStar result=true
[04.05.26 22:51:16:135] INFO instancemanager.StarterPackManager: StarterPack: Player.restore() returned GhostStar for objId=268479515
[04.05.26 22:51:16:148] INFO instancemanager.StarterPackManager: StarterPack: Bot GhostStar entered world at 46049,41222,-3504
[04.05.26 22:51:16:148] INFO instancemanager.StarterPackManager: StarterPack: Spawned bot GhostStar (class=25/ELVEN_MAGE, race=ELF, objId=268479515)
[04.05.26 22:51:16:541] INFO instancemanager.StarterPackManager: StarterPack: Attempting to spawn classId=31 name=GhostFire
[04.05.26 22:51:16:541] INFO instancemanager.StarterPackManager: StarterPack: classId=31 validated as DARK_FIGHTER race=DARKELF
[04.05.26 22:51:16:547] INFO instancemanager.StarterPackManager: StarterPack: Player.create() returned obj=268479551 for classId=31 name=GhostFire
[04.05.26 22:51:16:598] INFO instancemanager.StarterPackManager: StarterPack: initNewChar completed for GhostFire result=true
[04.05.26 22:51:16:615] INFO instancemanager.StarterPackManager: StarterPack: Player.restore() returned GhostFire for objId=268479551
[04.05.26 22:51:16:628] INFO instancemanager.StarterPackManager: StarterPack: Bot GhostFire entered world at 28424,11019,-4232
[04.05.26 22:51:16:628] INFO instancemanager.StarterPackManager: StarterPack: Spawned bot GhostFire (class=31/DARK_FIGHTER, race=DARKELF, objId=268479551)
[04.05.26 22:51:17:042] INFO instancemanager.StarterPackManager: StarterPack: Attempting to spawn classId=38 name=GhostWind
[04.05.26 22:51:17:042] INFO instancemanager.StarterPackManager: StarterPack: classId=38 validated as DARK_MAGE race=DARKELF
[04.05.26 22:51:17:049] INFO instancemanager.StarterPackManager: StarterPack: Player.create() returned obj=268479615 for classId=38 name=GhostWind
[04.05.26 22:51:17:102] INFO instancemanager.StarterPackManager: StarterPack: initNewChar completed for GhostWind result=true
[04.05.26 22:51:17:119] INFO instancemanager.StarterPackManager: StarterPack: Player.restore() returned GhostWind for objId=268479615
[04.05.26 22:51:17:131] INFO instancemanager.StarterPackManager: StarterPack: Bot GhostWind entered world at 28396,11024,-4232
[04.05.26 22:51:17:132] INFO instancemanager.StarterPackManager: StarterPack: Spawned bot GhostWind (class=38/DARK_MAGE, race=DARKELF, objId=268479615)
[04.05.26 22:51:17:541] INFO instancemanager.StarterPackManager: StarterPack: Attempting to spawn classId=44 name=GhostRage
[04.05.26 22:51:17:541] INFO instancemanager.StarterPackManager: StarterPack: classId=44 validated as ORC_FIGHTER race=ORC
[04.05.26 22:51:17:548] INFO instancemanager.StarterPackManager: StarterPack: Player.create() returned obj=268479642 for classId=44 name=GhostRage
[04.05.26 22:51:17:608] INFO instancemanager.StarterPackManager: StarterPack: initNewChar completed for GhostRage result=true
[04.05.26 22:51:17:624] INFO instancemanager.StarterPackManager: StarterPack: Player.restore() returned GhostRage for objId=268479642
[04.05.26 22:51:17:634] INFO instancemanager.StarterPackManager: StarterPack: Bot GhostRage entered world at -56672,-113630,-672
[04.05.26 22:51:17:634] INFO instancemanager.StarterPackManager: StarterPack: Spawned bot GhostRage (class=44/ORC_FIGHTER, race=ORC, objId=268479642)
[04.05.26 22:51:18:042] INFO instancemanager.StarterPackManager: StarterPack: Attempting to spawn classId=49 name=GhostHawk
[04.05.26 22:51:18:042] INFO instancemanager.StarterPackManager: StarterPack: classId=49 validated as ORC_MAGE race=ORC
[04.05.26 22:51:18:046] INFO instancemanager.StarterPackManager: StarterPack: Player.create() returned obj=268479688 for classId=49 name=GhostHawk
[04.05.26 22:51:18:102] INFO instancemanager.StarterPackManager: StarterPack: initNewChar completed for GhostHawk result=true
[04.05.26 22:51:18:120] INFO instancemanager.StarterPackManager: StarterPack: Player.restore() returned GhostHawk for objId=268479688
[04.05.26 22:51:18:132] INFO instancemanager.StarterPackManager: StarterPack: Bot GhostHawk entered world at -56759,-113561,-672
[04.05.26 22:51:18:132] INFO instancemanager.StarterPackManager: StarterPack: Spawned bot GhostHawk (class=49/ORC_MAGE, race=ORC, objId=268479688)
[04.05.26 22:51:18:541] INFO instancemanager.StarterPackManager: StarterPack: Attempting to spawn classId=53 name=GhostWolf
[04.05.26 22:51:18:541] INFO instancemanager.StarterPackManager: StarterPack: classId=53 validated as DWARVEN_FIGHTER race=DWARF
[04.05.26 22:51:18:549] INFO instancemanager.StarterPackManager: StarterPack: Player.create() returned obj=268479722 for classId=53 name=GhostWolf
[04.05.26 22:51:18:589] INFO instancemanager.StarterPackManager: StarterPack: initNewChar completed for GhostWolf result=true
[04.05.26 22:51:18:607] INFO instancemanager.StarterPackManager: StarterPack: Player.restore() returned GhostWolf for objId=268479722
[04.05.26 22:51:18:617] INFO instancemanager.StarterPackManager: StarterPack: Bot GhostWolf entered world at 108626,-174054,-408
[04.05.26 22:51:18:617] INFO instancemanager.StarterPackManager: StarterPack: Spawned bot GhostWolf (class=53/DWARVEN_FIGHTER, race=DWARF, objId=268479722)
[04.05.26 22:51:19:041] INFO instancemanager.StarterPackManager: StarterPack: Attempting to spawn classId=0 name=GhostStrike
[04.05.26 22:51:19:047] INFO instancemanager.StarterPackManager: StarterPack: classId=0 validated as HUMAN_FIGHTER race=HUMAN
[04.05.26 22:51:19:059] INFO instancemanager.StarterPackManager: StarterPack: Player.create() returned obj=268479771 for classId=0 name=GhostStrike
[04.05.26 22:51:19:113] INFO instancemanager.StarterPackManager: StarterPack: initNewChar completed for GhostStrike result=true
[04.05.26 22:51:19:146] INFO instancemanager.StarterPackManager: StarterPack: Player.restore() returned GhostStrike for objId=268479771
[04.05.26 22:51:19:171] INFO instancemanager.StarterPackManager: StarterPack: Bot GhostStrike entered world at -71443,258288,-3104
[04.05.26 22:51:19:174] INFO instancemanager.StarterPackManager: StarterPack: Spawned bot GhostStrike (class=0/HUMAN_FIGHTER, race=HUMAN, objId=268479771)
[04.05.26 22:51:19:541] INFO instancemanager.StarterPackManager: StarterPack: Attempting to spawn classId=10 name=GhostVeil
[04.05.26 22:51:19:541] INFO instancemanager.StarterPackManager: StarterPack: classId=10 validated as HUMAN_MAGE race=HUMAN
[04.05.26 22:51:19:546] INFO instancemanager.StarterPackManager: StarterPack: Player.create() returned obj=268479818 for classId=10 name=GhostVeil
[04.05.26 22:51:19:592] INFO instancemanager.StarterPackManager: StarterPack: initNewChar completed for GhostVeil result=true
[04.05.26 22:51:19:610] INFO instancemanager.StarterPackManager: StarterPack: Player.restore() returned GhostVeil for objId=268479818
[04.05.26 22:51:19:621] INFO instancemanager.StarterPackManager: StarterPack: Bot GhostVeil entered world at -90923,248067,-3568
[04.05.26 22:51:19:621] INFO instancemanager.StarterPackManager: StarterPack: Spawned bot GhostVeil (class=10/HUMAN_MAGE, race=HUMAN, objId=268479818)
[04.05.26 22:51:20:042] INFO instancemanager.StarterPackManager: StarterPack: Attempting to spawn classId=18 name=GhostWisp
[04.05.26 22:51:20:042] INFO instancemanager.StarterPackManager: StarterPack: classId=18 validated as ELVEN_FIGHTER race=ELF
[04.05.26 22:51:20:048] INFO instancemanager.StarterPackManager: StarterPack: Player.create() returned obj=268479854 for classId=18 name=GhostWisp
[04.05.26 22:51:20:108] INFO instancemanager.StarterPackManager: StarterPack: initNewChar completed for GhostWisp result=true
[04.05.26 22:51:20:124] INFO instancemanager.StarterPackManager: StarterPack: Player.restore() returned GhostWisp for objId=268479854
[04.05.26 22:51:20:135] INFO instancemanager.StarterPackManager: StarterPack: Bot GhostWisp entered world at 46049,41156,-3504
[04.05.26 22:51:20:135] INFO instancemanager.StarterPackManager: StarterPack: Spawned bot GhostWisp (class=18/ELVEN_FIGHTER, race=ELF, objId=268479854)
[04.05.26 22:51:20:541] INFO instancemanager.StarterPackManager: StarterPack: Attempting to spawn classId=25 name=GhostGloom
[04.05.26 22:51:20:541] INFO instancemanager.StarterPackManager: StarterPack: classId=25 validated as ELVEN_MAGE race=ELF
[04.05.26 22:51:20:548] INFO instancemanager.StarterPackManager: StarterPack: Player.create() returned obj=268479895 for classId=25 name=GhostGloom
[04.05.26 22:51:20:608] INFO instancemanager.StarterPackManager: StarterPack: initNewChar completed for GhostGloom result=true
[04.05.26 22:51:20:628] INFO instancemanager.StarterPackManager: StarterPack: Player.restore() returned GhostGloom for objId=268479895
[04.05.26 22:51:20:640] INFO instancemanager.StarterPackManager: StarterPack: Bot GhostGloom entered world at 46082,41142,-3504
[04.05.26 22:51:20:640] INFO instancemanager.StarterPackManager: StarterPack: Spawned bot GhostGloom (class=25/ELVEN_MAGE, race=ELF, objId=268479895)
[04.05.26 22:51:21:041] INFO instancemanager.StarterPackManager: StarterPack: Attempting to spawn classId=31 name=GhostStone
[04.05.26 22:51:21:041] INFO instancemanager.StarterPackManager: StarterPack: classId=31 validated as DARK_FIGHTER race=DARKELF
[04.05.26 22:51:21:046] INFO instancemanager.StarterPackManager: StarterPack: Player.create() returned obj=268479936 for classId=31 name=GhostStone
[04.05.26 22:51:21:103] INFO instancemanager.StarterPackManager: StarterPack: initNewChar completed for GhostStone result=true
[04.05.26 22:51:21:123] INFO instancemanager.StarterPackManager: StarterPack: Player.restore() returned GhostStone for objId=268479936
[04.05.26 22:51:21:137] INFO instancemanager.StarterPackManager: StarterPack: Bot GhostStone entered world at 28387,11020,-4232
[04.05.26 22:51:21:137] INFO instancemanager.StarterPackManager: StarterPack: Spawned bot GhostStone (class=31/DARK_FIGHTER, race=DARKELF, objId=268479936)
[04.05.26 22:51:21:542] INFO instancemanager.StarterPackManager: StarterPack: Attempting to spawn classId=38 name=GhostCrown
[04.05.26 22:51:21:542] INFO instancemanager.StarterPackManager: StarterPack: classId=38 validated as DARK_MAGE race=DARKELF
[04.05.26 22:51:21:547] INFO instancemanager.StarterPackManager: StarterPack: Player.create() returned obj=268479977 for classId=38 name=GhostCrown
[04.05.26 22:51:21:602] INFO instancemanager.StarterPackManager: StarterPack: initNewChar completed for GhostCrown result=true
[04.05.26 22:51:21:620] INFO instancemanager.StarterPackManager: StarterPack: Player.restore() returned GhostCrown for objId=268479977
[04.05.26 22:51:21:633] INFO instancemanager.StarterPackManager: StarterPack: Bot GhostCrown entered world at 28376,11039,-4232
[04.05.26 22:51:21:633] INFO instancemanager.StarterPackManager: StarterPack: Spawned bot GhostCrown (class=38/DARK_MAGE, race=DARKELF, objId=268479977)
[04.05.26 22:51:22:042] INFO instancemanager.StarterPackManager: StarterPack: Attempting to spawn classId=44 name=GhostThorn
[04.05.26 22:51:22:042] INFO instancemanager.StarterPackManager: StarterPack: classId=44 validated as ORC_FIGHTER race=ORC
[04.05.26 22:51:22:049] INFO instancemanager.StarterPackManager: StarterPack: Player.create() returned obj=268480002 for classId=44 name=GhostThorn
[04.05.26 22:51:22:097] INFO instancemanager.StarterPackManager: StarterPack: initNewChar completed for GhostThorn result=true
[04.05.26 22:51:22:113] INFO instancemanager.StarterPackManager: StarterPack: Player.restore() returned GhostThorn for objId=268480002
[04.05.26 22:51:22:124] INFO instancemanager.StarterPackManager: StarterPack: Bot GhostThorn entered world at -56694,-113602,-672
[04.05.26 22:51:22:124] INFO instancemanager.StarterPackManager: StarterPack: Spawned bot GhostThorn (class=44/ORC_FIGHTER, race=ORC, objId=268480002)
[04.05.26 22:51:22:541] INFO instancemanager.StarterPackManager: StarterPack: Attempting to spawn classId=49 name=GhostSpark
[04.05.26 22:51:22:541] INFO instancemanager.StarterPackManager: StarterPack: classId=49 validated as ORC_MAGE race=ORC
[04.05.26 22:51:22:548] INFO instancemanager.StarterPackManager: StarterPack: Player.create() returned obj=268480048 for classId=49 name=GhostSpark
[04.05.26 22:51:22:620] INFO instancemanager.StarterPackManager: StarterPack: initNewChar completed for GhostSpark result=true
[04.05.26 22:51:22:637] INFO instancemanager.StarterPackManager: StarterPack: Player.restore() returned GhostSpark for objId=268480048
[04.05.26 22:51:22:648] INFO instancemanager.StarterPackManager: StarterPack: Bot GhostSpark entered world at -56720,-113572,-672
[04.05.26 22:51:22:648] INFO instancemanager.StarterPackManager: StarterPack: Spawned bot GhostSpark (class=49/ORC_MAGE, race=ORC, objId=268480048)
[04.05.26 22:51:23:042] INFO instancemanager.StarterPackManager: StarterPack: Attempting to spawn classId=53 name=GhostFlash
[04.05.26 22:51:23:042] INFO instancemanager.StarterPackManager: StarterPack: classId=53 validated as DWARVEN_FIGHTER race=DWARF
[04.05.26 22:51:23:047] INFO instancemanager.StarterPackManager: StarterPack: Player.create() returned obj=268480100 for classId=53 name=GhostFlash
[04.05.26 22:51:23:085] INFO instancemanager.StarterPackManager: StarterPack: initNewChar completed for GhostFlash result=true
[04.05.26 22:51:23:102] INFO instancemanager.StarterPackManager: StarterPack: Player.restore() returned GhostFlash for objId=268480100
[04.05.26 22:51:23:114] INFO instancemanager.StarterPackManager: StarterPack: Bot GhostFlash entered world at 108607,-174050,-408
[04.05.26 22:51:23:115] INFO instancemanager.StarterPackManager: StarterPack: Spawned bot GhostFlash (class=53/DWARVEN_FIGHTER, race=DWARF, objId=268480100)
[04.05.26 22:51:23:542] INFO instancemanager.StarterPackManager: StarterPack: Attempting to spawn classId=0 name=GhostBloom
[04.05.26 22:51:23:542] INFO instancemanager.StarterPackManager: StarterPack: classId=0 validated as HUMAN_FIGHTER race=HUMAN
[04.05.26 22:51:23:549] INFO instancemanager.StarterPackManager: StarterPack: Player.create() returned obj=268480136 for classId=0 name=GhostBloom
[04.05.26 22:51:23:620] INFO instancemanager.StarterPackManager: StarterPack: initNewChar completed for GhostBloom result=true
[04.05.26 22:51:23:639] INFO instancemanager.StarterPackManager: StarterPack: Player.restore() returned GhostBloom for objId=268480136
[04.05.26 22:51:23:654] INFO instancemanager.StarterPackManager: StarterPack: Bot GhostBloom entered world at -71399,258282,-3104
[04.05.26 22:51:23:654] INFO instancemanager.StarterPackManager: StarterPack: Spawned bot GhostBloom (class=0/HUMAN_FIGHTER, race=HUMAN, objId=268480136)
[04.05.26 22:51:24:041] INFO instancemanager.StarterPackManager: StarterPack: Attempting to spawn classId=10 name=GhostCreek
[04.05.26 22:51:24:041] INFO instancemanager.StarterPackManager: StarterPack: classId=10 validated as HUMAN_MAGE race=HUMAN
[04.05.26 22:51:24:048] INFO instancemanager.StarterPackManager: StarterPack: Player.create() returned obj=268480180 for classId=10 name=GhostCreek
[04.05.26 22:51:24:109] INFO instancemanager.StarterPackManager: StarterPack: initNewChar completed for GhostCreek result=true
[04.05.26 22:51:24:126] INFO instancemanager.StarterPackManager: StarterPack: Player.restore() returned GhostCreek for objId=268480180
[04.05.26 22:51:24:136] INFO instancemanager.StarterPackManager: StarterPack: Bot GhostCreek entered world at -90843,248111,-3568
[04.05.26 22:51:24:136] INFO instancemanager.StarterPackManager: StarterPack: Spawned bot GhostCreek (class=10/HUMAN_MAGE, race=HUMAN, objId=268480180)
[04.05.26 22:51:24:543] INFO instancemanager.StarterPackManager: StarterPack: Attempting to spawn classId=18 name=GhostMarsh
[04.05.26 22:51:24:543] INFO instancemanager.StarterPackManager: StarterPack: classId=18 validated as ELVEN_FIGHTER race=ELF
[04.05.26 22:51:24:548] INFO instancemanager.StarterPackManager: StarterPack: Player.create() returned obj=268480218 for classId=18 name=GhostMarsh
[04.05.26 22:51:24:605] INFO instancemanager.StarterPackManager: StarterPack: initNewChar completed for GhostMarsh result=true
[04.05.26 22:51:24:621] INFO instancemanager.StarterPackManager: StarterPack: Player.restore() returned GhostMarsh for objId=268480218
[04.05.26 22:51:24:635] INFO instancemanager.StarterPackManager: StarterPack: Bot GhostMarsh entered world at 46110,41179,-3504
[04.05.26 22:51:24:635] INFO instancemanager.StarterPackManager: StarterPack: Spawned bot GhostMarsh (class=18/ELVEN_FIGHTER, race=ELF, objId=268480218)
[04.05.26 22:51:25:042] INFO instancemanager.StarterPackManager: StarterPack: Attempting to spawn classId=25 name=GhostField
[04.05.26 22:51:25:042] INFO instancemanager.StarterPackManager: StarterPack: classId=25 validated as ELVEN_MAGE race=ELF
[04.05.26 22:51:25:047] INFO instancemanager.StarterPackManager: StarterPack: Player.create() returned obj=268480268 for classId=25 name=GhostField
[04.05.26 22:51:25:095] INFO instancemanager.StarterPackManager: StarterPack: initNewChar completed for GhostField result=true
[04.05.26 22:51:25:111] INFO instancemanager.StarterPackManager: StarterPack: Player.restore() returned GhostField for objId=268480268
[04.05.26 22:51:25:126] INFO instancemanager.StarterPackManager: StarterPack: Bot GhostField entered world at 46065,41172,-3504
[04.05.26 22:51:25:126] INFO instancemanager.StarterPackManager: StarterPack: Spawned bot GhostField (class=25/ELVEN_MAGE, race=ELF, objId=268480268)
[04.05.26 22:51:25:541] INFO instancemanager.StarterPackManager: StarterPack: Attempting to spawn classId=31 name=GhostGrove
[04.05.26 22:51:25:541] INFO instancemanager.StarterPackManager: StarterPack: classId=31 validated as DARK_FIGHTER race=DARKELF
[04.05.26 22:51:25:548] INFO instancemanager.StarterPackManager: StarterPack: Player.create() returned obj=268480299 for classId=31 name=GhostGrove
[04.05.26 22:51:25:593] INFO instancemanager.StarterPackManager: StarterPack: initNewChar completed for GhostGrove result=true
[04.05.26 22:51:25:612] INFO instancemanager.StarterPackManager: StarterPack: Player.restore() returned GhostGrove for objId=268480299
[04.05.26 22:51:25:625] INFO instancemanager.StarterPackManager: StarterPack: Bot GhostGrove entered world at 28370,10984,-4232
[04.05.26 22:51:25:626] INFO instancemanager.StarterPackManager: StarterPack: Spawned bot GhostGrove (class=31/DARK_FIGHTER, race=DARKELF, objId=268480299)
[04.05.26 22:51:26:043] INFO instancemanager.StarterPackManager: StarterPack: Attempting to spawn classId=38 name=GhostCrest
[04.05.26 22:51:26:043] INFO instancemanager.StarterPackManager: StarterPack: classId=38 validated as DARK_MAGE race=DARKELF
[04.05.26 22:51:26:048] INFO instancemanager.StarterPackManager: StarterPack: Player.create() returned obj=268480342 for classId=38 name=GhostCrest
[04.05.26 22:51:26:106] INFO instancemanager.StarterPackManager: StarterPack: initNewChar completed for GhostCrest result=true
[04.05.26 22:51:26:123] INFO instancemanager.StarterPackManager: StarterPack: Player.restore() returned GhostCrest for objId=268480342
[04.05.26 22:51:26:136] INFO instancemanager.StarterPackManager: StarterPack: Bot GhostCrest entered world at 28345,10994,-4232
[04.05.26 22:51:26:136] INFO instancemanager.StarterPackManager: StarterPack: Spawned bot GhostCrest (class=38/DARK_MAGE, race=DARKELF, objId=268480342)
[04.05.26 22:51:26:541] INFO instancemanager.StarterPackManager: StarterPack: Attempting to spawn classId=44 name=GhostRidge
[04.05.26 22:51:26:541] INFO instancemanager.StarterPackManager: StarterPack: classId=44 validated as ORC_FIGHTER race=ORC
[04.05.26 22:51:26:546] INFO instancemanager.StarterPackManager: StarterPack: Player.create() returned obj=268480372 for classId=44 name=GhostRidge
[04.05.26 22:51:26:589] INFO instancemanager.StarterPackManager: StarterPack: initNewChar completed for GhostRidge result=true
[04.05.26 22:51:26:605] INFO instancemanager.StarterPackManager: StarterPack: Player.restore() returned GhostRidge for objId=268480372
[04.05.26 22:51:26:614] INFO instancemanager.StarterPackManager: StarterPack: Bot GhostRidge entered world at -56673,-113586,-672
[04.05.26 22:51:26:615] INFO instancemanager.StarterPackManager: StarterPack: Spawned bot GhostRidge (class=44/ORC_FIGHTER, race=ORC, objId=268480372)
[04.05.26 22:51:27:041] INFO instancemanager.StarterPackManager: StarterPack: Attempting to spawn classId=49 name=GhostDrake
[04.05.26 22:51:27:041] INFO instancemanager.StarterPackManager: StarterPack: classId=49 validated as ORC_MAGE race=ORC
[04.05.26 22:51:27:046] INFO instancemanager.StarterPackManager: StarterPack: Player.create() returned obj=268480425 for classId=49 name=GhostDrake
[04.05.26 22:51:27:111] INFO instancemanager.StarterPackManager: StarterPack: initNewChar completed for GhostDrake result=true
[04.05.26 22:51:27:130] INFO instancemanager.StarterPackManager: StarterPack: Player.restore() returned GhostDrake for objId=268480425
[04.05.26 22:51:27:142] INFO instancemanager.StarterPackManager: StarterPack: Bot GhostDrake entered world at -56679,-113606,-672
[04.05.26 22:51:27:142] INFO instancemanager.StarterPackManager: StarterPack: Spawned bot GhostDrake (class=49/ORC_MAGE, race=ORC, objId=268480425)
[04.05.26 22:51:27:542] INFO instancemanager.StarterPackManager: StarterPack: Attempting to spawn classId=53 name=GhostSerpent
[04.05.26 22:51:27:542] INFO instancemanager.StarterPackManager: StarterPack: classId=53 validated as DWARVEN_FIGHTER race=DWARF
[04.05.26 22:51:27:545] INFO instancemanager.StarterPackManager: StarterPack: Player.create() returned obj=268480455 for classId=53 name=GhostSerpent
[04.05.26 22:51:27:587] INFO instancemanager.StarterPackManager: StarterPack: initNewChar completed for GhostSerpent result=true
[04.05.26 22:51:27:604] INFO instancemanager.StarterPackManager: StarterPack: Player.restore() returned GhostSerpent for objId=268480455
[04.05.26 22:51:27:616] INFO instancemanager.StarterPackManager: StarterPack: Bot GhostSerpent entered world at 108603,-173993,-408
[04.05.26 22:51:27:616] INFO instancemanager.StarterPackManager: StarterPack: Spawned bot GhostSerpent (class=53/DWARVEN_FIGHTER, race=DWARF, objId=268480455)
[04.05.26 22:51:28:041] INFO instancemanager.StarterPackManager: StarterPack: Attempting to spawn classId=0 name=BlazeBlade
[04.05.26 22:51:28:041] INFO instancemanager.StarterPackManager: StarterPack: classId=0 validated as HUMAN_FIGHTER race=HUMAN
[04.05.26 22:51:28:048] INFO instancemanager.StarterPackManager: StarterPack: Player.create() returned obj=268480500 for classId=0 name=BlazeBlade
[04.05.26 22:51:28:104] INFO instancemanager.StarterPackManager: StarterPack: initNewChar completed for BlazeBlade result=true
[04.05.26 22:51:28:120] INFO instancemanager.StarterPackManager: StarterPack: Player.restore() returned BlazeBlade for objId=268480500
[04.05.26 22:51:28:129] INFO instancemanager.StarterPackManager: StarterPack: Bot BlazeBlade entered world at -71363,258348,-3080
[04.05.26 22:51:28:129] INFO instancemanager.StarterPackManager: StarterPack: Spawned bot BlazeBlade (class=0/HUMAN_FIGHTER, race=HUMAN, objId=268480500)
[04.05.26 22:51:28:541] INFO instancemanager.StarterPackManager: StarterPack: Attempting to spawn classId=10 name=BlazeFang
[04.05.26 22:51:28:541] INFO instancemanager.StarterPackManager: StarterPack: classId=10 validated as HUMAN_MAGE race=HUMAN
[04.05.26 22:51:28:544] INFO instancemanager.StarterPackManager: StarterPack: Player.create() returned obj=268480533 for classId=10 name=BlazeFang
[04.05.26 22:51:28:611] INFO instancemanager.StarterPackManager: StarterPack: initNewChar completed for BlazeFang result=true
[04.05.26 22:51:28:627] INFO instancemanager.StarterPackManager: StarterPack: Player.restore() returned BlazeFang for objId=268480533
[04.05.26 22:51:28:638] INFO instancemanager.StarterPackManager: StarterPack: Bot BlazeFang entered world at -90889,248069,-3568
[04.05.26 22:51:28:638] INFO instancemanager.StarterPackManager: StarterPack: Spawned bot BlazeFang (class=10/HUMAN_MAGE, race=HUMAN, objId=268480533)
[04.05.26 22:51:29:041] INFO instancemanager.StarterPackManager: StarterPack: Attempting to spawn classId=18 name=BlazeEdge
[04.05.26 22:51:29:041] INFO instancemanager.StarterPackManager: StarterPack: classId=18 validated as ELVEN_FIGHTER race=ELF
[04.05.26 22:51:29:048] INFO instancemanager.StarterPackManager: StarterPack: Player.create() returned obj=268480585 for classId=18 name=BlazeEdge
[04.05.26 22:51:29:088] INFO instancemanager.StarterPackManager: StarterPack: initNewChar completed for BlazeEdge result=true
[04.05.26 22:51:29:103] INFO instancemanager.StarterPackManager: StarterPack: Player.restore() returned BlazeEdge for objId=268480585
[04.05.26 22:51:29:114] INFO instancemanager.StarterPackManager: StarterPack: Bot BlazeEdge entered world at 46109,41203,-3504
[04.05.26 22:51:29:114] INFO instancemanager.StarterPackManager: StarterPack: Spawned bot BlazeEdge (class=18/ELVEN_FIGHTER, race=ELF, objId=268480585)
[04.05.26 22:51:29:542] INFO instancemanager.StarterPackManager: StarterPack: Attempting to spawn classId=25 name=BlazeCore
[04.05.26 22:51:29:542] INFO instancemanager.StarterPackManager: StarterPack: classId=25 validated as ELVEN_MAGE race=ELF
[04.05.26 22:51:29:548] INFO instancemanager.StarterPackManager: StarterPack: Player.create() returned obj=268480624 for classId=25 name=BlazeCore
[04.05.26 22:51:29:614] INFO instancemanager.StarterPackManager: StarterPack: initNewChar completed for BlazeCore result=true
[04.05.26 22:51:29:632] INFO instancemanager.StarterPackManager: StarterPack: Player.restore() returned BlazeCore for objId=268480624
[04.05.26 22:51:29:642] INFO instancemanager.StarterPackManager: StarterPack: Bot BlazeCore entered world at 46034,41193,-3504
[04.05.26 22:51:29:642] INFO instancemanager.StarterPackManager: StarterPack: Spawned bot BlazeCore (class=25/ELVEN_MAGE, race=ELF, objId=268480624)
[04.05.26 22:51:30:041] INFO instancemanager.StarterPackManager: StarterPack: Attempting to spawn classId=31 name=BlazeZone
[04.05.26 22:51:30:041] INFO instancemanager.StarterPackManager: StarterPack: classId=31 validated as DARK_FIGHTER race=DARKELF
[04.05.26 22:51:30:046] INFO instancemanager.StarterPackManager: StarterPack: Player.create() returned obj=268480659 for classId=31 name=BlazeZone
[04.05.26 22:51:30:100] INFO instancemanager.StarterPackManager: StarterPack: initNewChar completed for BlazeZone result=true
[04.05.26 22:51:30:115] INFO instancemanager.StarterPackManager: StarterPack: Player.restore() returned BlazeZone for objId=268480659
[04.05.26 22:51:30:128] INFO instancemanager.StarterPackManager: StarterPack: Bot BlazeZone entered world at 28410,11063,-4232
[04.05.26 22:51:30:128] INFO instancemanager.StarterPackManager: StarterPack: Spawned bot BlazeZone (class=31/DARK_FIGHTER, race=DARKELF, objId=268480659)
[04.05.26 22:51:30:541] INFO instancemanager.StarterPackManager: StarterPack: Attempting to spawn classId=38 name=BlazeClaw
[04.05.26 22:51:30:541] INFO instancemanager.StarterPackManager: StarterPack: classId=38 validated as DARK_MAGE race=DARKELF
[04.05.26 22:51:30:547] INFO instancemanager.StarterPackManager: StarterPack: Player.create() returned obj=268480700 for classId=38 name=BlazeClaw
[04.05.26 22:51:30:596] INFO instancemanager.StarterPackManager: StarterPack: initNewChar completed for BlazeClaw result=true
[04.05.26 22:51:30:610] INFO instancemanager.StarterPackManager: StarterPack: Player.restore() returned BlazeClaw for objId=268480700
[04.05.26 22:51:30:621] INFO instancemanager.StarterPackManager: StarterPack: Bot BlazeClaw entered world at 28403,11069,-4232
[04.05.26 22:51:30:621] INFO instancemanager.StarterPackManager: StarterPack: Spawned bot BlazeClaw (class=38/DARK_MAGE, race=DARKELF, objId=268480700)
[04.05.26 22:51:31:041] INFO instancemanager.StarterPackManager: StarterPack: Attempting to spawn classId=44 name=BlazeSoul
[04.05.26 22:51:31:041] INFO instancemanager.StarterPackManager: StarterPack: classId=44 validated as ORC_FIGHTER race=ORC
[04.05.26 22:51:31:047] INFO instancemanager.StarterPackManager: StarterPack: Player.create() returned obj=268480755 for classId=44 name=BlazeSoul
[04.05.26 22:51:31:114] INFO instancemanager.StarterPackManager: StarterPack: initNewChar completed for BlazeSoul result=true
[04.05.26 22:51:31:131] INFO instancemanager.StarterPackManager: StarterPack: Player.restore() returned BlazeSoul for objId=268480755
[04.05.26 22:51:31:141] INFO instancemanager.StarterPackManager: StarterPack: Bot BlazeSoul entered world at -56721,-113561,-672
[04.05.26 22:51:31:143] INFO instancemanager.StarterPackManager: StarterPack: Spawned bot BlazeSoul (class=44/ORC_FIGHTER, race=ORC, objId=268480755)
[04.05.26 22:51:31:541] INFO instancemanager.StarterPackManager: StarterPack: Attempting to spawn classId=49 name=BlazeStar
[04.05.26 22:51:31:541] INFO instancemanager.StarterPackManager: StarterPack: classId=49 validated as ORC_MAGE race=ORC
[04.05.26 22:51:31:544] INFO instancemanager.StarterPackManager: StarterPack: Player.create() returned obj=268480789 for classId=49 name=BlazeStar
[04.05.26 22:51:31:601] INFO instancemanager.StarterPackManager: StarterPack: initNewChar completed for BlazeStar result=true
[04.05.26 22:51:31:618] INFO instancemanager.StarterPackManager: StarterPack: Player.restore() returned BlazeStar for objId=268480789
[04.05.26 22:51:31:630] INFO instancemanager.StarterPackManager: StarterPack: Bot BlazeStar entered world at -56756,-113556,-672
[04.05.26 22:51:31:630] INFO instancemanager.StarterPackManager: StarterPack: Spawned bot BlazeStar (class=49/ORC_MAGE, race=ORC, objId=268480789)
[04.05.26 22:51:32:041] INFO instancemanager.StarterPackManager: StarterPack: Attempting to spawn classId=53 name=BlazeFire
[04.05.26 22:51:32:041] INFO instancemanager.StarterPackManager: StarterPack: classId=53 validated as DWARVEN_FIGHTER race=DWARF
[04.05.26 22:51:32:049] INFO instancemanager.StarterPackManager: StarterPack: Player.create() returned obj=268480819 for classId=53 name=BlazeFire
[04.05.26 22:51:32:096] INFO instancemanager.StarterPackManager: StarterPack: initNewChar completed for BlazeFire result=true
[04.05.26 22:51:32:110] INFO instancemanager.StarterPackManager: StarterPack: Player.restore() returned BlazeFire for objId=268480819
[04.05.26 22:51:32:120] INFO instancemanager.StarterPackManager: StarterPack: Bot BlazeFire entered world at 108635,-174041,-408
[04.05.26 22:51:32:120] INFO instancemanager.StarterPackManager: StarterPack: Spawned bot BlazeFire (class=53/DWARVEN_FIGHTER, race=DWARF, objId=268480819)
[04.05.26 22:51:32:541] INFO instancemanager.StarterPackManager: StarterPack: Attempting to spawn classId=0 name=BlazeWind
[04.05.26 22:51:32:541] INFO instancemanager.StarterPackManager: StarterPack: classId=0 validated as HUMAN_FIGHTER race=HUMAN
[04.05.26 22:51:32:545] INFO instancemanager.StarterPackManager: StarterPack: Player.create() returned obj=268480865 for classId=0 name=BlazeWind
[04.05.26 22:51:32:607] INFO instancemanager.StarterPackManager: StarterPack: initNewChar completed for BlazeWind result=true
[04.05.26 22:51:32:624] INFO instancemanager.StarterPackManager: StarterPack: Player.restore() returned BlazeWind for objId=268480865
[04.05.26 22:51:32:635] INFO instancemanager.StarterPackManager: StarterPack: Bot BlazeWind entered world at -71409,258286,-3104
[04.05.26 22:51:32:635] INFO instancemanager.StarterPackManager: StarterPack: Spawned bot BlazeWind (class=0/HUMAN_FIGHTER, race=HUMAN, objId=268480865)
[04.05.26 22:51:33:043] INFO instancemanager.StarterPackManager: StarterPack: Attempting to spawn classId=10 name=BlazeRage
[04.05.26 22:51:33:043] INFO instancemanager.StarterPackManager: StarterPack: classId=10 validated as HUMAN_MAGE race=HUMAN
[04.05.26 22:51:33:049] INFO instancemanager.StarterPackManager: StarterPack: Player.create() returned obj=268480917 for classId=10 name=BlazeRage
[04.05.26 22:51:33:095] INFO instancemanager.StarterPackManager: StarterPack: initNewChar completed for BlazeRage result=true
[04.05.26 22:51:33:112] INFO instancemanager.StarterPackManager: StarterPack: Player.restore() returned BlazeRage for objId=268480917
[04.05.26 22:51:33:123] INFO instancemanager.StarterPackManager: StarterPack: Bot BlazeRage entered world at -90844,248137,-3568
[04.05.26 22:51:33:123] INFO instancemanager.StarterPackManager: StarterPack: Spawned bot BlazeRage (class=10/HUMAN_MAGE, race=HUMAN, objId=268480917)
[04.05.26 22:51:33:543] INFO instancemanager.StarterPackManager: StarterPack: Attempting to spawn classId=18 name=BlazeHawk
[04.05.26 22:51:33:543] INFO instancemanager.StarterPackManager: StarterPack: classId=18 validated as ELVEN_FIGHTER race=ELF
[04.05.26 22:51:33:548] INFO instancemanager.StarterPackManager: StarterPack: Player.create() returned obj=268480957 for classId=18 name=BlazeHawk
[04.05.26 22:51:33:600] INFO instancemanager.StarterPackManager: StarterPack: initNewChar completed for BlazeHawk result=true
[04.05.26 22:51:33:616] INFO instancemanager.StarterPackManager: StarterPack: Player.restore() returned BlazeHawk for objId=268480957
[04.05.26 22:51:33:628] INFO instancemanager.StarterPackManager: StarterPack: Bot BlazeHawk entered world at 46102,41215,-3504
[04.05.26 22:51:33:628] INFO instancemanager.StarterPackManager: StarterPack: Spawned bot BlazeHawk (class=18/ELVEN_FIGHTER, race=ELF, objId=268480957)
[04.05.26 22:51:34:042] INFO instancemanager.StarterPackManager: StarterPack: Attempting to spawn classId=25 name=BlazeWolf
[04.05.26 22:51:34:042] INFO instancemanager.StarterPackManager: StarterPack: classId=25 validated as ELVEN_MAGE race=ELF
[04.05.26 22:51:34:046] INFO instancemanager.StarterPackManager: StarterPack: Player.create() returned obj=268480991 for classId=25 name=BlazeWolf
[04.05.26 22:51:34:106] INFO instancemanager.StarterPackManager: StarterPack: initNewChar completed for BlazeWolf result=true
[04.05.26 22:51:34:123] INFO instancemanager.StarterPackManager: StarterPack: Player.restore() returned BlazeWolf for objId=268480991
[04.05.26 22:51:34:137] INFO instancemanager.StarterPackManager: StarterPack: Bot BlazeWolf entered world at 46110,41168,-3504
[04.05.26 22:51:34:137] INFO instancemanager.StarterPackManager: StarterPack: Spawned bot BlazeWolf (class=25/ELVEN_MAGE, race=ELF, objId=268480991)
[04.05.26 22:51:34:542] INFO instancemanager.StarterPackManager: StarterPack: Attempting to spawn classId=31 name=BlazeStrike
[04.05.26 22:51:34:542] INFO instancemanager.StarterPackManager: StarterPack: classId=31 validated as DARK_FIGHTER race=DARKELF
[04.05.26 22:51:34:546] INFO instancemanager.StarterPackManager: StarterPack: Player.create() returned obj=268481016 for classId=31 name=BlazeStrike
[04.05.26 22:51:34:583] INFO instancemanager.StarterPackManager: StarterPack: initNewChar completed for BlazeStrike result=true
[04.05.26 22:51:34:600] INFO instancemanager.StarterPackManager: StarterPack: Player.restore() returned BlazeStrike for objId=268481016
[04.05.26 22:51:34:610] INFO instancemanager.StarterPackManager: StarterPack: Bot BlazeStrike entered world at 28427,11032,-4232
[04.05.26 22:51:34:610] INFO instancemanager.StarterPackManager: StarterPack: Spawned bot BlazeStrike (class=31/DARK_FIGHTER, race=DARKELF, objId=268481016)
[04.05.26 22:51:35:041] INFO instancemanager.StarterPackManager: StarterPack: Attempting to spawn classId=38 name=BlazeVeil
[04.05.26 22:51:35:041] INFO instancemanager.StarterPackManager: StarterPack: classId=38 validated as DARK_MAGE race=DARKELF
[04.05.26 22:51:35:048] INFO instancemanager.StarterPackManager: StarterPack: Player.create() returned obj=268481075 for classId=38 name=BlazeVeil
[04.05.26 22:51:35:118] INFO instancemanager.StarterPackManager: StarterPack: initNewChar completed for BlazeVeil result=true
[04.05.26 22:51:35:136] INFO instancemanager.StarterPackManager: StarterPack: Player.restore() returned BlazeVeil for objId=268481075
[04.05.26 22:51:35:148] INFO instancemanager.StarterPackManager: StarterPack: Bot BlazeVeil entered world at 28381,11038,-4232
[04.05.26 22:51:35:148] INFO instancemanager.StarterPackManager: StarterPack: Spawned bot BlazeVeil (class=38/DARK_MAGE, race=DARKELF, objId=268481075)
[04.05.26 22:51:35:541] INFO instancemanager.StarterPackManager: StarterPack: Attempting to spawn classId=44 name=BlazeWisp
[04.05.26 22:51:35:541] INFO instancemanager.StarterPackManager: StarterPack: classId=44 validated as ORC_FIGHTER race=ORC
[04.05.26 22:51:35:544] INFO instancemanager.StarterPackManager: StarterPack: Player.create() returned obj=268481110 for classId=44 name=BlazeWisp
[04.05.26 22:51:35:588] INFO instancemanager.StarterPackManager: StarterPack: initNewChar completed for BlazeWisp result=true
[04.05.26 22:51:35:611] INFO instancemanager.StarterPackManager: StarterPack: Player.restore() returned BlazeWisp for objId=268481110
[04.05.26 22:51:35:626] INFO instancemanager.StarterPackManager: StarterPack: Bot BlazeWisp entered world at -56736,-113558,-672
[04.05.26 22:51:35:626] INFO instancemanager.StarterPackManager: StarterPack: Spawned bot BlazeWisp (class=44/ORC_FIGHTER, race=ORC, objId=268481110)
[04.05.26 22:51:36:042] INFO instancemanager.StarterPackManager: StarterPack: Attempting to spawn classId=49 name=BlazeGloom
[04.05.26 22:51:36:042] INFO instancemanager.StarterPackManager: StarterPack: classId=49 validated as ORC_MAGE race=ORC
[04.05.26 22:51:36:049] INFO instancemanager.StarterPackManager: StarterPack: Player.create() returned obj=268481155 for classId=49 name=BlazeGloom
[04.05.26 22:51:36:144] INFO instancemanager.StarterPackManager: StarterPack: initNewChar completed for BlazeGloom result=true
[04.05.26 22:51:36:160] INFO instancemanager.StarterPackManager: StarterPack: Player.restore() returned BlazeGloom for objId=268481155
[04.05.26 22:51:36:170] INFO instancemanager.StarterPackManager: StarterPack: Bot BlazeGloom entered world at -56761,-113646,-672
[04.05.26 22:51:36:171] INFO instancemanager.StarterPackManager: StarterPack: Spawned bot BlazeGloom (class=49/ORC_MAGE, race=ORC, objId=268481155)
[04.05.26 22:51:36:541] INFO instancemanager.StarterPackManager: StarterPack: Attempting to spawn classId=53 name=BlazeStone
[04.05.26 22:51:36:541] INFO instancemanager.StarterPackManager: StarterPack: classId=53 validated as DWARVEN_FIGHTER race=DWARF
[04.05.26 22:51:36:547] INFO instancemanager.StarterPackManager: StarterPack: Player.create() returned obj=268481189 for classId=53 name=BlazeStone
[04.05.26 22:51:36:607] INFO instancemanager.StarterPackManager: StarterPack: initNewChar completed for BlazeStone result=true
[04.05.26 22:51:36:624] INFO instancemanager.StarterPackManager: StarterPack: Player.restore() returned BlazeStone for objId=268481189
[04.05.26 22:51:36:634] INFO instancemanager.StarterPackManager: StarterPack: Bot BlazeStone entered world at 108543,-174077,-408
[04.05.26 22:51:36:634] INFO instancemanager.StarterPackManager: StarterPack: Spawned bot BlazeStone (class=53/DWARVEN_FIGHTER, race=DWARF, objId=268481189)
[04.05.26 22:51:37:042] INFO instancemanager.StarterPackManager: StarterPack: Attempting to spawn classId=0 name=BlazeCrown
[04.05.26 22:51:37:042] INFO instancemanager.StarterPackManager: StarterPack: classId=0 validated as HUMAN_FIGHTER race=HUMAN
[04.05.26 22:51:37:048] INFO instancemanager.StarterPackManager: StarterPack: Player.create() returned obj=268481240 for classId=0 name=BlazeCrown
[04.05.26 22:51:37:092] INFO instancemanager.StarterPackManager: StarterPack: initNewChar completed for BlazeCrown result=true
[04.05.26 22:51:37:110] INFO instancemanager.StarterPackManager: StarterPack: Player.restore() returned BlazeCrown for objId=268481240
[04.05.26 22:51:37:121] INFO instancemanager.StarterPackManager: StarterPack: Bot BlazeCrown entered world at -71351,258361,-3064
[04.05.26 22:51:37:121] INFO instancemanager.StarterPackManager: StarterPack: Spawned bot BlazeCrown (class=0/HUMAN_FIGHTER, race=HUMAN, objId=268481240)
[04.05.26 22:51:37:542] INFO instancemanager.StarterPackManager: StarterPack: Attempting to spawn classId=10 name=BlazeThorn
[04.05.26 22:51:37:542] INFO instancemanager.StarterPackManager: StarterPack: classId=10 validated as HUMAN_MAGE race=HUMAN
[04.05.26 22:51:37:548] INFO instancemanager.StarterPackManager: StarterPack: Player.create() returned obj=268481279 for classId=10 name=BlazeThorn
[04.05.26 22:51:37:602] INFO instancemanager.StarterPackManager: StarterPack: initNewChar completed for BlazeThorn result=true
[04.05.26 22:51:37:618] INFO instancemanager.StarterPackManager: StarterPack: Player.restore() returned BlazeThorn for objId=268481279
[04.05.26 22:51:37:628] INFO instancemanager.StarterPackManager: StarterPack: Bot BlazeThorn entered world at -90924,248061,-3568
[04.05.26 22:51:37:628] INFO instancemanager.StarterPackManager: StarterPack: Spawned bot BlazeThorn (class=10/HUMAN_MAGE, race=HUMAN, objId=268481279)
[04.05.26 22:51:38:043] INFO instancemanager.StarterPackManager: StarterPack: Attempting to spawn classId=18 name=BlazeSpark
[04.05.26 22:51:38:043] INFO instancemanager.StarterPackManager: StarterPack: classId=18 validated as ELVEN_FIGHTER race=ELF
[04.05.26 22:51:38:047] INFO instancemanager.StarterPackManager: StarterPack: Player.create() returned obj=268481325 for classId=18 name=BlazeSpark
[04.05.26 22:51:38:104] INFO instancemanager.StarterPackManager: StarterPack: initNewChar completed for BlazeSpark result=true
[04.05.26 22:51:38:122] INFO instancemanager.StarterPackManager: StarterPack: Player.restore() returned BlazeSpark for objId=268481325
[04.05.26 22:51:38:134] INFO instancemanager.StarterPackManager: StarterPack: Bot BlazeSpark entered world at 46128,41222,-3504
[04.05.26 22:51:38:134] INFO instancemanager.StarterPackManager: StarterPack: Spawned bot BlazeSpark (class=18/ELVEN_FIGHTER, race=ELF, objId=268481325)
[04.05.26 22:51:38:542] INFO instancemanager.StarterPackManager: StarterPack: Attempting to spawn classId=25 name=BlazeFlash
[04.05.26 22:51:38:542] INFO instancemanager.StarterPackManager: StarterPack: classId=25 validated as ELVEN_MAGE race=ELF
[04.05.26 22:51:38:546] INFO instancemanager.StarterPackManager: StarterPack: Player.create() returned obj=268481366 for classId=25 name=BlazeFlash
[04.05.26 22:51:38:610] INFO instancemanager.StarterPackManager: StarterPack: initNewChar completed for BlazeFlash result=true
[04.05.26 22:51:38:627] INFO instancemanager.StarterPackManager: StarterPack: Player.restore() returned BlazeFlash for objId=268481366
[04.05.26 22:51:38:640] INFO instancemanager.StarterPackManager: StarterPack: Bot BlazeFlash entered world at 46123,41172,-3504
[04.05.26 22:51:38:640] INFO instancemanager.StarterPackManager: StarterPack: Spawned bot BlazeFlash (class=25/ELVEN_MAGE, race=ELF, objId=268481366)
[04.05.26 22:51:39:041] INFO instancemanager.StarterPackManager: StarterPack: Attempting to spawn classId=31 name=BlazeBloom
[04.05.26 22:51:39:041] INFO instancemanager.StarterPackManager: StarterPack: classId=31 validated as DARK_FIGHTER race=DARKELF
[04.05.26 22:51:39:047] INFO instancemanager.StarterPackManager: StarterPack: Player.create() returned obj=268481407 for classId=31 name=BlazeBloom
[04.05.26 22:51:39:088] INFO instancemanager.StarterPackManager: StarterPack: initNewChar completed for BlazeBloom result=true
[04.05.26 22:51:39:103] INFO instancemanager.StarterPackManager: StarterPack: Player.restore() returned BlazeBloom for objId=268481407
[04.05.26 22:51:39:113] INFO instancemanager.StarterPackManager: StarterPack: Bot BlazeBloom entered world at 28380,11001,-4232
[04.05.26 22:51:39:113] INFO instancemanager.StarterPackManager: StarterPack: Spawned bot BlazeBloom (class=31/DARK_FIGHTER, race=DARKELF, objId=268481407)
[04.05.26 22:51:39:541] INFO instancemanager.StarterPackManager: StarterPack: Attempting to spawn classId=38 name=BlazeCreek
[04.05.26 22:51:39:541] INFO instancemanager.StarterPackManager: StarterPack: classId=38 validated as DARK_MAGE race=DARKELF
[04.05.26 22:51:39:548] INFO instancemanager.StarterPackManager: StarterPack: Player.create() returned obj=268481441 for classId=38 name=BlazeCreek
[04.05.26 22:51:39:623] INFO instancemanager.StarterPackManager: StarterPack: initNewChar completed for BlazeCreek result=true
[04.05.26 22:51:39:638] INFO instancemanager.StarterPackManager: StarterPack: Player.restore() returned BlazeCreek for objId=268481441
[04.05.26 22:51:39:651] INFO instancemanager.StarterPackManager: StarterPack: Bot BlazeCreek entered world at 28421,10974,-4232
[04.05.26 22:51:39:651] INFO instancemanager.StarterPackManager: StarterPack: Spawned bot BlazeCreek (class=38/DARK_MAGE, race=DARKELF, objId=268481441)
[04.05.26 22:51:40:041] INFO instancemanager.StarterPackManager: StarterPack: Attempting to spawn classId=44 name=BlazeMarsh
[04.05.26 22:51:40:041] INFO instancemanager.StarterPackManager: StarterPack: classId=44 validated as ORC_FIGHTER race=ORC
[04.05.26 22:51:40:060] INFO instancemanager.StarterPackManager: StarterPack: Player.create() returned obj=268481474 for classId=44 name=BlazeMarsh
[04.05.26 22:51:40:099] INFO instancemanager.StarterPackManager: StarterPack: initNewChar completed for BlazeMarsh result=true
[04.05.26 22:51:40:115] INFO instancemanager.StarterPackManager: StarterPack: Player.restore() returned BlazeMarsh for objId=268481474
[04.05.26 22:51:40:125] INFO instancemanager.StarterPackManager: StarterPack: Bot BlazeMarsh entered world at -56690,-113596,-672
[04.05.26 22:51:40:125] INFO instancemanager.StarterPackManager: StarterPack: Spawned bot BlazeMarsh (class=44/ORC_FIGHTER, race=ORC, objId=268481474)
[04.05.26 22:51:40:541] INFO instancemanager.StarterPackManager: StarterPack: Attempting to spawn classId=49 name=BlazeField
[04.05.26 22:51:40:541] INFO instancemanager.StarterPackManager: StarterPack: classId=49 validated as ORC_MAGE race=ORC
[04.05.26 22:51:40:545] INFO instancemanager.StarterPackManager: StarterPack: Player.create() returned obj=268481507 for classId=49 name=BlazeField
[04.05.26 22:51:40:592] INFO instancemanager.StarterPackManager: StarterPack: initNewChar completed for BlazeField result=true
[04.05.26 22:51:40:608] INFO instancemanager.StarterPackManager: StarterPack: Player.restore() returned BlazeField for objId=268481507
[04.05.26 22:51:40:621] INFO instancemanager.StarterPackManager: StarterPack: Bot BlazeField entered world at -56680,-113570,-672
[04.05.26 22:51:40:621] INFO instancemanager.StarterPackManager: StarterPack: Spawned bot BlazeField (class=49/ORC_MAGE, race=ORC, objId=268481507)
[04.05.26 22:51:41:041] INFO instancemanager.StarterPackManager: StarterPack: Attempting to spawn classId=53 name=BlazeGrove
[04.05.26 22:51:41:041] INFO instancemanager.StarterPackManager: StarterPack: classId=53 validated as DWARVEN_FIGHTER race=DWARF
[04.05.26 22:51:41:047] INFO instancemanager.StarterPackManager: StarterPack: Player.create() returned obj=268481563 for classId=53 name=BlazeGrove
[04.05.26 22:51:41:105] INFO instancemanager.StarterPackManager: StarterPack: initNewChar completed for BlazeGrove result=true
[04.05.26 22:51:41:123] INFO instancemanager.StarterPackManager: StarterPack: Player.restore() returned BlazeGrove for objId=268481563
[04.05.26 22:51:41:132] INFO instancemanager.StarterPackManager: StarterPack: Bot BlazeGrove entered world at 108597,-174049,-408
[04.05.26 22:51:41:132] INFO instancemanager.StarterPackManager: StarterPack: Spawned bot BlazeGrove (class=53/DWARVEN_FIGHTER, race=DWARF, objId=268481563)
[04.05.26 22:51:41:541] INFO instancemanager.StarterPackManager: StarterPack: Attempting to spawn classId=0 name=BlazeCrest
[04.05.26 22:51:41:541] INFO instancemanager.StarterPackManager: StarterPack: classId=0 validated as HUMAN_FIGHTER race=HUMAN
[04.05.26 22:51:41:546] INFO instancemanager.StarterPackManager: StarterPack: Player.create() returned obj=268481613 for classId=0 name=BlazeCrest
[04.05.26 22:51:41:596] INFO instancemanager.StarterPackManager: StarterPack: initNewChar completed for BlazeCrest result=true
[04.05.26 22:51:41:615] INFO instancemanager.StarterPackManager: StarterPack: Player.restore() returned BlazeCrest for objId=268481613
[04.05.26 22:51:41:626] INFO instancemanager.StarterPackManager: StarterPack: Bot BlazeCrest entered world at -71360,258289,-3104
[04.05.26 22:51:41:627] INFO instancemanager.StarterPackManager: StarterPack: Spawned bot BlazeCrest (class=0/HUMAN_FIGHTER, race=HUMAN, objId=268481613)
[04.05.26 22:51:42:042] INFO instancemanager.StarterPackManager: StarterPack: Attempting to spawn classId=10 name=BlazeRidge
[04.05.26 22:51:42:042] INFO instancemanager.StarterPackManager: StarterPack: classId=10 validated as HUMAN_MAGE race=HUMAN
[04.05.26 22:51:42:050] INFO instancemanager.StarterPackManager: StarterPack: Player.create() returned obj=268481638 for classId=10 name=BlazeRidge
[04.05.26 22:51:42:100] INFO instancemanager.StarterPackManager: StarterPack: initNewChar completed for BlazeRidge result=true
[04.05.26 22:51:42:117] INFO instancemanager.StarterPackManager: StarterPack: Player.restore() returned BlazeRidge for objId=268481638
[04.05.26 22:51:42:127] INFO instancemanager.StarterPackManager: StarterPack: Bot BlazeRidge entered world at -90888,248108,-3568
[04.05.26 22:51:42:127] INFO instancemanager.StarterPackManager: StarterPack: Spawned bot BlazeRidge (class=10/HUMAN_MAGE, race=HUMAN, objId=268481638)
[04.05.26 22:51:42:541] INFO instancemanager.StarterPackManager: StarterPack: Attempting to spawn classId=18 name=BlazeDrake
[04.05.26 22:51:42:541] INFO instancemanager.StarterPackManager: StarterPack: classId=18 validated as ELVEN_FIGHTER race=ELF
[04.05.26 22:51:42:547] INFO instancemanager.StarterPackManager: StarterPack: Player.create() returned obj=268481681 for classId=18 name=BlazeDrake
[04.05.26 22:51:42:596] INFO instancemanager.StarterPackManager: StarterPack: initNewChar completed for BlazeDrake result=true
[04.05.26 22:51:42:613] INFO instancemanager.StarterPackManager: StarterPack: Player.restore() returned BlazeDrake for objId=268481681
[04.05.26 22:51:42:624] INFO instancemanager.StarterPackManager: StarterPack: Bot BlazeDrake entered world at 46091,41170,-3504
[04.05.26 22:51:42:624] INFO instancemanager.StarterPackManager: StarterPack: Spawned bot BlazeDrake (class=18/ELVEN_FIGHTER, race=ELF, objId=268481681)
[04.05.26 22:51:43:041] INFO instancemanager.StarterPackManager: StarterPack: Attempting to spawn classId=25 name=BlazeSerpent
[04.05.26 22:51:43:041] INFO instancemanager.StarterPackManager: StarterPack: classId=25 validated as ELVEN_MAGE race=ELF
[04.05.26 22:51:43:046] INFO instancemanager.StarterPackManager: StarterPack: Player.create() returned obj=268481724 for classId=25 name=BlazeSerpent
[04.05.26 22:51:43:104] INFO instancemanager.StarterPackManager: StarterPack: initNewChar completed for BlazeSerpent result=true
[04.05.26 22:51:43:121] INFO instancemanager.StarterPackManager: StarterPack: Player.restore() returned BlazeSerpent for objId=268481724
[04.05.26 22:51:43:135] INFO instancemanager.StarterPackManager: StarterPack: Bot BlazeSerpent entered world at 46048,41151,-3504
[04.05.26 22:51:43:135] INFO instancemanager.StarterPackManager: StarterPack: Spawned bot BlazeSerpent (class=25/ELVEN_MAGE, race=ELF, objId=268481724)
[04.05.26 22:51:43:541] INFO instancemanager.StarterPackManager: StarterPack: Attempting to spawn classId=31 name=SkullBlade
[04.05.26 22:51:43:541] INFO instancemanager.StarterPackManager: StarterPack: classId=31 validated as DARK_FIGHTER race=DARKELF
[04.05.26 22:51:43:545] INFO instancemanager.StarterPackManager: StarterPack: Player.create() returned obj=268481741 for classId=31 name=SkullBlade
[04.05.26 22:51:43:582] INFO instancemanager.StarterPackManager: StarterPack: initNewChar completed for SkullBlade result=true
[04.05.26 22:51:43:599] INFO instancemanager.StarterPackManager: StarterPack: Player.restore() returned SkullBlade for objId=268481741
[04.05.26 22:51:43:609] INFO instancemanager.StarterPackManager: StarterPack: Bot SkullBlade entered world at 28393,11031,-4232
[04.05.26 22:51:43:609] INFO instancemanager.StarterPackManager: StarterPack: Spawned bot SkullBlade (class=31/DARK_FIGHTER, race=DARKELF, objId=268481741)
[04.05.26 22:51:44:042] INFO instancemanager.StarterPackManager: StarterPack: Attempting to spawn classId=38 name=SkullFang
[04.05.26 22:51:44:042] INFO instancemanager.StarterPackManager: StarterPack: classId=38 validated as DARK_MAGE race=DARKELF
[04.05.26 22:51:44:048] INFO instancemanager.StarterPackManager: StarterPack: Player.create() returned obj=268481765 for classId=38 name=SkullFang
[04.05.26 22:51:44:114] INFO instancemanager.StarterPackManager: StarterPack: initNewChar completed for SkullFang result=true
[04.05.26 22:51:44:131] INFO instancemanager.StarterPackManager: StarterPack: Player.restore() returned SkullFang for objId=268481765
[04.05.26 22:51:44:141] INFO instancemanager.StarterPackManager: StarterPack: Bot SkullFang entered world at 28382,10991,-4232
[04.05.26 22:51:44:141] INFO instancemanager.StarterPackManager: StarterPack: Spawned bot SkullFang (class=38/DARK_MAGE, race=DARKELF, objId=268481765)
[04.05.26 22:51:44:541] INFO instancemanager.StarterPackManager: StarterPack: Attempting to spawn classId=44 name=SkullEdge
[04.05.26 22:51:44:541] INFO instancemanager.StarterPackManager: StarterPack: classId=44 validated as ORC_FIGHTER race=ORC
[04.05.26 22:51:44:545] INFO instancemanager.StarterPackManager: StarterPack: Player.create() returned obj=268481791 for classId=44 name=SkullEdge
[04.05.26 22:51:44:602] INFO instancemanager.StarterPackManager: StarterPack: initNewChar completed for SkullEdge result=true
[04.05.26 22:51:44:620] INFO instancemanager.StarterPackManager: StarterPack: Player.restore() returned SkullEdge for objId=268481791
[04.05.26 22:51:44:632] INFO instancemanager.StarterPackManager: StarterPack: Bot SkullEdge entered world at -56765,-113620,-672
[04.05.26 22:51:44:632] INFO instancemanager.StarterPackManager: StarterPack: Spawned bot SkullEdge (class=44/ORC_FIGHTER, race=ORC, objId=268481791)
[04.05.26 22:51:45:042] INFO instancemanager.StarterPackManager: StarterPack: Attempting to spawn classId=49 name=SkullCore
[04.05.26 22:51:45:042] INFO instancemanager.StarterPackManager: StarterPack: classId=49 validated as ORC_MAGE race=ORC
[04.05.26 22:51:45:047] INFO instancemanager.StarterPackManager: StarterPack: Player.create() returned obj=268481816 for classId=49 name=SkullCore
[04.05.26 22:51:45:090] INFO instancemanager.StarterPackManager: StarterPack: initNewChar completed for SkullCore result=true
[04.05.26 22:51:45:107] INFO instancemanager.StarterPackManager: StarterPack: Player.restore() returned SkullCore for objId=268481816
[04.05.26 22:51:45:123] INFO instancemanager.StarterPackManager: StarterPack: Bot SkullCore entered world at -56713,-113558,-672
[04.05.26 22:51:45:123] INFO instancemanager.StarterPackManager: StarterPack: Spawned bot SkullCore (class=49/ORC_MAGE, race=ORC, objId=268481816)
[04.05.26 22:51:45:541] INFO instancemanager.StarterPackManager: StarterPack: Attempting to spawn classId=53 name=SkullZone
[04.05.26 22:51:45:541] INFO instancemanager.StarterPackManager: StarterPack: classId=53 validated as DWARVEN_FIGHTER race=DWARF
[04.05.26 22:51:45:552] INFO instancemanager.StarterPackManager: StarterPack: Player.create() returned obj=268481834 for classId=53 name=SkullZone
[04.05.26 22:51:45:610] INFO instancemanager.StarterPackManager: StarterPack: initNewChar completed for SkullZone result=true
[04.05.26 22:51:45:627] INFO instancemanager.StarterPackManager: StarterPack: Player.restore() returned SkullZone for objId=268481834
[04.05.26 22:51:45:640] INFO instancemanager.StarterPackManager: StarterPack: Bot SkullZone entered world at 108578,-174012,-408
[04.05.26 22:51:45:640] INFO instancemanager.StarterPackManager: StarterPack: Spawned bot SkullZone (class=53/DWARVEN_FIGHTER, race=DWARF, objId=268481834)
[04.05.26 22:51:46:042] INFO instancemanager.StarterPackManager: StarterPack: Attempting to spawn classId=0 name=SkullClaw
[04.05.26 22:51:46:042] INFO instancemanager.StarterPackManager: StarterPack: classId=0 validated as HUMAN_FIGHTER race=HUMAN
[04.05.26 22:51:46:048] INFO instancemanager.StarterPackManager: StarterPack: Player.create() returned obj=268481852 for classId=0 name=SkullClaw
[04.05.26 22:51:46:087] INFO instancemanager.StarterPackManager: StarterPack: initNewChar completed for SkullClaw result=true
[04.05.26 22:51:46:103] INFO instancemanager.StarterPackManager: StarterPack: Player.restore() returned SkullClaw for objId=268481852
[04.05.26 22:51:46:114] INFO instancemanager.StarterPackManager: StarterPack: Bot SkullClaw entered world at -71381,258296,-3104
[04.05.26 22:51:46:114] INFO instancemanager.StarterPackManager: StarterPack: Spawned bot SkullClaw (class=0/HUMAN_FIGHTER, race=HUMAN, objId=268481852)
[04.05.26 22:51:46:542] INFO instancemanager.StarterPackManager: StarterPack: Attempting to spawn classId=10 name=SkullSoul
[04.05.26 22:51:46:542] INFO instancemanager.StarterPackManager: StarterPack: classId=10 validated as HUMAN_MAGE race=HUMAN
[04.05.26 22:51:46:549] INFO instancemanager.StarterPackManager: StarterPack: Player.create() returned obj=268481876 for classId=10 name=SkullSoul
[04.05.26 22:51:46:611] INFO instancemanager.StarterPackManager: StarterPack: initNewChar completed for SkullSoul result=true
[04.05.26 22:51:46:629] INFO instancemanager.StarterPackManager: StarterPack: Player.restore() returned SkullSoul for objId=268481876
[04.05.26 22:51:46:638] INFO instancemanager.StarterPackManager: StarterPack: Bot SkullSoul entered world at -90880,248071,-3568
[04.05.26 22:51:46:638] INFO instancemanager.StarterPackManager: StarterPack: Spawned bot SkullSoul (class=10/HUMAN_MAGE, race=HUMAN, objId=268481876)
[04.05.26 22:51:47:041] INFO instancemanager.StarterPackManager: StarterPack: Attempting to spawn classId=18 name=SkullStar
[04.05.26 22:51:47:041] INFO instancemanager.StarterPackManager: StarterPack: classId=18 validated as ELVEN_FIGHTER race=ELF
[04.05.26 22:51:47:047] INFO instancemanager.StarterPackManager: StarterPack: Player.create() returned obj=268481903 for classId=18 name=SkullStar
[04.05.26 22:51:47:096] INFO instancemanager.StarterPackManager: StarterPack: initNewChar completed for SkullStar result=true
[04.05.26 22:51:47:115] INFO instancemanager.StarterPackManager: StarterPack: Player.restore() returned SkullStar for objId=268481903
[04.05.26 22:51:47:128] INFO instancemanager.StarterPackManager: StarterPack: Bot SkullStar entered world at 46050,41175,-3504
[04.05.26 22:51:47:128] INFO instancemanager.StarterPackManager: StarterPack: Spawned bot SkullStar (class=18/ELVEN_FIGHTER, race=ELF, objId=268481903)
[04.05.26 22:51:47:541] INFO instancemanager.StarterPackManager: StarterPack: Attempting to spawn classId=25 name=SkullFire
[04.05.26 22:51:47:541] INFO instancemanager.StarterPackManager: StarterPack: classId=25 validated as ELVEN_MAGE race=ELF
[04.05.26 22:51:47:547] INFO instancemanager.StarterPackManager: StarterPack: Player.create() returned obj=268481921 for classId=25 name=SkullFire
[04.05.26 22:51:47:599] INFO instancemanager.StarterPackManager: StarterPack: initNewChar completed for SkullFire result=true
[04.05.26 22:51:47:615] INFO instancemanager.StarterPackManager: StarterPack: Player.restore() returned SkullFire for objId=268481921
[04.05.26 22:51:47:626] INFO instancemanager.StarterPackManager: StarterPack: Bot SkullFire entered world at 46129,41240,-3504
[04.05.26 22:51:47:626] INFO instancemanager.StarterPackManager: StarterPack: Spawned bot SkullFire (class=25/ELVEN_MAGE, race=ELF, objId=268481921)
[04.05.26 22:51:48:042] INFO instancemanager.StarterPackManager: StarterPack: Attempting to spawn classId=31 name=SkullWind
[04.05.26 22:51:48:042] INFO instancemanager.StarterPackManager: StarterPack: classId=31 validated as DARK_FIGHTER race=DARKELF
[04.05.26 22:51:48:049] INFO instancemanager.StarterPackManager: StarterPack: Player.create() returned obj=268481941 for classId=31 name=SkullWind
[04.05.26 22:51:48:108] INFO instancemanager.StarterPackManager: StarterPack: initNewChar completed for SkullWind result=true
[04.05.26 22:51:48:125] INFO instancemanager.StarterPackManager: StarterPack: Player.restore() returned SkullWind for objId=268481941
[04.05.26 22:51:48:137] INFO instancemanager.StarterPackManager: StarterPack: Bot SkullWind entered world at 28340,11044,-4232
[04.05.26 22:51:48:138] INFO instancemanager.StarterPackManager: StarterPack: Spawned bot SkullWind (class=31/DARK_FIGHTER, race=DARKELF, objId=268481941)
[04.05.26 22:51:48:542] INFO instancemanager.StarterPackManager: StarterPack: Attempting to spawn classId=38 name=SkullRage
[04.05.26 22:51:48:542] INFO instancemanager.StarterPackManager: StarterPack: classId=38 validated as DARK_MAGE race=DARKELF
[04.05.26 22:51:48:548] INFO instancemanager.StarterPackManager: StarterPack: Player.create() returned obj=268481961 for classId=38 name=SkullRage
[04.05.26 22:51:48:603] INFO instancemanager.StarterPackManager: StarterPack: initNewChar completed for SkullRage result=true
[04.05.26 22:51:48:618] INFO instancemanager.StarterPackManager: StarterPack: Player.restore() returned SkullRage for objId=268481961
[04.05.26 22:51:48:632] INFO instancemanager.StarterPackManager: StarterPack: Bot SkullRage entered world at 28415,11036,-4232
[04.05.26 22:51:48:632] INFO instancemanager.StarterPackManager: StarterPack: Spawned bot SkullRage (class=38/DARK_MAGE, race=DARKELF, objId=268481961)
[04.05.26 22:51:49:041] INFO instancemanager.StarterPackManager: StarterPack: Attempting to spawn classId=44 name=SkullHawk
[04.05.26 22:51:49:041] INFO instancemanager.StarterPackManager: StarterPack: classId=44 validated as ORC_FIGHTER race=ORC
[04.05.26 22:51:49:049] INFO instancemanager.StarterPackManager: StarterPack: Player.create() returned obj=268481991 for classId=44 name=SkullHawk
[04.05.26 22:51:49:102] INFO instancemanager.StarterPackManager: StarterPack: initNewChar completed for SkullHawk result=true
[04.05.26 22:51:49:118] INFO instancemanager.StarterPackManager: StarterPack: Player.restore() returned SkullHawk for objId=268481991
[04.05.26 22:51:49:129] INFO instancemanager.StarterPackManager: StarterPack: Bot SkullHawk entered world at -56677,-113561,-672
[04.05.26 22:51:49:129] INFO instancemanager.StarterPackManager: StarterPack: Spawned bot SkullHawk (class=44/ORC_FIGHTER, race=ORC, objId=268481991)
[04.05.26 22:51:49:542] INFO instancemanager.StarterPackManager: StarterPack: Attempting to spawn classId=49 name=SkullWolf
[04.05.26 22:51:49:543] INFO instancemanager.StarterPackManager: StarterPack: classId=49 validated as ORC_MAGE race=ORC
[04.05.26 22:51:49:547] INFO instancemanager.StarterPackManager: StarterPack: Player.create() returned obj=268482011 for classId=49 name=SkullWolf
[04.05.26 22:51:49:614] INFO instancemanager.StarterPackManager: StarterPack: initNewChar completed for SkullWolf result=true
[04.05.26 22:51:49:632] INFO instancemanager.StarterPackManager: StarterPack: Player.restore() returned SkullWolf for objId=268482011
[04.05.26 22:51:49:644] INFO instancemanager.StarterPackManager: StarterPack: Bot SkullWolf entered world at -56709,-113618,-672
[04.05.26 22:51:49:645] INFO instancemanager.StarterPackManager: StarterPack: Spawned bot SkullWolf (class=49/ORC_MAGE, race=ORC, objId=268482011)
[04.05.26 22:51:50:041] INFO instancemanager.StarterPackManager: StarterPack: Attempting to spawn classId=53 name=SkullStrike
[04.05.26 22:51:50:041] INFO instancemanager.StarterPackManager: StarterPack: classId=53 validated as DWARVEN_FIGHTER race=DWARF
[04.05.26 22:51:50:046] INFO instancemanager.StarterPackManager: StarterPack: Player.create() returned obj=268482024 for classId=53 name=SkullStrike
[04.05.26 22:51:50:084] INFO instancemanager.StarterPackManager: StarterPack: initNewChar completed for SkullStrike result=true
[04.05.26 22:51:50:100] INFO instancemanager.StarterPackManager: StarterPack: Player.restore() returned SkullStrike for objId=268482024
[04.05.26 22:51:50:109] INFO instancemanager.StarterPackManager: StarterPack: Bot SkullStrike entered world at 108627,-173990,-408
[04.05.26 22:51:50:110] INFO instancemanager.StarterPackManager: StarterPack: Spawned bot SkullStrike (class=53/DWARVEN_FIGHTER, race=DWARF, objId=268482024)
[04.05.26 22:51:50:542] INFO instancemanager.StarterPackManager: StarterPack: Attempting to spawn classId=0 name=SkullVeil
[04.05.26 22:51:50:542] INFO instancemanager.StarterPackManager: StarterPack: classId=0 validated as HUMAN_FIGHTER race=HUMAN
[04.05.26 22:51:50:548] INFO instancemanager.StarterPackManager: StarterPack: Player.create() returned obj=268482046 for classId=0 name=SkullVeil
[04.05.26 22:51:50:611] INFO instancemanager.StarterPackManager: StarterPack: initNewChar completed for SkullVeil result=true
[04.05.26 22:51:50:627] INFO instancemanager.StarterPackManager: StarterPack: Player.restore() returned SkullVeil for objId=268482046
[04.05.26 22:51:50:637] INFO instancemanager.StarterPackManager: StarterPack: Bot SkullVeil entered world at -71433,258365,-3104
[04.05.26 22:51:50:637] INFO instancemanager.StarterPackManager: StarterPack: Spawned bot SkullVeil (class=0/HUMAN_FIGHTER, race=HUMAN, objId=268482046)
[04.05.26 22:51:51:041] INFO instancemanager.StarterPackManager: StarterPack: Attempting to spawn classId=10 name=SkullWisp
[04.05.26 22:51:51:042] INFO instancemanager.StarterPackManager: StarterPack: classId=10 validated as HUMAN_MAGE race=HUMAN
[04.05.26 22:51:51:046] INFO instancemanager.StarterPackManager: StarterPack: Player.create() returned obj=268482073 for classId=10 name=SkullWisp
[04.05.26 22:51:51:096] INFO instancemanager.StarterPackManager: StarterPack: initNewChar completed for SkullWisp result=true
[04.05.26 22:51:51:114] INFO instancemanager.StarterPackManager: StarterPack: Player.restore() returned SkullWisp for objId=268482073
[04.05.26 22:51:51:126] INFO instancemanager.StarterPackManager: StarterPack: Bot SkullWisp entered world at -90863,248077,-3568
[04.05.26 22:51:51:126] INFO instancemanager.StarterPackManager: StarterPack: Spawned bot SkullWisp (class=10/HUMAN_MAGE, race=HUMAN, objId=268482073)
[04.05.26 22:51:51:542] INFO instancemanager.StarterPackManager: StarterPack: Attempting to spawn classId=18 name=SkullGloom
[04.05.26 22:51:51:542] INFO instancemanager.StarterPackManager: StarterPack: classId=18 validated as ELVEN_FIGHTER race=ELF
[04.05.26 22:51:51:548] INFO instancemanager.StarterPackManager: StarterPack: Player.create() returned obj=268482092 for classId=18 name=SkullGloom
[04.05.26 22:51:51:600] INFO instancemanager.StarterPackManager: StarterPack: initNewChar completed for SkullGloom result=true
[04.05.26 22:51:51:616] INFO instancemanager.StarterPackManager: StarterPack: Player.restore() returned SkullGloom for objId=268482092
[04.05.26 22:51:51:627] INFO instancemanager.StarterPackManager: StarterPack: Bot SkullGloom entered world at 46087,41190,-3504
[04.05.26 22:51:51:627] INFO instancemanager.StarterPackManager: StarterPack: Spawned bot SkullGloom (class=18/ELVEN_FIGHTER, race=ELF, objId=268482092)
[04.05.26 22:51:52:042] INFO instancemanager.StarterPackManager: StarterPack: Attempting to spawn classId=25 name=SkullStone
[04.05.26 22:51:52:042] INFO instancemanager.StarterPackManager: StarterPack: classId=25 validated as ELVEN_MAGE race=ELF
[04.05.26 22:51:52:047] INFO instancemanager.StarterPackManager: StarterPack: Player.create() returned obj=268482114 for classId=25 name=SkullStone
[04.05.26 22:51:52:117] INFO instancemanager.StarterPackManager: StarterPack: initNewChar completed for SkullStone result=true
[04.05.26 22:51:52:136] INFO instancemanager.StarterPackManager: StarterPack: Player.restore() returned SkullStone for objId=268482114
[04.05.26 22:51:52:149] INFO instancemanager.StarterPackManager: StarterPack: Bot SkullStone entered world at 46089,41216,-3504
[04.05.26 22:51:52:149] INFO instancemanager.StarterPackManager: StarterPack: Spawned bot SkullStone (class=25/ELVEN_MAGE, race=ELF, objId=268482114)
[04.05.26 22:51:52:542] INFO instancemanager.StarterPackManager: StarterPack: Attempting to spawn classId=31 name=SkullCrown
[04.05.26 22:51:52:542] INFO instancemanager.StarterPackManager: StarterPack: classId=31 validated as DARK_FIGHTER race=DARKELF
[04.05.26 22:51:52:548] INFO instancemanager.StarterPackManager: StarterPack: Player.create() returned obj=268482132 for classId=31 name=SkullCrown
[04.05.26 22:51:52:598] INFO instancemanager.StarterPackManager: StarterPack: initNewChar completed for SkullCrown result=true
[04.05.26 22:51:52:615] INFO instancemanager.StarterPackManager: StarterPack: Player.restore() returned SkullCrown for objId=268482132
[04.05.26 22:51:52:628] INFO instancemanager.StarterPackManager: StarterPack: Bot SkullCrown entered world at 28342,10983,-4232
[04.05.26 22:51:52:628] INFO instancemanager.StarterPackManager: StarterPack: Spawned bot SkullCrown (class=31/DARK_FIGHTER, race=DARKELF, objId=268482132)
[04.05.26 22:51:53:042] INFO instancemanager.StarterPackManager: StarterPack: Attempting to spawn classId=38 name=SkullThorn
[04.05.26 22:51:53:042] INFO instancemanager.StarterPackManager: StarterPack: classId=38 validated as DARK_MAGE race=DARKELF
[04.05.26 22:51:53:048] INFO instancemanager.StarterPackManager: StarterPack: Player.create() returned obj=268482162 for classId=38 name=SkullThorn
[04.05.26 22:51:53:116] INFO instancemanager.StarterPackManager: StarterPack: initNewChar completed for SkullThorn result=true
[04.05.26 22:51:53:133] INFO instancemanager.StarterPackManager: StarterPack: Player.restore() returned SkullThorn for objId=268482162
[04.05.26 22:51:53:144] INFO instancemanager.StarterPackManager: StarterPack: Bot SkullThorn entered world at 28335,11043,-4232
[04.05.26 22:51:53:144] INFO instancemanager.StarterPackManager: StarterPack: Spawned bot SkullThorn (class=38/DARK_MAGE, race=DARKELF, objId=268482162)
[04.05.26 22:51:53:542] INFO instancemanager.StarterPackManager: StarterPack: Attempting to spawn classId=44 name=SkullSpark
[04.05.26 22:51:53:542] INFO instancemanager.StarterPackManager: StarterPack: classId=44 validated as ORC_FIGHTER race=ORC
[04.05.26 22:51:53:547] INFO instancemanager.StarterPackManager: StarterPack: Player.create() returned obj=268482178 for classId=44 name=SkullSpark
[04.05.26 22:51:53:600] INFO instancemanager.StarterPackManager: StarterPack: initNewChar completed for SkullSpark result=true
[04.05.26 22:51:53:617] INFO instancemanager.StarterPackManager: StarterPack: Player.restore() returned SkullSpark for objId=268482178
[04.05.26 22:51:53:631] INFO instancemanager.StarterPackManager: StarterPack: Bot SkullSpark entered world at -56694,-113629,-672
[04.05.26 22:51:53:631] INFO instancemanager.StarterPackManager: StarterPack: Spawned bot SkullSpark (class=44/ORC_FIGHTER, race=ORC, objId=268482178)
[04.05.26 22:51:54:041] INFO instancemanager.StarterPackManager: StarterPack: Attempting to spawn classId=49 name=SkullFlash
[04.05.26 22:51:54:041] INFO instancemanager.StarterPackManager: StarterPack: classId=49 validated as ORC_MAGE race=ORC
[04.05.26 22:51:54:047] INFO instancemanager.StarterPackManager: StarterPack: Player.create() returned obj=268482199 for classId=49 name=SkullFlash
[04.05.26 22:51:54:094] INFO instancemanager.StarterPackManager: StarterPack: initNewChar completed for SkullFlash result=true
[04.05.26 22:51:54:112] INFO instancemanager.StarterPackManager: StarterPack: Player.restore() returned SkullFlash for objId=268482199
[04.05.26 22:51:54:123] INFO instancemanager.StarterPackManager: StarterPack: Bot SkullFlash entered world at -56732,-113589,-672
[04.05.26 22:51:54:123] INFO instancemanager.StarterPackManager: StarterPack: Spawned bot SkullFlash (class=49/ORC_MAGE, race=ORC, objId=268482199)
[04.05.26 22:51:54:541] INFO instancemanager.StarterPackManager: StarterPack: Attempting to spawn classId=53 name=SkullBloom
[04.05.26 22:51:54:541] INFO instancemanager.StarterPackManager: StarterPack: classId=53 validated as DWARVEN_FIGHTER race=DWARF
[04.05.26 22:51:54:548] INFO instancemanager.StarterPackManager: StarterPack: Player.create() returned obj=268482224 for classId=53 name=SkullBloom
[04.05.26 22:51:54:600] INFO instancemanager.StarterPackManager: StarterPack: initNewChar completed for SkullBloom result=true
[04.05.26 22:51:54:615] INFO instancemanager.StarterPackManager: StarterPack: Player.restore() returned SkullBloom for objId=268482224
[04.05.26 22:51:54:624] INFO instancemanager.StarterPackManager: StarterPack: Bot SkullBloom entered world at 108580,-174049,-408
[04.05.26 22:51:54:624] INFO instancemanager.StarterPackManager: StarterPack: Spawned bot SkullBloom (class=53/DWARVEN_FIGHTER, race=DWARF, objId=268482224)
[04.05.26 22:51:55:041] INFO instancemanager.StarterPackManager: StarterPack: Attempting to spawn classId=0 name=SkullCreek
[04.05.26 22:51:55:041] INFO instancemanager.StarterPackManager: StarterPack: classId=0 validated as HUMAN_FIGHTER race=HUMAN
[04.05.26 22:51:55:046] INFO instancemanager.StarterPackManager: StarterPack: Player.create() returned obj=268482255 for classId=0 name=SkullCreek
[04.05.26 22:51:55:102] INFO instancemanager.StarterPackManager: StarterPack: initNewChar completed for SkullCreek result=true
[04.05.26 22:51:55:118] INFO instancemanager.StarterPackManager: StarterPack: Player.restore() returned SkullCreek for objId=268482255
[04.05.26 22:51:55:132] INFO instancemanager.StarterPackManager: StarterPack: Bot SkullCreek entered world at -71450,258291,-3104
[04.05.26 22:51:55:132] INFO instancemanager.StarterPackManager: StarterPack: Spawned bot SkullCreek (class=0/HUMAN_FIGHTER, race=HUMAN, objId=268482255)
[04.05.26 22:51:55:542] INFO instancemanager.StarterPackManager: StarterPack: Attempting to spawn classId=10 name=SkullMarsh
[04.05.26 22:51:55:542] INFO instancemanager.StarterPackManager: StarterPack: classId=10 validated as HUMAN_MAGE race=HUMAN
[04.05.26 22:51:55:548] INFO instancemanager.StarterPackManager: StarterPack: Player.create() returned obj=268482273 for classId=10 name=SkullMarsh
[04.05.26 22:51:55:607] INFO instancemanager.StarterPackManager: StarterPack: initNewChar completed for SkullMarsh result=true
[04.05.26 22:51:55:626] INFO instancemanager.StarterPackManager: StarterPack: Player.restore() returned SkullMarsh for objId=268482273
[04.05.26 22:51:55:639] INFO instancemanager.StarterPackManager: StarterPack: Bot SkullMarsh entered world at -90928,248043,-3568
[04.05.26 22:51:55:639] INFO instancemanager.StarterPackManager: StarterPack: Spawned bot SkullMarsh (class=10/HUMAN_MAGE, race=HUMAN, objId=268482273)
[04.05.26 22:51:56:042] INFO instancemanager.StarterPackManager: StarterPack: Attempting to spawn classId=18 name=SkullField
[04.05.26 22:51:56:042] INFO instancemanager.StarterPackManager: StarterPack: classId=18 validated as ELVEN_FIGHTER race=ELF
[04.05.26 22:51:56:046] INFO instancemanager.StarterPackManager: StarterPack: Player.create() returned obj=268482291 for classId=18 name=SkullField
[04.05.26 22:51:56:099] INFO instancemanager.StarterPackManager: StarterPack: initNewChar completed for SkullField result=true
[04.05.26 22:51:56:116] INFO instancemanager.StarterPackManager: StarterPack: Player.restore() returned SkullField for objId=268482291
[04.05.26 22:51:56:129] INFO instancemanager.StarterPackManager: StarterPack: Bot SkullField entered world at 46103,41163,-3504
[04.05.26 22:51:56:129] INFO instancemanager.StarterPackManager: StarterPack: Spawned bot SkullField (class=18/ELVEN_FIGHTER, race=ELF, objId=268482291)
[04.05.26 22:51:56:541] INFO instancemanager.StarterPackManager: StarterPack: Attempting to spawn classId=25 name=SkullGrove
[04.05.26 22:51:56:541] INFO instancemanager.StarterPackManager: StarterPack: classId=25 validated as ELVEN_MAGE race=ELF
[04.05.26 22:51:56:548] INFO instancemanager.StarterPackManager: StarterPack: Player.create() returned obj=268482317 for classId=25 name=SkullGrove
[04.05.26 22:51:56:607] INFO instancemanager.StarterPackManager: StarterPack: initNewChar completed for SkullGrove result=true
[04.05.26 22:51:56:625] INFO instancemanager.StarterPackManager: StarterPack: Player.restore() returned SkullGrove for objId=268482317
[04.05.26 22:51:56:638] INFO instancemanager.StarterPackManager: StarterPack: Bot SkullGrove entered world at 46109,41182,-3504
[04.05.26 22:51:56:638] INFO instancemanager.StarterPackManager: StarterPack: Spawned bot SkullGrove (class=25/ELVEN_MAGE, race=ELF, objId=268482317)
[04.05.26 22:51:57:042] INFO instancemanager.StarterPackManager: StarterPack: Attempting to spawn classId=31 name=SkullCrest
[04.05.26 22:51:57:042] INFO instancemanager.StarterPackManager: StarterPack: classId=31 validated as DARK_FIGHTER race=DARKELF
[04.05.26 22:51:57:049] INFO instancemanager.StarterPackManager: StarterPack: Player.create() returned obj=268482339 for classId=31 name=SkullCrest
[04.05.26 22:51:57:112] INFO instancemanager.StarterPackManager: StarterPack: initNewChar completed for SkullCrest result=true
[04.05.26 22:51:57:128] INFO instancemanager.StarterPackManager: StarterPack: Player.restore() returned SkullCrest for objId=268482339
[04.05.26 22:51:57:140] INFO instancemanager.StarterPackManager: StarterPack: Bot SkullCrest entered world at 28375,11056,-4232
[04.05.26 22:51:57:140] INFO instancemanager.StarterPackManager: StarterPack: Spawned bot SkullCrest (class=31/DARK_FIGHTER, race=DARKELF, objId=268482339)
[04.05.26 22:51:57:541] INFO instancemanager.StarterPackManager: StarterPack: Attempting to spawn classId=38 name=SkullRidge
[04.05.26 22:51:57:542] INFO instancemanager.StarterPackManager: StarterPack: classId=38 validated as DARK_MAGE race=DARKELF
[04.05.26 22:51:57:546] INFO instancemanager.StarterPackManager: StarterPack: Player.create() returned obj=268482361 for classId=38 name=SkullRidge
[04.05.26 22:51:57:610] INFO instancemanager.StarterPackManager: StarterPack: initNewChar completed for SkullRidge result=true
[04.05.26 22:51:57:628] INFO instancemanager.StarterPackManager: StarterPack: Player.restore() returned SkullRidge for objId=268482361
[04.05.26 22:51:57:641] INFO instancemanager.StarterPackManager: StarterPack: Bot SkullRidge entered world at 28370,11009,-4232
[04.05.26 22:51:57:641] INFO instancemanager.StarterPackManager: StarterPack: Spawned bot SkullRidge (class=38/DARK_MAGE, race=DARKELF, objId=268482361)
[04.05.26 22:51:58:042] INFO instancemanager.StarterPackManager: StarterPack: Attempting to spawn classId=44 name=SkullDrake
[04.05.26 22:51:58:042] INFO instancemanager.StarterPackManager: StarterPack: classId=44 validated as ORC_FIGHTER race=ORC
[04.05.26 22:51:58:048] INFO instancemanager.StarterPackManager: StarterPack: Player.create() returned obj=268482381 for classId=44 name=SkullDrake
[04.05.26 22:51:58:090] INFO instancemanager.StarterPackManager: StarterPack: initNewChar completed for SkullDrake result=true
[04.05.26 22:51:58:107] INFO instancemanager.StarterPackManager: StarterPack: Player.restore() returned SkullDrake for objId=268482381
[04.05.26 22:51:58:118] INFO instancemanager.StarterPackManager: StarterPack: Bot SkullDrake entered world at -56704,-113584,-672
[04.05.26 22:51:58:118] INFO instancemanager.StarterPackManager: StarterPack: Spawned bot SkullDrake (class=44/ORC_FIGHTER, race=ORC, objId=268482381)
[04.05.26 22:51:58:541] INFO instancemanager.StarterPackManager: StarterPack: Attempting to spawn classId=49 name=SkullSerpent
[04.05.26 22:51:58:541] INFO instancemanager.StarterPackManager: StarterPack: classId=49 validated as ORC_MAGE race=ORC
[04.05.26 22:51:58:546] INFO instancemanager.StarterPackManager: StarterPack: Player.create() returned obj=268482405 for classId=49 name=SkullSerpent
[04.05.26 22:51:58:616] INFO instancemanager.StarterPackManager: StarterPack: initNewChar completed for SkullSerpent result=true
[04.05.26 22:51:58:635] INFO instancemanager.StarterPackManager: StarterPack: Player.restore() returned SkullSerpent for objId=268482405
[04.05.26 22:51:58:645] INFO instancemanager.StarterPackManager: StarterPack: Bot SkullSerpent entered world at -56690,-113629,-672
[04.05.26 22:51:58:645] INFO instancemanager.StarterPackManager: StarterPack: Spawned bot SkullSerpent (class=49/ORC_MAGE, race=ORC, objId=268482405)
[04.05.26 22:51:59:042] INFO instancemanager.StarterPackManager: StarterPack: Attempting to spawn classId=53 name=SteelBlade
[04.05.26 22:51:59:042] INFO instancemanager.StarterPackManager: StarterPack: classId=53 validated as DWARVEN_FIGHTER race=DWARF
[04.05.26 22:51:59:047] INFO instancemanager.StarterPackManager: StarterPack: Player.create() returned obj=268482433 for classId=53 name=SteelBlade
[04.05.26 22:51:59:093] INFO instancemanager.StarterPackManager: StarterPack: initNewChar completed for SteelBlade result=true
[04.05.26 22:51:59:112] INFO instancemanager.StarterPackManager: StarterPack: Player.restore() returned SteelBlade for objId=268482433
[04.05.26 22:51:59:124] INFO instancemanager.StarterPackManager: StarterPack: Bot SteelBlade entered world at 108606,-173992,-408
[04.05.26 22:51:59:124] INFO instancemanager.StarterPackManager: StarterPack: Spawned bot SteelBlade (class=53/DWARVEN_FIGHTER, race=DWARF, objId=268482433)
[04.05.26 22:51:59:541] INFO instancemanager.StarterPackManager: StarterPack: Attempting to spawn classId=0 name=SteelFang
[04.05.26 22:51:59:541] INFO instancemanager.StarterPackManager: StarterPack: classId=0 validated as HUMAN_FIGHTER race=HUMAN
[04.05.26 22:51:59:548] INFO instancemanager.StarterPackManager: StarterPack: Player.create() returned obj=268482451 for classId=0 name=SteelFang
[04.05.26 22:51:59:600] INFO instancemanager.StarterPackManager: StarterPack: initNewChar completed for SteelFang result=true
[04.05.26 22:51:59:618] INFO instancemanager.StarterPackManager: StarterPack: Player.restore() returned SteelFang for objId=268482451
[04.05.26 22:51:59:628] INFO instancemanager.StarterPackManager: StarterPack: Bot SteelFang entered world at -71442,258367,-3104
[04.05.26 22:51:59:628] INFO instancemanager.StarterPackManager: StarterPack: Spawned bot SteelFang (class=0/HUMAN_FIGHTER, race=HUMAN, objId=268482451)
[04.05.26 22:52:00:041] INFO instancemanager.StarterPackManager: StarterPack: Attempting to spawn classId=10 name=SteelEdge
[04.05.26 22:52:00:041] INFO instancemanager.StarterPackManager: StarterPack: classId=10 validated as HUMAN_MAGE race=HUMAN
[04.05.26 22:52:00:048] INFO instancemanager.StarterPackManager: StarterPack: Player.create() returned obj=268482473 for classId=10 name=SteelEdge
[04.05.26 22:52:00:115] INFO instancemanager.StarterPackManager: StarterPack: initNewChar completed for SteelEdge result=true
[04.05.26 22:52:00:132] INFO instancemanager.StarterPackManager: StarterPack: Player.restore() returned SteelEdge for objId=268482473
[04.05.26 22:52:00:142] INFO instancemanager.StarterPackManager: StarterPack: Bot SteelEdge entered world at -90874,248135,-3568
[04.05.26 22:52:00:142] INFO instancemanager.StarterPackManager: StarterPack: Spawned bot SteelEdge (class=10/HUMAN_MAGE, race=HUMAN, objId=268482473)
[04.05.26 22:52:00:542] INFO instancemanager.StarterPackManager: StarterPack: Attempting to spawn classId=18 name=SteelCore
[04.05.26 22:52:00:542] INFO instancemanager.StarterPackManager: StarterPack: classId=18 validated as ELVEN_FIGHTER race=ELF
[04.05.26 22:52:00:548] INFO instancemanager.StarterPackManager: StarterPack: Player.create() returned obj=268482492 for classId=18 name=SteelCore
[04.05.26 22:52:00:594] INFO instancemanager.StarterPackManager: StarterPack: initNewChar completed for SteelCore result=true
[04.05.26 22:52:00:612] INFO instancemanager.StarterPackManager: StarterPack: Player.restore() returned SteelCore for objId=268482492
[04.05.26 22:52:00:629] INFO instancemanager.StarterPackManager: StarterPack: Bot SteelCore entered world at 46031,41181,-3504
[04.05.26 22:52:00:629] INFO instancemanager.StarterPackManager: StarterPack: Spawned bot SteelCore (class=18/ELVEN_FIGHTER, race=ELF, objId=268482492)
[04.05.26 22:52:01:041] INFO instancemanager.StarterPackManager: StarterPack: Attempting to spawn classId=25 name=SteelZone
[04.05.26 22:52:01:041] INFO instancemanager.StarterPackManager: StarterPack: classId=25 validated as ELVEN_MAGE race=ELF
[04.05.26 22:52:01:047] INFO instancemanager.StarterPackManager: StarterPack: Player.create() returned obj=268482522 for classId=25 name=SteelZone
[04.05.26 22:52:01:093] INFO instancemanager.StarterPackManager: StarterPack: initNewChar completed for SteelZone result=true
[04.05.26 22:52:01:110] INFO instancemanager.StarterPackManager: StarterPack: Player.restore() returned SteelZone for objId=268482522
[04.05.26 22:52:01:123] INFO instancemanager.StarterPackManager: StarterPack: Bot SteelZone entered world at 46090,41190,-3504
[04.05.26 22:52:01:124] INFO instancemanager.StarterPackManager: StarterPack: Spawned bot SteelZone (class=25/ELVEN_MAGE, race=ELF, objId=268482522)
[04.05.26 22:52:01:542] INFO instancemanager.StarterPackManager: StarterPack: Attempting to spawn classId=31 name=SteelClaw
[04.05.26 22:52:01:542] INFO instancemanager.StarterPackManager: StarterPack: classId=31 validated as DARK_FIGHTER race=DARKELF
[04.05.26 22:52:01:547] INFO instancemanager.StarterPackManager: StarterPack: Player.create() returned obj=268482539 for classId=31 name=SteelClaw
[04.05.26 22:52:01:606] INFO instancemanager.StarterPackManager: StarterPack: initNewChar completed for SteelClaw result=true
[04.05.26 22:52:01:622] INFO instancemanager.StarterPackManager: StarterPack: Player.restore() returned SteelClaw for objId=268482539
[04.05.26 22:52:01:632] INFO instancemanager.StarterPackManager: StarterPack: Bot SteelClaw entered world at 28356,11010,-4232
[04.05.26 22:52:01:632] INFO instancemanager.StarterPackManager: StarterPack: Spawned bot SteelClaw (class=31/DARK_FIGHTER, race=DARKELF, objId=268482539)
[04.05.26 22:52:02:042] INFO instancemanager.StarterPackManager: StarterPack: Attempting to spawn classId=38 name=SteelSoul
[04.05.26 22:52:02:042] INFO instancemanager.StarterPackManager: StarterPack: classId=38 validated as DARK_MAGE race=DARKELF
[04.05.26 22:52:02:047] INFO instancemanager.StarterPackManager: StarterPack: Player.create() returned obj=268482563 for classId=38 name=SteelSoul
[04.05.26 22:52:02:114] INFO instancemanager.StarterPackManager: StarterPack: initNewChar completed for SteelSoul result=true
[04.05.26 22:52:02:132] INFO instancemanager.StarterPackManager: StarterPack: Player.restore() returned SteelSoul for objId=268482563
[04.05.26 22:52:02:144] INFO instancemanager.StarterPackManager: StarterPack: Bot SteelSoul entered world at 28356,10978,-4232
[04.05.26 22:52:02:145] INFO instancemanager.StarterPackManager: StarterPack: Spawned bot SteelSoul (class=38/DARK_MAGE, race=DARKELF, objId=268482563)
[04.05.26 22:52:02:541] INFO instancemanager.StarterPackManager: StarterPack: Attempting to spawn classId=44 name=SteelStar
[04.05.26 22:52:02:541] INFO instancemanager.StarterPackManager: StarterPack: classId=44 validated as ORC_FIGHTER race=ORC
[04.05.26 22:52:02:548] INFO instancemanager.StarterPackManager: StarterPack: Player.create() returned obj=268482582 for classId=44 name=SteelStar
[04.05.26 22:52:02:590] INFO instancemanager.StarterPackManager: StarterPack: initNewChar completed for SteelStar result=true
[04.05.26 22:52:02:607] INFO instancemanager.StarterPackManager: StarterPack: Player.restore() returned SteelStar for objId=268482582
[04.05.26 22:52:02:619] INFO instancemanager.StarterPackManager: StarterPack: Bot SteelStar entered world at -56703,-113552,-672
[04.05.26 22:52:02:619] INFO instancemanager.StarterPackManager: StarterPack: Spawned bot SteelStar (class=44/ORC_FIGHTER, race=ORC, objId=268482582)
[04.05.26 22:52:03:041] INFO instancemanager.StarterPackManager: StarterPack: Attempting to spawn classId=49 name=SteelFire
[04.05.26 22:52:03:041] INFO instancemanager.StarterPackManager: StarterPack: classId=49 validated as ORC_MAGE race=ORC
[04.05.26 22:52:03:048] INFO instancemanager.StarterPackManager: StarterPack: Player.create() returned obj=268482610 for classId=49 name=SteelFire
[04.05.26 22:52:03:114] INFO instancemanager.StarterPackManager: StarterPack: initNewChar completed for SteelFire result=true
[04.05.26 22:52:03:130] INFO instancemanager.StarterPackManager: StarterPack: Player.restore() returned SteelFire for objId=268482610
[04.05.26 22:52:03:140] INFO instancemanager.StarterPackManager: StarterPack: Bot SteelFire entered world at -56741,-113579,-672
[04.05.26 22:52:03:140] INFO instancemanager.StarterPackManager: StarterPack: Spawned bot SteelFire (class=49/ORC_MAGE, race=ORC, objId=268482610)
[04.05.26 22:52:03:541] INFO instancemanager.StarterPackManager: StarterPack: Attempting to spawn classId=53 name=SteelWind
[04.05.26 22:52:03:541] INFO instancemanager.StarterPackManager: StarterPack: classId=53 validated as DWARVEN_FIGHTER race=DWARF
[04.05.26 22:52:03:545] INFO instancemanager.StarterPackManager: StarterPack: Player.create() returned obj=268482629 for classId=53 name=SteelWind
[04.05.26 22:52:03:594] INFO instancemanager.StarterPackManager: StarterPack: initNewChar completed for SteelWind result=true
[04.05.26 22:52:03:611] INFO instancemanager.StarterPackManager: StarterPack: Player.restore() returned SteelWind for objId=268482629
[04.05.26 22:52:03:620] INFO instancemanager.StarterPackManager: StarterPack: Bot SteelWind entered world at 108604,-174020,-408
[04.05.26 22:52:03:622] INFO instancemanager.StarterPackManager: StarterPack: Spawned bot SteelWind (class=53/DWARVEN_FIGHTER, race=DWARF, objId=268482629)
[04.05.26 22:52:04:041] INFO instancemanager.StarterPackManager: StarterPack: Attempting to spawn classId=0 name=SteelRage
[04.05.26 22:52:04:041] INFO instancemanager.StarterPackManager: StarterPack: classId=0 validated as HUMAN_FIGHTER race=HUMAN
[04.05.26 22:52:04:047] INFO instancemanager.StarterPackManager: StarterPack: Player.create() returned obj=268482652 for classId=0 name=SteelRage
[04.05.26 22:52:04:086] INFO instancemanager.StarterPackManager: StarterPack: initNewChar completed for SteelRage result=true
[04.05.26 22:52:04:102] INFO instancemanager.StarterPackManager: StarterPack: Player.restore() returned SteelRage for objId=268482652
[04.05.26 22:52:04:112] INFO instancemanager.StarterPackManager: StarterPack: Bot SteelRage entered world at -71431,258297,-3104
[04.05.26 22:52:04:112] INFO instancemanager.StarterPackManager: StarterPack: Spawned bot SteelRage (class=0/HUMAN_FIGHTER, race=HUMAN, objId=268482652)
[04.05.26 22:52:04:541] INFO instancemanager.StarterPackManager: StarterPack: Attempting to spawn classId=10 name=SteelHawk
[04.05.26 22:52:04:541] INFO instancemanager.StarterPackManager: StarterPack: classId=10 validated as HUMAN_MAGE race=HUMAN
[04.05.26 22:52:04:547] INFO instancemanager.StarterPackManager: StarterPack: Player.create() returned obj=268482676 for classId=10 name=SteelHawk
[04.05.26 22:52:04:621] INFO instancemanager.StarterPackManager: StarterPack: initNewChar completed for SteelHawk result=true
[04.05.26 22:52:04:638] INFO instancemanager.StarterPackManager: StarterPack: Player.restore() returned SteelHawk for objId=268482676
[04.05.26 22:52:04:649] INFO instancemanager.StarterPackManager: StarterPack: Bot SteelHawk entered world at -90903,248089,-3568
[04.05.26 22:52:04:649] INFO instancemanager.StarterPackManager: StarterPack: Spawned bot SteelHawk (class=10/HUMAN_MAGE, race=HUMAN, objId=268482676)
[04.05.26 22:52:05:041] INFO instancemanager.StarterPackManager: StarterPack: Attempting to spawn classId=18 name=SteelWolf
[04.05.26 22:52:05:041] INFO instancemanager.StarterPackManager: StarterPack: classId=18 validated as ELVEN_FIGHTER race=ELF
[04.05.26 22:52:05:044] INFO instancemanager.StarterPackManager: StarterPack: Player.create() returned obj=268482700 for classId=18 name=SteelWolf
[04.05.26 22:52:05:092] INFO instancemanager.StarterPackManager: StarterPack: initNewChar completed for SteelWolf result=true
[04.05.26 22:52:05:109] INFO instancemanager.StarterPackManager: StarterPack: Player.restore() returned SteelWolf for objId=268482700
[04.05.26 22:52:05:122] INFO instancemanager.StarterPackManager: StarterPack: Bot SteelWolf entered world at 46040,41152,-3504
[04.05.26 22:52:05:122] INFO instancemanager.StarterPackManager: StarterPack: Spawned bot SteelWolf (class=18/ELVEN_FIGHTER, race=ELF, objId=268482700)
[04.05.26 22:52:05:542] INFO instancemanager.StarterPackManager: StarterPack: Attempting to spawn classId=25 name=SteelStrike
[04.05.26 22:52:05:542] INFO instancemanager.StarterPackManager: StarterPack: classId=25 validated as ELVEN_MAGE race=ELF
[04.05.26 22:52:05:547] INFO instancemanager.StarterPackManager: StarterPack: Player.create() returned obj=268482723 for classId=25 name=SteelStrike
[04.05.26 22:52:05:607] INFO instancemanager.StarterPackManager: StarterPack: initNewChar completed for SteelStrike result=true
[04.05.26 22:52:05:625] INFO instancemanager.StarterPackManager: StarterPack: Player.restore() returned SteelStrike for objId=268482723
[04.05.26 22:52:05:639] INFO instancemanager.StarterPackManager: StarterPack: Bot SteelStrike entered world at 46089,41151,-3504
[04.05.26 22:52:05:639] INFO instancemanager.StarterPackManager: StarterPack: Spawned bot SteelStrike (class=25/ELVEN_MAGE, race=ELF, objId=268482723)
[04.05.26 22:52:06:041] INFO instancemanager.StarterPackManager: StarterPack: Attempting to spawn classId=31 name=SteelVeil
[04.05.26 22:52:06:041] INFO instancemanager.StarterPackManager: StarterPack: classId=31 validated as DARK_FIGHTER race=DARKELF
[04.05.26 22:52:06:047] INFO instancemanager.StarterPackManager: StarterPack: Player.create() returned obj=268482738 for classId=31 name=SteelVeil
[04.05.26 22:52:06:100] INFO instancemanager.StarterPackManager: StarterPack: initNewChar completed for SteelVeil result=true
[04.05.26 22:52:06:116] INFO instancemanager.StarterPackManager: StarterPack: Player.restore() returned SteelVeil for objId=268482738
[04.05.26 22:52:06:127] INFO instancemanager.StarterPackManager: StarterPack: Bot SteelVeil entered world at 28376,11029,-4232
[04.05.26 22:52:06:127] INFO instancemanager.StarterPackManager: StarterPack: Spawned bot SteelVeil (class=31/DARK_FIGHTER, race=DARKELF, objId=268482738)
[04.05.26 22:52:06:542] INFO instancemanager.StarterPackManager: StarterPack: Attempting to spawn classId=38 name=SteelWisp
[04.05.26 22:52:06:542] INFO instancemanager.StarterPackManager: StarterPack: classId=38 validated as DARK_MAGE race=DARKELF
[04.05.26 22:52:06:547] INFO instancemanager.StarterPackManager: StarterPack: Player.create() returned obj=268482761 for classId=38 name=SteelWisp
[04.05.26 22:52:06:600] INFO instancemanager.StarterPackManager: StarterPack: initNewChar completed for SteelWisp result=true
[04.05.26 22:52:06:616] INFO instancemanager.StarterPackManager: StarterPack: Player.restore() returned SteelWisp for objId=268482761
[04.05.26 22:52:06:630] INFO instancemanager.StarterPackManager: StarterPack: Bot SteelWisp entered world at 28355,11059,-4232
[04.05.26 22:52:06:630] INFO instancemanager.StarterPackManager: StarterPack: Spawned bot SteelWisp (class=38/DARK_MAGE, race=DARKELF, objId=268482761)
[04.05.26 22:52:07:041] INFO instancemanager.StarterPackManager: StarterPack: Attempting to spawn classId=44 name=SteelGloom
[04.05.26 22:52:07:042] INFO instancemanager.StarterPackManager: StarterPack: classId=44 validated as ORC_FIGHTER race=ORC
[04.05.26 22:52:07:048] INFO instancemanager.StarterPackManager: StarterPack: Player.create() returned obj=268482789 for classId=44 name=SteelGloom
[04.05.26 22:52:07:092] INFO instancemanager.StarterPackManager: StarterPack: initNewChar completed for SteelGloom result=true
[04.05.26 22:52:07:108] INFO instancemanager.StarterPackManager: StarterPack: Player.restore() returned SteelGloom for objId=268482789
[04.05.26 22:52:07:118] INFO instancemanager.StarterPackManager: StarterPack: Bot SteelGloom entered world at -56711,-113580,-672
[04.05.26 22:52:07:119] INFO instancemanager.StarterPackManager: StarterPack: Spawned bot SteelGloom (class=44/ORC_FIGHTER, race=ORC, objId=268482789)
[04.05.26 22:52:07:542] INFO instancemanager.StarterPackManager: StarterPack: Attempting to spawn classId=49 name=SteelStone
[04.05.26 22:52:07:542] INFO instancemanager.StarterPackManager: StarterPack: classId=49 validated as ORC_MAGE race=ORC
[04.05.26 22:52:07:546] INFO instancemanager.StarterPackManager: StarterPack: Player.create() returned obj=268482810 for classId=49 name=SteelStone
[04.05.26 22:52:07:612] INFO instancemanager.StarterPackManager: StarterPack: initNewChar completed for SteelStone result=true
[04.05.26 22:52:07:631] INFO instancemanager.StarterPackManager: StarterPack: Player.restore() returned SteelStone for objId=268482810
[04.05.26 22:52:07:643] INFO instancemanager.StarterPackManager: StarterPack: Bot SteelStone entered world at -56710,-113578,-672
[04.05.26 22:52:07:643] INFO instancemanager.StarterPackManager: StarterPack: Spawned bot SteelStone (class=49/ORC_MAGE, race=ORC, objId=268482810)
[04.05.26 22:52:08:041] INFO instancemanager.StarterPackManager: StarterPack: Attempting to spawn classId=53 name=SteelCrown
[04.05.26 22:52:08:041] INFO instancemanager.StarterPackManager: StarterPack: classId=53 validated as DWARVEN_FIGHTER race=DWARF
[04.05.26 22:52:08:046] INFO instancemanager.StarterPackManager: StarterPack: Player.create() returned obj=268482838 for classId=53 name=SteelCrown
[04.05.26 22:52:08:086] INFO instancemanager.StarterPackManager: StarterPack: initNewChar completed for SteelCrown result=true
[04.05.26 22:52:08:104] INFO instancemanager.StarterPackManager: StarterPack: Player.restore() returned SteelCrown for objId=268482838
[04.05.26 22:52:08:114] INFO instancemanager.StarterPackManager: StarterPack: Bot SteelCrown entered world at 108608,-174042,-408
[04.05.26 22:52:08:114] INFO instancemanager.StarterPackManager: StarterPack: Spawned bot SteelCrown (class=53/DWARVEN_FIGHTER, race=DWARF, objId=268482838)
[04.05.26 22:52:08:542] INFO instancemanager.StarterPackManager: StarterPack: Attempting to spawn classId=0 name=SteelThorn
[04.05.26 22:52:08:542] INFO instancemanager.StarterPackManager: StarterPack: classId=0 validated as HUMAN_FIGHTER race=HUMAN
[04.05.26 22:52:08:549] INFO instancemanager.StarterPackManager: StarterPack: Player.create() returned obj=268482861 for classId=0 name=SteelThorn
[04.05.26 22:52:08:604] INFO instancemanager.StarterPackManager: StarterPack: initNewChar completed for SteelThorn result=true
[04.05.26 22:52:08:620] INFO instancemanager.StarterPackManager: StarterPack: Player.restore() returned SteelThorn for objId=268482861
[04.05.26 22:52:08:630] INFO instancemanager.StarterPackManager: StarterPack: Bot SteelThorn entered world at -71351,258368,-3064
[04.05.26 22:52:08:630] INFO instancemanager.StarterPackManager: StarterPack: Spawned bot SteelThorn (class=0/HUMAN_FIGHTER, race=HUMAN, objId=268482861)
[04.05.26 22:52:09:042] INFO instancemanager.StarterPackManager: StarterPack: Attempting to spawn classId=10 name=SteelSpark
[04.05.26 22:52:09:042] INFO instancemanager.StarterPackManager: StarterPack: classId=10 validated as HUMAN_MAGE race=HUMAN
[04.05.26 22:52:09:046] INFO instancemanager.StarterPackManager: StarterPack: Player.create() returned obj=268482891 for classId=10 name=SteelSpark
[04.05.26 22:52:09:118] INFO instancemanager.StarterPackManager: StarterPack: initNewChar completed for SteelSpark result=true
[04.05.26 22:52:09:136] INFO instancemanager.StarterPackManager: StarterPack: Player.restore() returned SteelSpark for objId=268482891
[04.05.26 22:52:09:147] INFO instancemanager.StarterPackManager: StarterPack: Bot SteelSpark entered world at -90918,248052,-3568
[04.05.26 22:52:09:147] INFO instancemanager.StarterPackManager: StarterPack: Spawned bot SteelSpark (class=10/HUMAN_MAGE, race=HUMAN, objId=268482891)
[04.05.26 22:52:09:541] INFO instancemanager.StarterPackManager: StarterPack: Attempting to spawn classId=18 name=SteelFlash
[04.05.26 22:52:09:541] INFO instancemanager.StarterPackManager: StarterPack: classId=18 validated as ELVEN_FIGHTER race=ELF
[04.05.26 22:52:09:546] INFO instancemanager.StarterPackManager: StarterPack: Player.create() returned obj=268482906 for classId=18 name=SteelFlash
[04.05.26 22:52:09:583] INFO instancemanager.StarterPackManager: StarterPack: initNewChar completed for SteelFlash result=true
[04.05.26 22:52:09:601] INFO instancemanager.StarterPackManager: StarterPack: Player.restore() returned SteelFlash for objId=268482906
[04.05.26 22:52:09:612] INFO instancemanager.StarterPackManager: StarterPack: Bot SteelFlash entered world at 46032,41229,-3504
[04.05.26 22:52:09:612] INFO instancemanager.StarterPackManager: StarterPack: Spawned bot SteelFlash (class=18/ELVEN_FIGHTER, race=ELF, objId=268482906)
[04.05.26 22:52:10:041] INFO instancemanager.StarterPackManager: StarterPack: Attempting to spawn classId=25 name=SteelBloom
[04.05.26 22:52:10:042] INFO instancemanager.StarterPackManager: StarterPack: classId=25 validated as ELVEN_MAGE race=ELF
[04.05.26 22:52:10:047] INFO instancemanager.StarterPackManager: StarterPack: Player.create() returned obj=268482926 for classId=25 name=SteelBloom
[04.05.26 22:52:10:103] INFO instancemanager.StarterPackManager: StarterPack: initNewChar completed for SteelBloom result=true
[04.05.26 22:52:10:120] INFO instancemanager.StarterPackManager: StarterPack: Player.restore() returned SteelBloom for objId=268482926
[04.05.26 22:52:10:131] INFO instancemanager.StarterPackManager: StarterPack: Bot SteelBloom entered world at 46079,41149,-3504
[04.05.26 22:52:10:131] INFO instancemanager.StarterPackManager: StarterPack: Spawned bot SteelBloom (class=25/ELVEN_MAGE, race=ELF, objId=268482926)
[04.05.26 22:52:10:541] INFO instancemanager.StarterPackManager: StarterPack: Attempting to spawn classId=31 name=SteelCreek
[04.05.26 22:52:10:541] INFO instancemanager.StarterPackManager: StarterPack: classId=31 validated as DARK_FIGHTER race=DARKELF
[04.05.26 22:52:10:545] INFO instancemanager.StarterPackManager: StarterPack: Player.create() returned obj=268482947 for classId=31 name=SteelCreek
[04.05.26 22:52:10:599] INFO instancemanager.StarterPackManager: StarterPack: initNewChar completed for SteelCreek result=true
[04.05.26 22:52:10:616] INFO instancemanager.StarterPackManager: StarterPack: Player.restore() returned SteelCreek for objId=268482947
[04.05.26 22:52:10:628] INFO instancemanager.StarterPackManager: StarterPack: Bot SteelCreek entered world at 28383,11037,-4232
[04.05.26 22:52:10:628] INFO instancemanager.StarterPackManager: StarterPack: Spawned bot SteelCreek (class=31/DARK_FIGHTER, race=DARKELF, objId=268482947)
[04.05.26 22:52:11:041] INFO instancemanager.StarterPackManager: StarterPack: Attempting to spawn classId=38 name=SteelMarsh
[04.05.26 22:52:11:041] INFO instancemanager.StarterPackManager: StarterPack: classId=38 validated as DARK_MAGE race=DARKELF
[04.05.26 22:52:11:045] INFO instancemanager.StarterPackManager: StarterPack: Player.create() returned obj=268482973 for classId=38 name=SteelMarsh
[04.05.26 22:52:11:107] INFO instancemanager.StarterPackManager: StarterPack: initNewChar completed for SteelMarsh result=true
[04.05.26 22:52:11:125] INFO instancemanager.StarterPackManager: StarterPack: Player.restore() returned SteelMarsh for objId=268482973
[04.05.26 22:52:11:137] INFO instancemanager.StarterPackManager: StarterPack: Bot SteelMarsh entered world at 28415,11048,-4232
[04.05.26 22:52:11:137] INFO instancemanager.StarterPackManager: StarterPack: Spawned bot SteelMarsh (class=38/DARK_MAGE, race=DARKELF, objId=268482973)
[04.05.26 22:52:11:541] INFO instancemanager.StarterPackManager: StarterPack: Attempting to spawn classId=44 name=SteelField
[04.05.26 22:52:11:541] INFO instancemanager.StarterPackManager: StarterPack: classId=44 validated as ORC_FIGHTER race=ORC
[04.05.26 22:52:11:547] INFO instancemanager.StarterPackManager: StarterPack: Player.create() returned obj=268482995 for classId=44 name=SteelField
[04.05.26 22:52:11:586] INFO instancemanager.StarterPackManager: StarterPack: initNewChar completed for SteelField result=true
[04.05.26 22:52:11:604] INFO instancemanager.StarterPackManager: StarterPack: Player.restore() returned SteelField for objId=268482995
[04.05.26 22:52:11:615] INFO instancemanager.StarterPackManager: StarterPack: Bot SteelField entered world at -56701,-113554,-672
[04.05.26 22:52:11:615] INFO instancemanager.StarterPackManager: StarterPack: Spawned bot SteelField (class=44/ORC_FIGHTER, race=ORC, objId=268482995)
[04.05.26 22:52:12:041] INFO instancemanager.StarterPackManager: StarterPack: Attempting to spawn classId=49 name=SteelGrove
[04.05.26 22:52:12:041] INFO instancemanager.StarterPackManager: StarterPack: classId=49 validated as ORC_MAGE race=ORC
[04.05.26 22:52:12:047] INFO instancemanager.StarterPackManager: StarterPack: Player.create() returned obj=268483019 for classId=49 name=SteelGrove
[04.05.26 22:52:12:104] INFO instancemanager.StarterPackManager: StarterPack: initNewChar completed for SteelGrove result=true
[04.05.26 22:52:12:121] INFO instancemanager.StarterPackManager: StarterPack: Player.restore() returned SteelGrove for objId=268483019
[04.05.26 22:52:12:131] INFO instancemanager.StarterPackManager: StarterPack: Bot SteelGrove entered world at -56737,-113567,-672
[04.05.26 22:52:12:131] INFO instancemanager.StarterPackManager: StarterPack: Spawned bot SteelGrove (class=49/ORC_MAGE, race=ORC, objId=268483019)
[04.05.26 22:52:12:542] INFO instancemanager.StarterPackManager: StarterPack: Attempting to spawn classId=53 name=SteelCrest
[04.05.26 22:52:12:542] INFO instancemanager.StarterPackManager: StarterPack: classId=53 validated as DWARVEN_FIGHTER race=DWARF
[04.05.26 22:52:12:547] INFO instancemanager.StarterPackManager: StarterPack: Player.create() returned obj=268483039 for classId=53 name=SteelCrest
[04.05.26 22:52:12:600] INFO instancemanager.StarterPackManager: StarterPack: initNewChar completed for SteelCrest result=true
[04.05.26 22:52:12:617] INFO instancemanager.StarterPackManager: StarterPack: Player.restore() returned SteelCrest for objId=268483039
[04.05.26 22:52:12:628] INFO instancemanager.StarterPackManager: StarterPack: Bot SteelCrest entered world at 108566,-174030,-408
[04.05.26 22:52:12:628] INFO instancemanager.StarterPackManager: StarterPack: Spawned bot SteelCrest (class=53/DWARVEN_FIGHTER, race=DWARF, objId=268483039)
[04.05.26 22:52:13:042] INFO instancemanager.StarterPackManager: StarterPack: Attempting to spawn classId=0 name=SteelRidge
[04.05.26 22:52:13:042] INFO instancemanager.StarterPackManager: StarterPack: classId=0 validated as HUMAN_FIGHTER race=HUMAN
[04.05.26 22:52:13:046] INFO instancemanager.StarterPackManager: StarterPack: Player.create() returned obj=268483066 for classId=0 name=SteelRidge
[04.05.26 22:52:13:084] INFO instancemanager.StarterPackManager: StarterPack: initNewChar completed for SteelRidge result=true
[04.05.26 22:52:13:102] INFO instancemanager.StarterPackManager: StarterPack: Player.restore() returned SteelRidge for objId=268483066
[04.05.26 22:52:13:113] INFO instancemanager.StarterPackManager: StarterPack: Bot SteelRidge entered world at -71367,258326,-3080
[04.05.26 22:52:13:113] INFO instancemanager.StarterPackManager: StarterPack: Spawned bot SteelRidge (class=0/HUMAN_FIGHTER, race=HUMAN, objId=268483066)
[04.05.26 22:52:13:541] INFO instancemanager.StarterPackManager: StarterPack: Attempting to spawn classId=10 name=SteelDrake
[04.05.26 22:52:13:541] INFO instancemanager.StarterPackManager: StarterPack: classId=10 validated as HUMAN_MAGE race=HUMAN
[04.05.26 22:52:13:548] INFO instancemanager.StarterPackManager: StarterPack: Player.create() returned obj=268483085 for classId=10 name=SteelDrake
[04.05.26 22:52:13:616] INFO instancemanager.StarterPackManager: StarterPack: initNewChar completed for SteelDrake result=true
[04.05.26 22:52:13:634] INFO instancemanager.StarterPackManager: StarterPack: Player.restore() returned SteelDrake for objId=268483085
[04.05.26 22:52:13:644] INFO instancemanager.StarterPackManager: StarterPack: Bot SteelDrake entered world at -90909,248118,-3568
[04.05.26 22:52:13:644] INFO instancemanager.StarterPackManager: StarterPack: Spawned bot SteelDrake (class=10/HUMAN_MAGE, race=HUMAN, objId=268483085)
[04.05.26 22:52:14:041] INFO instancemanager.StarterPackManager: StarterPack: Attempting to spawn classId=18 name=SteelSerpent
[04.05.26 22:52:14:041] INFO instancemanager.StarterPackManager: StarterPack: classId=18 validated as ELVEN_FIGHTER race=ELF
[04.05.26 22:52:14:048] INFO instancemanager.StarterPackManager: StarterPack: Player.create() returned obj=268483102 for classId=18 name=SteelSerpent
[04.05.26 22:52:14:107] INFO instancemanager.StarterPackManager: StarterPack: initNewChar completed for SteelSerpent result=true
[04.05.26 22:52:14:124] INFO instancemanager.StarterPackManager: StarterPack: Player.restore() returned SteelSerpent for objId=268483102
[04.05.26 22:52:14:136] INFO instancemanager.StarterPackManager: StarterPack: Bot SteelSerpent entered world at 46124,41150,-3504
[04.05.26 22:52:14:136] INFO instancemanager.StarterPackManager: StarterPack: Spawned bot SteelSerpent (class=18/ELVEN_FIGHTER, race=ELF, objId=268483102)
[04.05.26 22:52:14:541] INFO instancemanager.StarterPackManager: StarterPack: Attempting to spawn classId=25 name=BoneBlade
[04.05.26 22:52:14:541] INFO instancemanager.StarterPackManager: StarterPack: classId=25 validated as ELVEN_MAGE race=ELF
[04.05.26 22:52:14:547] INFO instancemanager.StarterPackManager: StarterPack: Player.create() returned obj=268483130 for classId=25 name=BoneBlade
[04.05.26 22:52:14:594] INFO instancemanager.StarterPackManager: StarterPack: initNewChar completed for BoneBlade result=true
[04.05.26 22:52:14:611] INFO instancemanager.StarterPackManager: StarterPack: Player.restore() returned BoneBlade for objId=268483130
[04.05.26 22:52:14:622] INFO instancemanager.StarterPackManager: StarterPack: Bot BoneBlade entered world at 46068,41200,-3504
[04.05.26 22:52:14:622] INFO instancemanager.StarterPackManager: StarterPack: Spawned bot BoneBlade (class=25/ELVEN_MAGE, race=ELF, objId=268483130)
[04.05.26 22:52:15:041] INFO instancemanager.StarterPackManager: StarterPack: Attempting to spawn classId=31 name=BoneFang
[04.05.26 22:52:15:041] INFO instancemanager.StarterPackManager: StarterPack: classId=31 validated as DARK_FIGHTER race=DARKELF
[04.05.26 22:52:15:047] INFO instancemanager.StarterPackManager: StarterPack: Player.create() returned obj=268483155 for classId=31 name=BoneFang
[04.05.26 22:52:15:093] INFO instancemanager.StarterPackManager: StarterPack: initNewChar completed for BoneFang result=true
[04.05.26 22:52:15:110] INFO instancemanager.StarterPackManager: StarterPack: Player.restore() returned BoneFang for objId=268483155
[04.05.26 22:52:15:120] INFO instancemanager.StarterPackManager: StarterPack: Bot BoneFang entered world at 28350,11039,-4232
[04.05.26 22:52:15:120] INFO instancemanager.StarterPackManager: StarterPack: Spawned bot BoneFang (class=31/DARK_FIGHTER, race=DARKELF, objId=268483155)
[04.05.26 22:52:15:541] INFO instancemanager.StarterPackManager: StarterPack: Attempting to spawn classId=38 name=BoneEdge
[04.05.26 22:52:15:541] INFO instancemanager.StarterPackManager: StarterPack: classId=38 validated as DARK_MAGE race=DARKELF
[04.05.26 22:52:15:546] INFO instancemanager.StarterPackManager: StarterPack: Player.create() returned obj=268483177 for classId=38 name=BoneEdge
[04.05.26 22:52:15:624] INFO instancemanager.StarterPackManager: StarterPack: initNewChar completed for BoneEdge result=true
[04.05.26 22:52:15:643] INFO instancemanager.StarterPackManager: StarterPack: Player.restore() returned BoneEdge for objId=268483177
[04.05.26 22:52:15:655] INFO instancemanager.StarterPackManager: StarterPack: Bot BoneEdge entered world at 28384,11000,-4232
[04.05.26 22:52:15:655] INFO instancemanager.StarterPackManager: StarterPack: Spawned bot BoneEdge (class=38/DARK_MAGE, race=DARKELF, objId=268483177)
[04.05.26 22:52:16:041] INFO instancemanager.StarterPackManager: StarterPack: Attempting to spawn classId=44 name=BoneCore
[04.05.26 22:52:16:041] INFO instancemanager.StarterPackManager: StarterPack: classId=44 validated as ORC_FIGHTER race=ORC
[04.05.26 22:52:16:047] INFO instancemanager.StarterPackManager: StarterPack: Player.create() returned obj=268483196 for classId=44 name=BoneCore
[04.05.26 22:52:16:087] INFO instancemanager.StarterPackManager: StarterPack: initNewChar completed for BoneCore result=true
[04.05.26 22:52:16:104] INFO instancemanager.StarterPackManager: StarterPack: Player.restore() returned BoneCore for objId=268483196
[04.05.26 22:52:16:114] INFO instancemanager.StarterPackManager: StarterPack: Bot BoneCore entered world at -56687,-113642,-672
[04.05.26 22:52:16:114] INFO instancemanager.StarterPackManager: StarterPack: Spawned bot BoneCore (class=44/ORC_FIGHTER, race=ORC, objId=268483196)
[04.05.26 22:52:16:541] INFO instancemanager.StarterPackManager: StarterPack: Attempting to spawn classId=49 name=BoneZone
[04.05.26 22:52:16:541] INFO instancemanager.StarterPackManager: StarterPack: classId=49 validated as ORC_MAGE race=ORC
[04.05.26 22:52:16:547] INFO instancemanager.StarterPackManager: StarterPack: Player.create() returned obj=268483218 for classId=49 name=BoneZone
[04.05.26 22:52:16:611] INFO instancemanager.StarterPackManager: StarterPack: initNewChar completed for BoneZone result=true
[04.05.26 22:52:16:628] INFO instancemanager.StarterPackManager: StarterPack: Player.restore() returned BoneZone for objId=268483218
[04.05.26 22:52:16:638] INFO instancemanager.StarterPackManager: StarterPack: Bot BoneZone entered world at -56755,-113563,-672
[04.05.26 22:52:16:638] INFO instancemanager.StarterPackManager: StarterPack: Spawned bot BoneZone (class=49/ORC_MAGE, race=ORC, objId=268483218)
[04.05.26 22:52:17:041] INFO instancemanager.StarterPackManager: StarterPack: Attempting to spawn classId=53 name=BoneClaw
[04.05.26 22:52:17:041] INFO instancemanager.StarterPackManager: StarterPack: classId=53 validated as DWARVEN_FIGHTER race=DWARF
[04.05.26 22:52:17:046] INFO instancemanager.StarterPackManager: StarterPack: Player.create() returned obj=268483242 for classId=53 name=BoneClaw
[04.05.26 22:52:17:102] INFO instancemanager.StarterPackManager: StarterPack: initNewChar completed for BoneClaw result=true
[04.05.26 22:52:17:119] INFO instancemanager.StarterPackManager: StarterPack: Player.restore() returned BoneClaw for objId=268483242
[04.05.26 22:52:17:131] INFO instancemanager.StarterPackManager: StarterPack: Bot BoneClaw entered world at 108556,-174006,-408
[04.05.26 22:52:17:131] INFO instancemanager.StarterPackManager: StarterPack: Spawned bot BoneClaw (class=53/DWARVEN_FIGHTER, race=DWARF, objId=268483242)
[04.05.26 22:52:17:542] INFO instancemanager.StarterPackManager: StarterPack: Attempting to spawn classId=0 name=BoneSoul
[04.05.26 22:52:17:542] INFO instancemanager.StarterPackManager: StarterPack: classId=0 validated as HUMAN_FIGHTER race=HUMAN
[04.05.26 22:52:17:549] INFO instancemanager.StarterPackManager: StarterPack: Player.create() returned obj=268483261 for classId=0 name=BoneSoul
[04.05.26 22:52:17:593] INFO instancemanager.StarterPackManager: StarterPack: initNewChar completed for BoneSoul result=true
[04.05.26 22:52:17:611] INFO instancemanager.StarterPackManager: StarterPack: Player.restore() returned BoneSoul for objId=268483261
[04.05.26 22:52:17:619] INFO instancemanager.StarterPackManager: StarterPack: Bot BoneSoul entered world at -71431,258330,-3104
[04.05.26 22:52:17:619] INFO instancemanager.StarterPackManager: StarterPack: Spawned bot BoneSoul (class=0/HUMAN_FIGHTER, race=HUMAN, objId=268483261)
[04.05.26 22:52:18:041] INFO instancemanager.StarterPackManager: StarterPack: Attempting to spawn classId=10 name=BoneStar
[04.05.26 22:52:18:041] INFO instancemanager.StarterPackManager: StarterPack: classId=10 validated as HUMAN_MAGE race=HUMAN
[04.05.26 22:52:18:047] INFO instancemanager.StarterPackManager: StarterPack: Player.create() returned obj=268483283 for classId=10 name=BoneStar
[04.05.26 22:52:18:111] INFO instancemanager.StarterPackManager: StarterPack: initNewChar completed for BoneStar result=true
[04.05.26 22:52:18:127] INFO instancemanager.StarterPackManager: StarterPack: Player.restore() returned BoneStar for objId=268483283
[04.05.26 22:52:18:137] INFO instancemanager.StarterPackManager: StarterPack: Bot BoneStar entered world at -90847,248120,-3568
[04.05.26 22:52:18:137] INFO instancemanager.StarterPackManager: StarterPack: Spawned bot BoneStar (class=10/HUMAN_MAGE, race=HUMAN, objId=268483283)
[04.05.26 22:52:18:541] INFO instancemanager.StarterPackManager: StarterPack: Attempting to spawn classId=18 name=BoneFire
[04.05.26 22:52:18:541] INFO instancemanager.StarterPackManager: StarterPack: classId=18 validated as ELVEN_FIGHTER race=ELF
[04.05.26 22:52:18:547] INFO instancemanager.StarterPackManager: StarterPack: Player.create() returned obj=268483303 for classId=18 name=BoneFire
[04.05.26 22:52:18:591] INFO instancemanager.StarterPackManager: StarterPack: initNewChar completed for BoneFire result=true
[04.05.26 22:52:18:608] INFO instancemanager.StarterPackManager: StarterPack: Player.restore() returned BoneFire for objId=268483303
[04.05.26 22:52:18:621] INFO instancemanager.StarterPackManager: StarterPack: Bot BoneFire entered world at 46044,41239,-3504
[04.05.26 22:52:18:621] INFO instancemanager.StarterPackManager: StarterPack: Spawned bot BoneFire (class=18/ELVEN_FIGHTER, race=ELF, objId=268483303)
[04.05.26 22:52:19:041] INFO instancemanager.StarterPackManager: StarterPack: Attempting to spawn classId=25 name=BoneWind
[04.05.26 22:52:19:041] INFO instancemanager.StarterPackManager: StarterPack: classId=25 validated as ELVEN_MAGE race=ELF
[04.05.26 22:52:19:048] INFO instancemanager.StarterPackManager: StarterPack: Player.create() returned obj=268483336 for classId=25 name=BoneWind
[04.05.26 22:52:19:102] INFO instancemanager.StarterPackManager: StarterPack: initNewChar completed for BoneWind result=true
[04.05.26 22:52:19:119] INFO instancemanager.StarterPackManager: StarterPack: Player.restore() returned BoneWind for objId=268483336
[04.05.26 22:52:19:130] INFO instancemanager.StarterPackManager: StarterPack: Bot BoneWind entered world at 46043,41187,-3504
[04.05.26 22:52:19:130] INFO instancemanager.StarterPackManager: StarterPack: Spawned bot BoneWind (class=25/ELVEN_MAGE, race=ELF, objId=268483336)
[04.05.26 22:52:19:542] INFO instancemanager.StarterPackManager: StarterPack: Attempting to spawn classId=31 name=BoneRage
[04.05.26 22:52:19:542] INFO instancemanager.StarterPackManager: StarterPack: classId=31 validated as DARK_FIGHTER race=DARKELF
[04.05.26 22:52:19:546] INFO instancemanager.StarterPackManager: StarterPack: Player.create() returned obj=268483352 for classId=31 name=BoneRage
[04.05.26 22:52:19:604] INFO instancemanager.StarterPackManager: StarterPack: initNewChar completed for BoneRage result=true
[04.05.26 22:52:19:621] INFO instancemanager.StarterPackManager: StarterPack: Player.restore() returned BoneRage for objId=268483352
[04.05.26 22:52:19:634] INFO instancemanager.StarterPackManager: StarterPack: Bot BoneRage entered world at 28412,11014,-4232
[04.05.26 22:52:19:634] INFO instancemanager.StarterPackManager: StarterPack: Spawned bot BoneRage (class=31/DARK_FIGHTER, race=DARKELF, objId=268483352)
[04.05.26 22:52:20:042] INFO instancemanager.StarterPackManager: StarterPack: Attempting to spawn classId=38 name=BoneHawk
[04.05.26 22:52:20:042] INFO instancemanager.StarterPackManager: StarterPack: classId=38 validated as DARK_MAGE race=DARKELF
[04.05.26 22:52:20:047] INFO instancemanager.StarterPackManager: StarterPack: Player.create() returned obj=268483374 for classId=38 name=BoneHawk
[04.05.26 22:52:20:096] INFO instancemanager.StarterPackManager: StarterPack: initNewChar completed for BoneHawk result=true
[04.05.26 22:52:20:115] INFO instancemanager.StarterPackManager: StarterPack: Player.restore() returned BoneHawk for objId=268483374
[04.05.26 22:52:20:128] INFO instancemanager.StarterPackManager: StarterPack: Bot BoneHawk entered world at 28405,11064,-4232
[04.05.26 22:52:20:128] INFO instancemanager.StarterPackManager: StarterPack: Spawned bot BoneHawk (class=38/DARK_MAGE, race=DARKELF, objId=268483374)
[04.05.26 22:52:20:541] INFO instancemanager.StarterPackManager: StarterPack: Attempting to spawn classId=44 name=BoneWolf
[04.05.26 22:52:20:541] INFO instancemanager.StarterPackManager: StarterPack: classId=44 validated as ORC_FIGHTER race=ORC
[04.05.26 22:52:20:547] INFO instancemanager.StarterPackManager: StarterPack: Player.create() returned obj=268483398 for classId=44 name=BoneWolf
[04.05.26 22:52:20:603] INFO instancemanager.StarterPackManager: StarterPack: initNewChar completed for BoneWolf result=true
[04.05.26 22:52:20:619] INFO instancemanager.StarterPackManager: StarterPack: Player.restore() returned BoneWolf for objId=268483398
[04.05.26 22:52:20:633] INFO instancemanager.StarterPackManager: StarterPack: Bot BoneWolf entered world at -56721,-113642,-672
[04.05.26 22:52:20:633] INFO instancemanager.StarterPackManager: StarterPack: Spawned bot BoneWolf (class=44/ORC_FIGHTER, race=ORC, objId=268483398)
[04.05.26 22:52:21:041] INFO instancemanager.StarterPackManager: StarterPack: Attempting to spawn classId=49 name=BoneStrike
[04.05.26 22:52:21:041] INFO instancemanager.StarterPackManager: StarterPack: classId=49 validated as ORC_MAGE race=ORC
[04.05.26 22:52:21:046] INFO instancemanager.StarterPackManager: StarterPack: Player.create() returned obj=268483428 for classId=49 name=BoneStrike
[04.05.26 22:52:21:112] INFO instancemanager.StarterPackManager: StarterPack: initNewChar completed for BoneStrike result=true
[04.05.26 22:52:21:129] INFO instancemanager.StarterPackManager: StarterPack: Player.restore() returned BoneStrike for objId=268483428
[04.05.26 22:52:21:143] INFO instancemanager.StarterPackManager: StarterPack: Bot BoneStrike entered world at -56676,-113553,-672
[04.05.26 22:52:21:143] INFO instancemanager.StarterPackManager: StarterPack: Spawned bot BoneStrike (class=49/ORC_MAGE, race=ORC, objId=268483428)
[04.05.26 22:52:21:541] INFO instancemanager.StarterPackManager: StarterPack: Attempting to spawn classId=53 name=BoneVeil
[04.05.26 22:52:21:541] INFO instancemanager.StarterPackManager: StarterPack: classId=53 validated as DWARVEN_FIGHTER race=DWARF
[04.05.26 22:52:21:548] INFO instancemanager.StarterPackManager: StarterPack: Player.create() returned obj=268483446 for classId=53 name=BoneVeil
[04.05.26 22:52:21:591] INFO instancemanager.StarterPackManager: StarterPack: initNewChar completed for BoneVeil result=true
[04.05.26 22:52:21:609] INFO instancemanager.StarterPackManager: StarterPack: Player.restore() returned BoneVeil for objId=268483446
[04.05.26 22:52:21:618] INFO instancemanager.StarterPackManager: StarterPack: Bot BoneVeil entered world at 108627,-174045,-408
[04.05.26 22:52:21:618] INFO instancemanager.StarterPackManager: StarterPack: Spawned bot BoneVeil (class=53/DWARVEN_FIGHTER, race=DWARF, objId=268483446)
[04.05.26 22:52:22:041] INFO instancemanager.StarterPackManager: StarterPack: Attempting to spawn classId=0 name=BoneWisp
[04.05.26 22:52:22:041] INFO instancemanager.StarterPackManager: StarterPack: classId=0 validated as HUMAN_FIGHTER race=HUMAN
[04.05.26 22:52:22:048] INFO instancemanager.StarterPackManager: StarterPack: Player.create() returned obj=268483467 for classId=0 name=BoneWisp
[04.05.26 22:52:22:108] INFO instancemanager.StarterPackManager: StarterPack: initNewChar completed for BoneWisp result=true
[04.05.26 22:52:22:124] INFO instancemanager.StarterPackManager: StarterPack: Player.restore() returned BoneWisp for objId=268483467
[04.05.26 22:52:22:134] INFO instancemanager.StarterPackManager: StarterPack: Bot BoneWisp entered world at -71434,258370,-3072
[04.05.26 22:52:22:134] INFO instancemanager.StarterPackManager: StarterPack: Spawned bot BoneWisp (class=0/HUMAN_FIGHTER, race=HUMAN, objId=268483467)
[04.05.26 22:52:22:541] INFO instancemanager.StarterPackManager: StarterPack: Attempting to spawn classId=10 name=BoneGloom
[04.05.26 22:52:22:541] INFO instancemanager.StarterPackManager: StarterPack: classId=10 validated as HUMAN_MAGE race=HUMAN
[04.05.26 22:52:22:545] INFO instancemanager.StarterPackManager: StarterPack: Player.create() returned obj=268483498 for classId=10 name=BoneGloom
[04.05.26 22:52:22:601] INFO instancemanager.StarterPackManager: StarterPack: initNewChar completed for BoneGloom result=true
[04.05.26 22:52:22:618] INFO instancemanager.StarterPackManager: StarterPack: Player.restore() returned BoneGloom for objId=268483498
[04.05.26 22:52:22:631] INFO instancemanager.StarterPackManager: StarterPack: Bot BoneGloom entered world at -90885,248114,-3568
[04.05.26 22:52:22:631] INFO instancemanager.StarterPackManager: StarterPack: Spawned bot BoneGloom (class=10/HUMAN_MAGE, race=HUMAN, objId=268483498)
[04.05.26 22:52:23:041] INFO instancemanager.StarterPackManager: StarterPack: Attempting to spawn classId=18 name=BoneStone
[04.05.26 22:52:23:041] INFO instancemanager.StarterPackManager: StarterPack: classId=18 validated as ELVEN_FIGHTER race=ELF
[04.05.26 22:52:23:048] INFO instancemanager.StarterPackManager: StarterPack: Player.create() returned obj=268483519 for classId=18 name=BoneStone
[04.05.26 22:52:23:085] INFO instancemanager.StarterPackManager: StarterPack: initNewChar completed for BoneStone result=true
[04.05.26 22:52:23:101] INFO instancemanager.StarterPackManager: StarterPack: Player.restore() returned BoneStone for objId=268483519
[04.05.26 22:52:23:111] INFO instancemanager.StarterPackManager: StarterPack: Bot BoneStone entered world at 46094,41173,-3504
[04.05.26 22:52:23:111] INFO instancemanager.StarterPackManager: StarterPack: Spawned bot BoneStone (class=18/ELVEN_FIGHTER, race=ELF, objId=268483519)
[04.05.26 22:52:23:541] INFO instancemanager.StarterPackManager: StarterPack: Attempting to spawn classId=25 name=BoneCrown
[04.05.26 22:52:23:541] INFO instancemanager.StarterPackManager: StarterPack: classId=25 validated as ELVEN_MAGE race=ELF
[04.05.26 22:52:23:545] INFO instancemanager.StarterPackManager: StarterPack: Player.create() returned obj=268483541 for classId=25 name=BoneCrown
[04.05.26 22:52:23:618] INFO instancemanager.StarterPackManager: StarterPack: initNewChar completed for BoneCrown result=true
[04.05.26 22:52:23:637] INFO instancemanager.StarterPackManager: StarterPack: Player.restore() returned BoneCrown for objId=268483541
[04.05.26 22:52:23:650] INFO instancemanager.StarterPackManager: StarterPack: Bot BoneCrown entered world at 46114,41217,-3504
[04.05.26 22:52:23:651] INFO instancemanager.StarterPackManager: StarterPack: Spawned bot BoneCrown (class=25/ELVEN_MAGE, race=ELF, objId=268483541)
[04.05.26 22:52:24:041] INFO instancemanager.StarterPackManager: StarterPack: Attempting to spawn classId=31 name=BoneThorn
[04.05.26 22:52:24:041] INFO instancemanager.StarterPackManager: StarterPack: classId=31 validated as DARK_FIGHTER race=DARKELF
[04.05.26 22:52:24:047] INFO instancemanager.StarterPackManager: StarterPack: Player.create() returned obj=268483564 for classId=31 name=BoneThorn
[04.05.26 22:52:24:107] INFO instancemanager.StarterPackManager: StarterPack: initNewChar completed for BoneThorn result=true
[04.05.26 22:52:24:124] INFO instancemanager.StarterPackManager: StarterPack: Player.restore() returned BoneThorn for objId=268483564
[04.05.26 22:52:24:133] INFO instancemanager.StarterPackManager: StarterPack: Bot BoneThorn entered world at 28390,11038,-4232
[04.05.26 22:52:24:133] INFO instancemanager.StarterPackManager: StarterPack: Spawned bot BoneThorn (class=31/DARK_FIGHTER, race=DARKELF, objId=268483564)
[04.05.26 22:52:24:542] INFO instancemanager.StarterPackManager: StarterPack: Attempting to spawn classId=38 name=BoneSpark
[04.05.26 22:52:24:542] INFO instancemanager.StarterPackManager: StarterPack: classId=38 validated as DARK_MAGE race=DARKELF
[04.05.26 22:52:24:546] INFO instancemanager.StarterPackManager: StarterPack: Player.create() returned obj=268483583 for classId=38 name=BoneSpark
[04.05.26 22:52:24:603] INFO instancemanager.StarterPackManager: StarterPack: initNewChar completed for BoneSpark result=true
[04.05.26 22:52:24:621] INFO instancemanager.StarterPackManager: StarterPack: Player.restore() returned BoneSpark for objId=268483583
[04.05.26 22:52:24:634] INFO instancemanager.StarterPackManager: StarterPack: Bot BoneSpark entered world at 28415,11065,-4232
[04.05.26 22:52:24:634] INFO instancemanager.StarterPackManager: StarterPack: Spawned bot BoneSpark (class=38/DARK_MAGE, race=DARKELF, objId=268483583)
[04.05.26 22:52:25:042] INFO instancemanager.StarterPackManager: StarterPack: Attempting to spawn classId=44 name=BoneFlash
[04.05.26 22:52:25:042] INFO instancemanager.StarterPackManager: StarterPack: classId=44 validated as ORC_FIGHTER race=ORC
[04.05.26 22:52:25:046] INFO instancemanager.StarterPackManager: StarterPack: Player.create() returned obj=268483609 for classId=44 name=BoneFlash
[04.05.26 22:52:25:083] INFO instancemanager.StarterPackManager: StarterPack: initNewChar completed for BoneFlash result=true
[04.05.26 22:52:25:100] INFO instancemanager.StarterPackManager: StarterPack: Player.restore() returned BoneFlash for objId=268483609
[04.05.26 22:52:25:110] INFO instancemanager.StarterPackManager: StarterPack: Bot BoneFlash entered world at -56693,-113595,-672
[04.05.26 22:52:25:110] INFO instancemanager.StarterPackManager: StarterPack: Spawned bot BoneFlash (class=44/ORC_FIGHTER, race=ORC, objId=268483609)
[04.05.26 22:52:25:542] INFO instancemanager.StarterPackManager: StarterPack: Attempting to spawn classId=49 name=BoneBloom
[04.05.26 22:52:25:542] INFO instancemanager.StarterPackManager: StarterPack: classId=49 validated as ORC_MAGE race=ORC
[04.05.26 22:52:25:551] INFO instancemanager.StarterPackManager: StarterPack: Player.create() returned obj=268483630 for classId=49 name=BoneBloom
[04.05.26 22:52:25:633] INFO instancemanager.StarterPackManager: StarterPack: initNewChar completed for BoneBloom result=true
[04.05.26 22:52:25:650] INFO instancemanager.StarterPackManager: StarterPack: Player.restore() returned BoneBloom for objId=268483630
[04.05.26 22:52:25:665] INFO instancemanager.StarterPackManager: StarterPack: Bot BoneBloom entered world at -56747,-113620,-672
[04.05.26 22:52:25:666] INFO instancemanager.StarterPackManager: StarterPack: Spawned bot BoneBloom (class=49/ORC_MAGE, race=ORC, objId=268483630)
[04.05.26 22:52:26:042] INFO instancemanager.StarterPackManager: StarterPack: Attempting to spawn classId=53 name=BoneCreek
[04.05.26 22:52:26:042] INFO instancemanager.StarterPackManager: StarterPack: classId=53 validated as DWARVEN_FIGHTER race=DWARF
[04.05.26 22:52:26:051] INFO instancemanager.StarterPackManager: StarterPack: Player.create() returned obj=268483646 for classId=53 name=BoneCreek
[04.05.26 22:52:26:125] INFO instancemanager.StarterPackManager: StarterPack: initNewChar completed for BoneCreek result=true
[04.05.26 22:52:26:145] INFO instancemanager.StarterPackManager: StarterPack: Player.restore() returned BoneCreek for objId=268483646
[04.05.26 22:52:26:158] INFO instancemanager.StarterPackManager: StarterPack: Bot BoneCreek entered world at 108591,-174068,-408
[04.05.26 22:52:26:158] INFO instancemanager.StarterPackManager: StarterPack: Spawned bot BoneCreek (class=53/DWARVEN_FIGHTER, race=DWARF, objId=268483646)
[04.05.26 22:52:26:541] INFO instancemanager.StarterPackManager: StarterPack: Attempting to spawn classId=0 name=BoneMarsh
[04.05.26 22:52:26:541] INFO instancemanager.StarterPackManager: StarterPack: classId=0 validated as HUMAN_FIGHTER race=HUMAN
[04.05.26 22:52:26:548] INFO instancemanager.StarterPackManager: StarterPack: Player.create() returned obj=268483668 for classId=0 name=BoneMarsh
[04.05.26 22:52:26:606] INFO instancemanager.StarterPackManager: StarterPack: initNewChar completed for BoneMarsh result=true
[04.05.26 22:52:26:623] INFO instancemanager.StarterPackManager: StarterPack: Player.restore() returned BoneMarsh for objId=268483668
[04.05.26 22:52:26:633] INFO instancemanager.StarterPackManager: StarterPack: Bot BoneMarsh entered world at -71358,258272,-3104
[04.05.26 22:52:26:633] INFO instancemanager.StarterPackManager: StarterPack: Spawned bot BoneMarsh (class=0/HUMAN_FIGHTER, race=HUMAN, objId=268483668)
[04.05.26 22:52:27:041] INFO instancemanager.StarterPackManager: StarterPack: Attempting to spawn classId=10 name=BoneField
[04.05.26 22:52:27:041] INFO instancemanager.StarterPackManager: StarterPack: classId=10 validated as HUMAN_MAGE race=HUMAN
[04.05.26 22:52:27:045] INFO instancemanager.StarterPackManager: StarterPack: Player.create() returned obj=268483696 for classId=10 name=BoneField
[04.05.26 22:52:27:109] INFO instancemanager.StarterPackManager: StarterPack: initNewChar completed for BoneField result=true
[04.05.26 22:52:27:125] INFO instancemanager.StarterPackManager: StarterPack: Player.restore() returned BoneField for objId=268483696
[04.05.26 22:52:27:137] INFO instancemanager.StarterPackManager: StarterPack: Bot BoneField entered world at -90860,248108,-3568
[04.05.26 22:52:27:137] INFO instancemanager.StarterPackManager: StarterPack: Spawned bot BoneField (class=10/HUMAN_MAGE, race=HUMAN, objId=268483696)
[04.05.26 22:52:27:542] INFO instancemanager.StarterPackManager: StarterPack: Attempting to spawn classId=18 name=BoneGrove
[04.05.26 22:52:27:542] INFO instancemanager.StarterPackManager: StarterPack: classId=18 validated as ELVEN_FIGHTER race=ELF
[04.05.26 22:52:27:547] INFO instancemanager.StarterPackManager: StarterPack: Player.create() returned obj=268483714 for classId=18 name=BoneGrove
[04.05.26 22:52:27:584] INFO instancemanager.StarterPackManager: StarterPack: initNewChar completed for BoneGrove result=true
[04.05.26 22:52:27:600] INFO instancemanager.StarterPackManager: StarterPack: Player.restore() returned BoneGrove for objId=268483714
[04.05.26 22:52:27:611] INFO instancemanager.StarterPackManager: StarterPack: Bot BoneGrove entered world at 46076,41225,-3504
[04.05.26 22:52:27:611] INFO instancemanager.StarterPackManager: StarterPack: Spawned bot BoneGrove (class=18/ELVEN_FIGHTER, race=ELF, objId=268483714)
[04.05.26 22:52:28:042] INFO instancemanager.StarterPackManager: StarterPack: Attempting to spawn classId=25 name=BoneCrest
[04.05.26 22:52:28:042] INFO instancemanager.StarterPackManager: StarterPack: classId=25 validated as ELVEN_MAGE race=ELF
[04.05.26 22:52:28:049] INFO instancemanager.StarterPackManager: StarterPack: Player.create() returned obj=268483734 for classId=25 name=BoneCrest
[04.05.26 22:52:28:105] INFO instancemanager.StarterPackManager: StarterPack: initNewChar completed for BoneCrest result=true
[04.05.26 22:52:28:121] INFO instancemanager.StarterPackManager: StarterPack: Player.restore() returned BoneCrest for objId=268483734
[04.05.26 22:52:28:133] INFO instancemanager.StarterPackManager: StarterPack: Bot BoneCrest entered world at 46087,41182,-3504
[04.05.26 22:52:28:133] INFO instancemanager.StarterPackManager: StarterPack: Spawned bot BoneCrest (class=25/ELVEN_MAGE, race=ELF, objId=268483734)
[04.05.26 22:52:28:541] INFO instancemanager.StarterPackManager: StarterPack: Attempting to spawn classId=31 name=BoneRidge
[04.05.26 22:52:28:541] INFO instancemanager.StarterPackManager: StarterPack: classId=31 validated as DARK_FIGHTER race=DARKELF
[04.05.26 22:52:28:547] INFO instancemanager.StarterPackManager: StarterPack: Player.create() returned obj=268483755 for classId=31 name=BoneRidge
[04.05.26 22:52:28:601] INFO instancemanager.StarterPackManager: StarterPack: initNewChar completed for BoneRidge result=true
[04.05.26 22:52:28:621] INFO instancemanager.StarterPackManager: StarterPack: Player.restore() returned BoneRidge for objId=268483755
[04.05.26 22:52:28:637] INFO instancemanager.StarterPackManager: StarterPack: Bot BoneRidge entered world at 28343,11027,-4232
[04.05.26 22:52:28:637] INFO instancemanager.StarterPackManager: StarterPack: Spawned bot BoneRidge (class=31/DARK_FIGHTER, race=DARKELF, objId=268483755)
[04.05.26 22:52:29:042] INFO instancemanager.StarterPackManager: StarterPack: Attempting to spawn classId=38 name=BoneDrake
[04.05.26 22:52:29:042] INFO instancemanager.StarterPackManager: StarterPack: classId=38 validated as DARK_MAGE race=DARKELF
[04.05.26 22:52:29:046] INFO instancemanager.StarterPackManager: StarterPack: Player.create() returned obj=268483783 for classId=38 name=BoneDrake
[04.05.26 22:52:29:091] INFO instancemanager.StarterPackManager: StarterPack: initNewChar completed for BoneDrake result=true
[04.05.26 22:52:29:110] INFO instancemanager.StarterPackManager: StarterPack: Player.restore() returned BoneDrake for objId=268483783
[04.05.26 22:52:29:123] INFO instancemanager.StarterPackManager: StarterPack: Bot BoneDrake entered world at 28389,10993,-4232
[04.05.26 22:52:29:123] INFO instancemanager.StarterPackManager: StarterPack: Spawned bot BoneDrake (class=38/DARK_MAGE, race=DARKELF, objId=268483783)
[04.05.26 22:52:29:542] INFO instancemanager.StarterPackManager: StarterPack: Attempting to spawn classId=44 name=BoneSerpent
[04.05.26 22:52:29:543] INFO instancemanager.StarterPackManager: StarterPack: classId=44 validated as ORC_FIGHTER race=ORC
[04.05.26 22:52:29:548] INFO instancemanager.StarterPackManager: StarterPack: Player.create() returned obj=268483802 for classId=44 name=BoneSerpent
[04.05.26 22:52:29:607] INFO instancemanager.StarterPackManager: StarterPack: initNewChar completed for BoneSerpent result=true
[04.05.26 22:52:29:627] INFO instancemanager.StarterPackManager: StarterPack: Player.restore() returned BoneSerpent for objId=268483802
[04.05.26 22:52:29:636] INFO instancemanager.StarterPackManager: StarterPack: Bot BoneSerpent entered world at -56730,-113628,-672
[04.05.26 22:52:29:637] INFO instancemanager.StarterPackManager: StarterPack: Spawned bot BoneSerpent (class=44/ORC_FIGHTER, race=ORC, objId=268483802)
[04.05.26 22:52:30:042] INFO instancemanager.StarterPackManager: StarterPack: Attempting to spawn classId=49 name=GaleBlade
[04.05.26 22:52:30:042] INFO instancemanager.StarterPackManager: StarterPack: classId=49 validated as ORC_MAGE race=ORC
[04.05.26 22:52:30:046] INFO instancemanager.StarterPackManager: StarterPack: Player.create() returned obj=268483818 for classId=49 name=GaleBlade
[04.05.26 22:52:30:114] INFO instancemanager.StarterPackManager: StarterPack: initNewChar completed for GaleBlade result=true
[04.05.26 22:52:30:132] INFO instancemanager.StarterPackManager: StarterPack: Player.restore() returned GaleBlade for objId=268483818
[04.05.26 22:52:30:145] INFO instancemanager.StarterPackManager: StarterPack: Bot GaleBlade entered world at -56678,-113574,-672
[04.05.26 22:52:30:145] INFO instancemanager.StarterPackManager: StarterPack: Spawned bot GaleBlade (class=49/ORC_MAGE, race=ORC, objId=268483818)
[04.05.26 22:52:30:542] INFO instancemanager.StarterPackManager: StarterPack: Attempting to spawn classId=53 name=GaleFang
[04.05.26 22:52:30:542] INFO instancemanager.StarterPackManager: StarterPack: classId=53 validated as DWARVEN_FIGHTER race=DWARF
[04.05.26 22:52:30:548] INFO instancemanager.StarterPackManager: StarterPack: Player.create() returned obj=268483841 for classId=53 name=GaleFang
[04.05.26 22:52:30:588] INFO instancemanager.StarterPackManager: StarterPack: initNewChar completed for GaleFang result=true
[04.05.26 22:52:30:604] INFO instancemanager.StarterPackManager: StarterPack: Player.restore() returned GaleFang for objId=268483841
[04.05.26 22:52:30:614] INFO instancemanager.StarterPackManager: StarterPack: Bot GaleFang entered world at 108612,-174054,-408
[04.05.26 22:52:30:614] INFO instancemanager.StarterPackManager: StarterPack: Spawned bot GaleFang (class=53/DWARVEN_FIGHTER, race=DWARF, objId=268483841)
[04.05.26 22:52:31:041] INFO instancemanager.StarterPackManager: StarterPack: Attempting to spawn classId=0 name=GaleEdge
[04.05.26 22:52:31:041] INFO instancemanager.StarterPackManager: StarterPack: classId=0 validated as HUMAN_FIGHTER race=HUMAN
[04.05.26 22:52:31:048] INFO instancemanager.StarterPackManager: StarterPack: Player.create() returned obj=268483869 for classId=0 name=GaleEdge
[04.05.26 22:52:31:109] INFO instancemanager.StarterPackManager: StarterPack: initNewChar completed for GaleEdge result=true
[04.05.26 22:52:31:124] INFO instancemanager.StarterPackManager: StarterPack: Player.restore() returned GaleEdge for objId=268483869
[04.05.26 22:52:31:134] INFO instancemanager.StarterPackManager: StarterPack: Bot GaleEdge entered world at -71369,258311,-3104
[04.05.26 22:52:31:134] INFO instancemanager.StarterPackManager: StarterPack: Spawned bot GaleEdge (class=0/HUMAN_FIGHTER, race=HUMAN, objId=268483869)
[04.05.26 22:52:31:541] INFO instancemanager.StarterPackManager: StarterPack: Attempting to spawn classId=10 name=GaleCore
[04.05.26 22:52:31:541] INFO instancemanager.StarterPackManager: StarterPack: classId=10 validated as HUMAN_MAGE race=HUMAN
[04.05.26 22:52:31:546] INFO instancemanager.StarterPackManager: StarterPack: Player.create() returned obj=268483891 for classId=10 name=GaleCore
[04.05.26 22:52:31:598] INFO instancemanager.StarterPackManager: StarterPack: initNewChar completed for GaleCore result=true
[04.05.26 22:52:31:617] INFO instancemanager.StarterPackManager: StarterPack: Player.restore() returned GaleCore for objId=268483891
[04.05.26 22:52:31:628] INFO instancemanager.StarterPackManager: StarterPack: Bot GaleCore entered world at -90869,248053,-3568
[04.05.26 22:52:31:628] INFO instancemanager.StarterPackManager: StarterPack: Spawned bot GaleCore (class=10/HUMAN_MAGE, race=HUMAN, objId=268483891)
[04.05.26 22:52:32:041] INFO instancemanager.StarterPackManager: StarterPack: Attempting to spawn classId=18 name=GaleZone
[04.05.26 22:52:32:041] INFO instancemanager.StarterPackManager: StarterPack: classId=18 validated as ELVEN_FIGHTER race=ELF
[04.05.26 22:52:32:048] INFO instancemanager.StarterPackManager: StarterPack: Player.create() returned obj=268483910 for classId=18 name=GaleZone
[04.05.26 22:52:32:092] INFO instancemanager.StarterPackManager: StarterPack: initNewChar completed for GaleZone result=true
[04.05.26 22:52:32:108] INFO instancemanager.StarterPackManager: StarterPack: Player.restore() returned GaleZone for objId=268483910
[04.05.26 22:52:32:119] INFO instancemanager.StarterPackManager: StarterPack: Bot GaleZone entered world at 46085,41227,-3504
[04.05.26 22:52:32:119] INFO instancemanager.StarterPackManager: StarterPack: Spawned bot GaleZone (class=18/ELVEN_FIGHTER, race=ELF, objId=268483910)
[04.05.26 22:52:32:541] INFO instancemanager.StarterPackManager: StarterPack: Attempting to spawn classId=25 name=GaleClaw
[04.05.26 22:52:32:541] INFO instancemanager.StarterPackManager: StarterPack: classId=25 validated as ELVEN_MAGE race=ELF
[04.05.26 22:52:32:546] INFO instancemanager.StarterPackManager: StarterPack: Player.create() returned obj=268483933 for classId=25 name=GaleClaw
[04.05.26 22:52:32:613] INFO instancemanager.StarterPackManager: StarterPack: initNewChar completed for GaleClaw result=true
[04.05.26 22:52:32:631] INFO instancemanager.StarterPackManager: StarterPack: Player.restore() returned GaleClaw for objId=268483933
[04.05.26 22:52:32:645] INFO instancemanager.StarterPackManager: StarterPack: Bot GaleClaw entered world at 46076,41227,-3504
[04.05.26 22:52:32:645] INFO instancemanager.StarterPackManager: StarterPack: Spawned bot GaleClaw (class=25/ELVEN_MAGE, race=ELF, objId=268483933)
[04.05.26 22:52:33:041] INFO instancemanager.StarterPackManager: StarterPack: Attempting to spawn classId=31 name=GaleSoul
[04.05.26 22:52:33:041] INFO instancemanager.StarterPackManager: StarterPack: classId=31 validated as DARK_FIGHTER race=DARKELF
[04.05.26 22:52:33:046] INFO instancemanager.StarterPackManager: StarterPack: Player.create() returned obj=268483960 for classId=31 name=GaleSoul
[04.05.26 22:52:33:083] INFO instancemanager.StarterPackManager: StarterPack: initNewChar completed for GaleSoul result=true
[04.05.26 22:52:33:101] INFO instancemanager.StarterPackManager: StarterPack: Player.restore() returned GaleSoul for objId=268483960
[04.05.26 22:52:33:113] INFO instancemanager.StarterPackManager: StarterPack: Bot GaleSoul entered world at 28375,10978,-4232
[04.05.26 22:52:33:113] INFO instancemanager.StarterPackManager: StarterPack: Spawned bot GaleSoul (class=31/DARK_FIGHTER, race=DARKELF, objId=268483960)
[04.05.26 22:52:33:541] INFO instancemanager.StarterPackManager: StarterPack: Attempting to spawn classId=38 name=GaleStar
[04.05.26 22:52:33:541] INFO instancemanager.StarterPackManager: StarterPack: classId=38 validated as DARK_MAGE race=DARKELF
[04.05.26 22:52:33:548] INFO instancemanager.StarterPackManager: StarterPack: Player.create() returned obj=268483981 for classId=38 name=GaleStar
[04.05.26 22:52:33:610] INFO instancemanager.StarterPackManager: StarterPack: initNewChar completed for GaleStar result=true
[04.05.26 22:52:33:627] INFO instancemanager.StarterPackManager: StarterPack: Player.restore() returned GaleStar for objId=268483981
[04.05.26 22:52:33:638] INFO instancemanager.StarterPackManager: StarterPack: Bot GaleStar entered world at 28364,11063,-4232
[04.05.26 22:52:33:638] INFO instancemanager.StarterPackManager: StarterPack: Spawned bot GaleStar (class=38/DARK_MAGE, race=DARKELF, objId=268483981)
[04.05.26 22:52:34:041] INFO instancemanager.StarterPackManager: StarterPack: Attempting to spawn classId=44 name=GaleFire
[04.05.26 22:52:34:041] INFO instancemanager.StarterPackManager: StarterPack: classId=44 validated as ORC_FIGHTER race=ORC
[04.05.26 22:52:34:049] INFO instancemanager.StarterPackManager: StarterPack: Player.create() returned obj=268484001 for classId=44 name=GaleFire
[04.05.26 22:52:34:113] INFO instancemanager.StarterPackManager: StarterPack: initNewChar completed for GaleFire result=true
[04.05.26 22:52:34:132] INFO instancemanager.StarterPackManager: StarterPack: Player.restore() returned GaleFire for objId=268484001
[04.05.26 22:52:34:142] INFO instancemanager.StarterPackManager: StarterPack: Bot GaleFire entered world at -56751,-113621,-672
[04.05.26 22:52:34:142] INFO instancemanager.StarterPackManager: StarterPack: Spawned bot GaleFire (class=44/ORC_FIGHTER, race=ORC, objId=268484001)
[04.05.26 22:52:34:542] INFO instancemanager.StarterPackManager: StarterPack: Attempting to spawn classId=49 name=GaleWind
[04.05.26 22:52:34:542] INFO instancemanager.StarterPackManager: StarterPack: classId=49 validated as ORC_MAGE race=ORC
[04.05.26 22:52:34:547] INFO instancemanager.StarterPackManager: StarterPack: Player.create() returned obj=268484029 for classId=49 name=GaleWind
[04.05.26 22:52:34:600] INFO instancemanager.StarterPackManager: StarterPack: initNewChar completed for GaleWind result=true
[04.05.26 22:52:34:618] INFO instancemanager.StarterPackManager: StarterPack: Player.restore() returned GaleWind for objId=268484029
[04.05.26 22:52:34:631] INFO instancemanager.StarterPackManager: StarterPack: Bot GaleWind entered world at -56743,-113616,-672
[04.05.26 22:52:34:631] INFO instancemanager.StarterPackManager: StarterPack: Spawned bot GaleWind (class=49/ORC_MAGE, race=ORC, objId=268484029)
[04.05.26 22:52:35:041] INFO instancemanager.StarterPackManager: StarterPack: Attempting to spawn classId=53 name=GaleRage
[04.05.26 22:52:35:041] INFO instancemanager.StarterPackManager: StarterPack: classId=53 validated as DWARVEN_FIGHTER race=DWARF
[04.05.26 22:52:35:047] INFO instancemanager.StarterPackManager: StarterPack: Player.create() returned obj=268484055 for classId=53 name=GaleRage
[04.05.26 22:52:35:086] INFO instancemanager.StarterPackManager: StarterPack: initNewChar completed for GaleRage result=true
[04.05.26 22:52:35:103] INFO instancemanager.StarterPackManager: StarterPack: Player.restore() returned GaleRage for objId=268484055
[04.05.26 22:52:35:112] INFO instancemanager.StarterPackManager: StarterPack: Bot GaleRage entered world at 108639,-174082,-272
[04.05.26 22:52:35:112] INFO instancemanager.StarterPackManager: StarterPack: Spawned bot GaleRage (class=53/DWARVEN_FIGHTER, race=DWARF, objId=268484055)
[04.05.26 22:52:35:542] INFO instancemanager.StarterPackManager: StarterPack: Attempting to spawn classId=0 name=GaleHawk
[04.05.26 22:52:35:542] INFO instancemanager.StarterPackManager: StarterPack: classId=0 validated as HUMAN_FIGHTER race=HUMAN
[04.05.26 22:52:35:547] INFO instancemanager.StarterPackManager: StarterPack: Player.create() returned obj=268484074 for classId=0 name=GaleHawk
[04.05.26 22:52:35:617] INFO instancemanager.StarterPackManager: StarterPack: initNewChar completed for GaleHawk result=true
[04.05.26 22:52:35:637] INFO instancemanager.StarterPackManager: StarterPack: Player.restore() returned GaleHawk for objId=268484074
[04.05.26 22:52:35:647] INFO instancemanager.StarterPackManager: StarterPack: Bot GaleHawk entered world at -71352,258271,-3104
[04.05.26 22:52:35:647] INFO instancemanager.StarterPackManager: StarterPack: Spawned bot GaleHawk (class=0/HUMAN_FIGHTER, race=HUMAN, objId=268484074)
[04.05.26 22:52:36:041] INFO instancemanager.StarterPackManager: StarterPack: Attempting to spawn classId=10 name=GaleWolf
[04.05.26 22:52:36:041] INFO instancemanager.StarterPackManager: StarterPack: classId=10 validated as HUMAN_MAGE race=HUMAN
[04.05.26 22:52:36:050] INFO instancemanager.StarterPackManager: StarterPack: Player.create() returned obj=268484094 for classId=10 name=GaleWolf
[04.05.26 22:52:36:148] INFO instancemanager.StarterPackManager: StarterPack: initNewChar completed for GaleWolf result=true
[04.05.26 22:52:36:169] INFO instancemanager.StarterPackManager: StarterPack: Player.restore() returned GaleWolf for objId=268484094
[04.05.26 22:52:36:182] INFO instancemanager.StarterPackManager: StarterPack: Bot GaleWolf entered world at -90837,248046,-3568
[04.05.26 22:52:36:182] INFO instancemanager.StarterPackManager: StarterPack: Spawned bot GaleWolf (class=10/HUMAN_MAGE, race=HUMAN, objId=268484094)
[04.05.26 22:52:36:541] INFO instancemanager.StarterPackManager: StarterPack: Attempting to spawn classId=18 name=GaleStrike
[04.05.26 22:52:36:541] INFO instancemanager.StarterPackManager: StarterPack: classId=18 validated as ELVEN_FIGHTER race=ELF
[04.05.26 22:52:36:546] INFO instancemanager.StarterPackManager: StarterPack: Player.create() returned obj=268484118 for classId=18 name=GaleStrike
[04.05.26 22:52:36:595] INFO instancemanager.StarterPackManager: StarterPack: initNewChar completed for GaleStrike result=true
[04.05.26 22:52:36:611] INFO instancemanager.StarterPackManager: StarterPack: Player.restore() returned GaleStrike for objId=268484118
[04.05.26 22:52:36:624] INFO instancemanager.StarterPackManager: StarterPack: Bot GaleStrike entered world at 46100,41157,-3504
[04.05.26 22:52:36:624] INFO instancemanager.StarterPackManager: StarterPack: Spawned bot GaleStrike (class=18/ELVEN_FIGHTER, race=ELF, objId=268484118)
[04.05.26 22:52:37:042] INFO instancemanager.StarterPackManager: StarterPack: Attempting to spawn classId=25 name=GaleVeil
[04.05.26 22:52:37:042] INFO instancemanager.StarterPackManager: StarterPack: classId=25 validated as ELVEN_MAGE race=ELF
[04.05.26 22:52:37:046] INFO instancemanager.StarterPackManager: StarterPack: Player.create() returned obj=268484147 for classId=25 name=GaleVeil
[04.05.26 22:52:37:108] INFO instancemanager.StarterPackManager: StarterPack: initNewChar completed for GaleVeil result=true
[04.05.26 22:52:37:125] INFO instancemanager.StarterPackManager: StarterPack: Player.restore() returned GaleVeil for objId=268484147
[04.05.26 22:52:37:138] INFO instancemanager.StarterPackManager: StarterPack: Bot GaleVeil entered world at 46050,41216,-3504
[04.05.26 22:52:37:138] INFO instancemanager.StarterPackManager: StarterPack: Spawned bot GaleVeil (class=25/ELVEN_MAGE, race=ELF, objId=268484147)
[04.05.26 22:52:37:541] INFO instancemanager.StarterPackManager: StarterPack: Attempting to spawn classId=31 name=GaleWisp
[04.05.26 22:52:37:541] INFO instancemanager.StarterPackManager: StarterPack: classId=31 validated as DARK_FIGHTER race=DARKELF
[04.05.26 22:52:37:549] INFO instancemanager.StarterPackManager: StarterPack: Player.create() returned obj=268484161 for classId=31 name=GaleWisp
[04.05.26 22:52:37:594] INFO instancemanager.StarterPackManager: StarterPack: initNewChar completed for GaleWisp result=true
[04.05.26 22:52:37:611] INFO instancemanager.StarterPackManager: StarterPack: Player.restore() returned GaleWisp for objId=268484161
[04.05.26 22:52:37:622] INFO instancemanager.StarterPackManager: StarterPack: Bot GaleWisp entered world at 28379,11016,-4232
[04.05.26 22:52:37:622] INFO instancemanager.StarterPackManager: StarterPack: Spawned bot GaleWisp (class=31/DARK_FIGHTER, race=DARKELF, objId=268484161)
[04.05.26 22:52:38:041] INFO instancemanager.StarterPackManager: StarterPack: Attempting to spawn classId=38 name=GaleGloom
[04.05.26 22:52:38:041] INFO instancemanager.StarterPackManager: StarterPack: classId=38 validated as DARK_MAGE race=DARKELF
[04.05.26 22:52:38:049] INFO instancemanager.StarterPackManager: StarterPack: Player.create() returned obj=268484182 for classId=38 name=GaleGloom
[04.05.26 22:52:38:118] INFO instancemanager.StarterPackManager: StarterPack: initNewChar completed for GaleGloom result=true
[04.05.26 22:52:38:136] INFO instancemanager.StarterPackManager: StarterPack: Player.restore() returned GaleGloom for objId=268484182
[04.05.26 22:52:38:147] INFO instancemanager.StarterPackManager: StarterPack: Bot GaleGloom entered world at 28331,11060,-4232
[04.05.26 22:52:38:147] INFO instancemanager.StarterPackManager: StarterPack: Spawned bot GaleGloom (class=38/DARK_MAGE, race=DARKELF, objId=268484182)
[04.05.26 22:52:38:541] INFO instancemanager.StarterPackManager: StarterPack: Attempting to spawn classId=44 name=GaleStone
[04.05.26 22:52:38:541] INFO instancemanager.StarterPackManager: StarterPack: classId=44 validated as ORC_FIGHTER race=ORC
[04.05.26 22:52:38:545] INFO instancemanager.StarterPackManager: StarterPack: Player.create() returned obj=268484202 for classId=44 name=GaleStone
[04.05.26 22:52:38:595] INFO instancemanager.StarterPackManager: StarterPack: initNewChar completed for GaleStone result=true
[04.05.26 22:52:38:613] INFO instancemanager.StarterPackManager: StarterPack: Player.restore() returned GaleStone for objId=268484202
[04.05.26 22:52:38:626] INFO instancemanager.StarterPackManager: StarterPack: Bot GaleStone entered world at -56762,-113603,-672
[04.05.26 22:52:38:626] INFO instancemanager.StarterPackManager: StarterPack: Spawned bot GaleStone (class=44/ORC_FIGHTER, race=ORC, objId=268484202)
[04.05.26 22:52:39:041] INFO instancemanager.StarterPackManager: StarterPack: Attempting to spawn classId=49 name=GaleCrown
[04.05.26 22:52:39:041] INFO instancemanager.StarterPackManager: StarterPack: classId=49 validated as ORC_MAGE race=ORC
[04.05.26 22:52:39:047] INFO instancemanager.StarterPackManager: StarterPack: Player.create() returned obj=268484230 for classId=49 name=GaleCrown
[04.05.26 22:52:39:107] INFO instancemanager.StarterPackManager: StarterPack: initNewChar completed for GaleCrown result=true
[04.05.26 22:52:39:125] INFO instancemanager.StarterPackManager: StarterPack: Player.restore() returned GaleCrown for objId=268484230
[04.05.26 22:52:39:138] INFO instancemanager.StarterPackManager: StarterPack: Bot GaleCrown entered world at -56703,-113553,-672
[04.05.26 22:52:39:138] INFO instancemanager.StarterPackManager: StarterPack: Spawned bot GaleCrown (class=49/ORC_MAGE, race=ORC, objId=268484230)
[04.05.26 22:52:39:541] INFO instancemanager.StarterPackManager: StarterPack: Attempting to spawn classId=53 name=GaleThorn
[04.05.26 22:52:39:541] INFO instancemanager.StarterPackManager: StarterPack: classId=53 validated as DWARVEN_FIGHTER race=DWARF
[04.05.26 22:52:39:547] INFO instancemanager.StarterPackManager: StarterPack: Player.create() returned obj=268484245 for classId=53 name=GaleThorn
[04.05.26 22:52:39:589] INFO instancemanager.StarterPackManager: StarterPack: initNewChar completed for GaleThorn result=true
[04.05.26 22:52:39:604] INFO instancemanager.StarterPackManager: StarterPack: Player.restore() returned GaleThorn for objId=268484245
[04.05.26 22:52:39:615] INFO instancemanager.StarterPackManager: StarterPack: Bot GaleThorn entered world at 108621,-174043,-408
[04.05.26 22:52:39:615] INFO instancemanager.StarterPackManager: StarterPack: Spawned bot GaleThorn (class=53/DWARVEN_FIGHTER, race=DWARF, objId=268484245)
[04.05.26 22:52:40:041] INFO instancemanager.StarterPackManager: StarterPack: Attempting to spawn classId=0 name=GaleSpark
[04.05.26 22:52:40:041] INFO instancemanager.StarterPackManager: StarterPack: classId=0 validated as HUMAN_FIGHTER race=HUMAN
[04.05.26 22:52:40:048] INFO instancemanager.StarterPackManager: StarterPack: Player.create() returned obj=268484262 for classId=0 name=GaleSpark
[04.05.26 22:52:40:103] INFO instancemanager.StarterPackManager: StarterPack: initNewChar completed for GaleSpark result=true
[04.05.26 22:52:40:120] INFO instancemanager.StarterPackManager: StarterPack: Player.restore() returned GaleSpark for objId=268484262
[04.05.26 22:52:40:130] INFO instancemanager.StarterPackManager: StarterPack: Bot GaleSpark entered world at -71394,258302,-3104
[04.05.26 22:52:40:130] INFO instancemanager.StarterPackManager: StarterPack: Spawned bot GaleSpark (class=0/HUMAN_FIGHTER, race=HUMAN, objId=268484262)
[04.05.26 22:52:40:541] INFO instancemanager.StarterPackManager: StarterPack: Attempting to spawn classId=10 name=GaleFlash
[04.05.26 22:52:40:541] INFO instancemanager.StarterPackManager: StarterPack: classId=10 validated as HUMAN_MAGE race=HUMAN
[04.05.26 22:52:40:546] INFO instancemanager.StarterPackManager: StarterPack: Player.create() returned obj=268484295 for classId=10 name=GaleFlash
[04.05.26 22:52:40:600] INFO instancemanager.StarterPackManager: StarterPack: initNewChar completed for GaleFlash result=true
[04.05.26 22:52:40:617] INFO instancemanager.StarterPackManager: StarterPack: Player.restore() returned GaleFlash for objId=268484295
[04.05.26 22:52:40:628] INFO instancemanager.StarterPackManager: StarterPack: Bot GaleFlash entered world at -90879,248109,-3568
[04.05.26 22:52:40:628] INFO instancemanager.StarterPackManager: StarterPack: Spawned bot GaleFlash (class=10/HUMAN_MAGE, race=HUMAN, objId=268484295)
[04.05.26 22:52:41:041] INFO instancemanager.StarterPackManager: StarterPack: Attempting to spawn classId=18 name=GaleBloom
[04.05.26 22:52:41:041] INFO instancemanager.StarterPackManager: StarterPack: classId=18 validated as ELVEN_FIGHTER race=ELF
[04.05.26 22:52:41:047] INFO instancemanager.StarterPackManager: StarterPack: Player.create() returned obj=268484326 for classId=18 name=GaleBloom
[04.05.26 22:52:41:085] INFO instancemanager.StarterPackManager: StarterPack: initNewChar completed for GaleBloom result=true
[04.05.26 22:52:41:103] INFO instancemanager.StarterPackManager: StarterPack: Player.restore() returned GaleBloom for objId=268484326
[04.05.26 22:52:41:113] INFO instancemanager.StarterPackManager: StarterPack: Bot GaleBloom entered world at 46059,41165,-3504
[04.05.26 22:52:41:114] INFO instancemanager.StarterPackManager: StarterPack: Spawned bot GaleBloom (class=18/ELVEN_FIGHTER, race=ELF, objId=268484326)
[04.05.26 22:52:41:541] INFO instancemanager.StarterPackManager: StarterPack: Attempting to spawn classId=25 name=GaleCreek
[04.05.26 22:52:41:541] INFO instancemanager.StarterPackManager: StarterPack: classId=25 validated as ELVEN_MAGE race=ELF
[04.05.26 22:52:41:546] INFO instancemanager.StarterPackManager: StarterPack: Player.create() returned obj=268484345 for classId=25 name=GaleCreek
[04.05.26 22:52:41:615] INFO instancemanager.StarterPackManager: StarterPack: initNewChar completed for GaleCreek result=true
[04.05.26 22:52:41:633] INFO instancemanager.StarterPackManager: StarterPack: Player.restore() returned GaleCreek for objId=268484345
[04.05.26 22:52:41:647] INFO instancemanager.StarterPackManager: StarterPack: Bot GaleCreek entered world at 46073,41160,-3504
[04.05.26 22:52:41:647] INFO instancemanager.StarterPackManager: StarterPack: Spawned bot GaleCreek (class=25/ELVEN_MAGE, race=ELF, objId=268484345)
[04.05.26 22:52:42:041] INFO instancemanager.StarterPackManager: StarterPack: Attempting to spawn classId=31 name=GaleMarsh
[04.05.26 22:52:42:041] INFO instancemanager.StarterPackManager: StarterPack: classId=31 validated as DARK_FIGHTER race=DARKELF
[04.05.26 22:52:42:047] INFO instancemanager.StarterPackManager: StarterPack: Player.create() returned obj=268484361 for classId=31 name=GaleMarsh
[04.05.26 22:52:42:088] INFO instancemanager.StarterPackManager: StarterPack: initNewChar completed for GaleMarsh result=true
[04.05.26 22:52:42:106] INFO instancemanager.StarterPackManager: StarterPack: Player.restore() returned GaleMarsh for objId=268484361
[04.05.26 22:52:42:120] INFO instancemanager.StarterPackManager: StarterPack: Bot GaleMarsh entered world at 28349,10984,-4232
[04.05.26 22:52:42:120] INFO instancemanager.StarterPackManager: StarterPack: Spawned bot GaleMarsh (class=31/DARK_FIGHTER, race=DARKELF, objId=268484361)
[04.05.26 22:52:42:541] INFO instancemanager.StarterPackManager: StarterPack: Attempting to spawn classId=38 name=GaleField
[04.05.26 22:52:42:541] INFO instancemanager.StarterPackManager: StarterPack: classId=38 validated as DARK_MAGE race=DARKELF
[04.05.26 22:52:42:548] INFO instancemanager.StarterPackManager: StarterPack: Player.create() returned obj=268484385 for classId=38 name=GaleField
[04.05.26 22:52:42:610] INFO instancemanager.StarterPackManager: StarterPack: initNewChar completed for GaleField result=true
[04.05.26 22:52:42:626] INFO instancemanager.StarterPackManager: StarterPack: Player.restore() returned GaleField for objId=268484385
[04.05.26 22:52:42:636] INFO instancemanager.StarterPackManager: StarterPack: Bot GaleField entered world at 28401,10992,-4232
[04.05.26 22:52:42:636] INFO instancemanager.StarterPackManager: StarterPack: Spawned bot GaleField (class=38/DARK_MAGE, race=DARKELF, objId=268484385)
[04.05.26 22:52:43:041] INFO instancemanager.StarterPackManager: StarterPack: Attempting to spawn classId=44 name=GaleGrove
[04.05.26 22:52:43:041] INFO instancemanager.StarterPackManager: StarterPack: classId=44 validated as ORC_FIGHTER race=ORC
[04.05.26 22:52:43:048] INFO instancemanager.StarterPackManager: StarterPack: Player.create() returned obj=268484416 for classId=44 name=GaleGrove
[04.05.26 22:52:43:111] INFO instancemanager.StarterPackManager: StarterPack: initNewChar completed for GaleGrove result=true
[04.05.26 22:52:43:128] INFO instancemanager.StarterPackManager: StarterPack: Player.restore() returned GaleGrove for objId=268484416
[04.05.26 22:52:43:141] INFO instancemanager.StarterPackManager: StarterPack: Bot GaleGrove entered world at -56759,-113556,-672
[04.05.26 22:52:43:141] INFO instancemanager.StarterPackManager: StarterPack: Spawned bot GaleGrove (class=44/ORC_FIGHTER, race=ORC, objId=268484416)
[04.05.26 22:52:43:541] INFO instancemanager.StarterPackManager: StarterPack: Attempting to spawn classId=49 name=GaleCrest
[04.05.26 22:52:43:541] INFO instancemanager.StarterPackManager: StarterPack: classId=49 validated as ORC_MAGE race=ORC
[04.05.26 22:52:43:548] INFO instancemanager.StarterPackManager: StarterPack: Player.create() returned obj=268484434 for classId=49 name=GaleCrest
[04.05.26 22:52:43:594] INFO instancemanager.StarterPackManager: StarterPack: initNewChar completed for GaleCrest result=true
[04.05.26 22:52:43:610] INFO instancemanager.StarterPackManager: StarterPack: Player.restore() returned GaleCrest for objId=268484434
[04.05.26 22:52:43:621] INFO instancemanager.StarterPackManager: StarterPack: Bot GaleCrest entered world at -56759,-113580,-672
[04.05.26 22:52:43:622] INFO instancemanager.StarterPackManager: StarterPack: Spawned bot GaleCrest (class=49/ORC_MAGE, race=ORC, objId=268484434)
[04.05.26 22:52:44:041] INFO instancemanager.StarterPackManager: StarterPack: Attempting to spawn classId=53 name=GaleRidge
[04.05.26 22:52:44:041] INFO instancemanager.StarterPackManager: StarterPack: classId=53 validated as DWARVEN_FIGHTER race=DWARF
[04.05.26 22:52:44:047] INFO instancemanager.StarterPackManager: StarterPack: Player.create() returned obj=268484452 for classId=53 name=GaleRidge
[04.05.26 22:52:44:085] INFO instancemanager.StarterPackManager: StarterPack: initNewChar completed for GaleRidge result=true
[04.05.26 22:52:44:102] INFO instancemanager.StarterPackManager: StarterPack: Player.restore() returned GaleRidge for objId=268484452
[04.05.26 22:52:44:112] INFO instancemanager.StarterPackManager: StarterPack: Bot GaleRidge entered world at 108544,-174051,-408
[04.05.26 22:52:44:112] INFO instancemanager.StarterPackManager: StarterPack: Spawned bot GaleRidge (class=53/DWARVEN_FIGHTER, race=DWARF, objId=268484452)
[04.05.26 22:52:44:541] INFO instancemanager.StarterPackManager: StarterPack: Attempting to spawn classId=0 name=GaleDrake
[04.05.26 22:52:44:541] INFO instancemanager.StarterPackManager: StarterPack: classId=0 validated as HUMAN_FIGHTER race=HUMAN
[04.05.26 22:52:44:547] INFO instancemanager.StarterPackManager: StarterPack: Player.create() returned obj=268484480 for classId=0 name=GaleDrake
[04.05.26 22:52:44:608] INFO instancemanager.StarterPackManager: StarterPack: initNewChar completed for GaleDrake result=true
[04.05.26 22:52:44:625] INFO instancemanager.StarterPackManager: StarterPack: Player.restore() returned GaleDrake for objId=268484480
[04.05.26 22:52:44:639] INFO instancemanager.StarterPackManager: StarterPack: Bot GaleDrake entered world at -71416,258331,-3104
[04.05.26 22:52:44:639] INFO instancemanager.StarterPackManager: StarterPack: Spawned bot GaleDrake (class=0/HUMAN_FIGHTER, race=HUMAN, objId=268484480)
[04.05.26 22:52:45:041] INFO instancemanager.StarterPackManager: StarterPack: Attempting to spawn classId=10 name=GaleSerpent
[04.05.26 22:52:45:041] INFO instancemanager.StarterPackManager: StarterPack: classId=10 validated as HUMAN_MAGE race=HUMAN
[04.05.26 22:52:45:044] INFO instancemanager.StarterPackManager: StarterPack: Player.create() returned obj=268484514 for classId=10 name=GaleSerpent
[04.05.26 22:52:45:107] INFO instancemanager.StarterPackManager: StarterPack: initNewChar completed for GaleSerpent result=true
[04.05.26 22:52:45:127] INFO instancemanager.StarterPackManager: StarterPack: Player.restore() returned GaleSerpent for objId=268484514
[04.05.26 22:52:45:138] INFO instancemanager.StarterPackManager: StarterPack: Bot GaleSerpent entered world at -90834,248105,-3568
[04.05.26 22:52:45:138] INFO instancemanager.StarterPackManager: StarterPack: Spawned bot GaleSerpent (class=10/HUMAN_MAGE, race=HUMAN, objId=268484514)
[04.05.26 22:52:45:541] INFO instancemanager.StarterPackManager: StarterPack: Attempting to spawn classId=18 name=DuskBlade
[04.05.26 22:52:45:541] INFO instancemanager.StarterPackManager: StarterPack: classId=18 validated as ELVEN_FIGHTER race=ELF
[04.05.26 22:52:45:548] INFO instancemanager.StarterPackManager: StarterPack: Player.create() returned obj=268484532 for classId=18 name=DuskBlade
[04.05.26 22:52:45:593] INFO instancemanager.StarterPackManager: StarterPack: initNewChar completed for DuskBlade result=true
[04.05.26 22:52:45:612] INFO instancemanager.StarterPackManager: StarterPack: Player.restore() returned DuskBlade for objId=268484532
[04.05.26 22:52:45:628] INFO instancemanager.StarterPackManager: StarterPack: Bot DuskBlade entered world at 46124,41183,-3504
[04.05.26 22:52:45:628] INFO instancemanager.StarterPackManager: StarterPack: Spawned bot DuskBlade (class=18/ELVEN_FIGHTER, race=ELF, objId=268484532)
[04.05.26 22:52:46:041] INFO instancemanager.StarterPackManager: StarterPack: Attempting to spawn classId=25 name=DuskFang
[04.05.26 22:52:46:041] INFO instancemanager.StarterPackManager: StarterPack: classId=25 validated as ELVEN_MAGE race=ELF
[04.05.26 22:52:46:046] INFO instancemanager.StarterPackManager: StarterPack: Player.create() returned obj=268484552 for classId=25 name=DuskFang
[04.05.26 22:52:46:148] INFO instancemanager.StarterPackManager: StarterPack: initNewChar completed for DuskFang result=true
[04.05.26 22:52:46:168] INFO instancemanager.StarterPackManager: StarterPack: Player.restore() returned DuskFang for objId=268484552
[04.05.26 22:52:46:184] INFO instancemanager.StarterPackManager: StarterPack: Bot DuskFang entered world at 46048,41175,-3504
[04.05.26 22:52:46:184] INFO instancemanager.StarterPackManager: StarterPack: Spawned bot DuskFang (class=25/ELVEN_MAGE, race=ELF, objId=268484552)
[04.05.26 22:52:46:541] INFO instancemanager.StarterPackManager: StarterPack: Attempting to spawn classId=31 name=DuskEdge
[04.05.26 22:52:46:541] INFO instancemanager.StarterPackManager: StarterPack: classId=31 validated as DARK_FIGHTER race=DARKELF
[04.05.26 22:52:46:548] INFO instancemanager.StarterPackManager: StarterPack: Player.create() returned obj=268484579 for classId=31 name=DuskEdge
[04.05.26 22:52:46:599] INFO instancemanager.StarterPackManager: StarterPack: initNewChar completed for DuskEdge result=true
[04.05.26 22:52:46:616] INFO instancemanager.StarterPackManager: StarterPack: Player.restore() returned DuskEdge for objId=268484579
[04.05.26 22:52:46:627] INFO instancemanager.StarterPackManager: StarterPack: Bot DuskEdge entered world at 28371,11050,-4232
[04.05.26 22:52:46:627] INFO instancemanager.StarterPackManager: StarterPack: Spawned bot DuskEdge (class=31/DARK_FIGHTER, race=DARKELF, objId=268484579)
[04.05.26 22:52:47:043] INFO instancemanager.StarterPackManager: StarterPack: Attempting to spawn classId=38 name=DuskCore
[04.05.26 22:52:47:043] INFO instancemanager.StarterPackManager: StarterPack: classId=38 validated as DARK_MAGE race=DARKELF
[04.05.26 22:52:47:047] INFO instancemanager.StarterPackManager: StarterPack: Player.create() returned obj=268484606 for classId=38 name=DuskCore
[04.05.26 22:52:47:118] INFO instancemanager.StarterPackManager: StarterPack: initNewChar completed for DuskCore result=true
[04.05.26 22:52:47:136] INFO instancemanager.StarterPackManager: StarterPack: Player.restore() returned DuskCore for objId=268484606
[04.05.26 22:52:47:149] INFO instancemanager.StarterPackManager: StarterPack: Bot DuskCore entered world at 28415,11056,-4232
[04.05.26 22:52:47:149] INFO instancemanager.StarterPackManager: StarterPack: Spawned bot DuskCore (class=38/DARK_MAGE, race=DARKELF, objId=268484606)
[04.05.26 22:52:47:543] INFO instancemanager.StarterPackManager: StarterPack: Attempting to spawn classId=44 name=DuskZone
[04.05.26 22:52:47:543] INFO instancemanager.StarterPackManager: StarterPack: classId=44 validated as ORC_FIGHTER race=ORC
[04.05.26 22:52:47:546] INFO instancemanager.StarterPackManager: StarterPack: Player.create() returned obj=268484619 for classId=44 name=DuskZone
[04.05.26 22:52:47:584] INFO instancemanager.StarterPackManager: StarterPack: initNewChar completed for DuskZone result=true
[04.05.26 22:52:47:601] INFO instancemanager.StarterPackManager: StarterPack: Player.restore() returned DuskZone for objId=268484619
[04.05.26 22:52:47:612] INFO instancemanager.StarterPackManager: StarterPack: Bot DuskZone entered world at -56678,-113562,-672
[04.05.26 22:52:47:612] INFO instancemanager.StarterPackManager: StarterPack: Spawned bot DuskZone (class=44/ORC_FIGHTER, race=ORC, objId=268484619)
[04.05.26 22:52:48:042] INFO instancemanager.StarterPackManager: StarterPack: Attempting to spawn classId=49 name=DuskClaw
[04.05.26 22:52:48:042] INFO instancemanager.StarterPackManager: StarterPack: classId=49 validated as ORC_MAGE race=ORC
[04.05.26 22:52:48:048] INFO instancemanager.StarterPackManager: StarterPack: Player.create() returned obj=268484637 for classId=49 name=DuskClaw
[04.05.26 22:52:48:103] INFO instancemanager.StarterPackManager: StarterPack: initNewChar completed for DuskClaw result=true
[04.05.26 22:52:48:120] INFO instancemanager.StarterPackManager: StarterPack: Player.restore() returned DuskClaw for objId=268484637
[04.05.26 22:52:48:130] INFO instancemanager.StarterPackManager: StarterPack: Bot DuskClaw entered world at -56723,-113649,-672
[04.05.26 22:52:48:130] INFO instancemanager.StarterPackManager: StarterPack: Spawned bot DuskClaw (class=49/ORC_MAGE, race=ORC, objId=268484637)
[04.05.26 22:52:48:542] INFO instancemanager.StarterPackManager: StarterPack: Attempting to spawn classId=53 name=DuskSoul
[04.05.26 22:52:48:542] INFO instancemanager.StarterPackManager: StarterPack: classId=53 validated as DWARVEN_FIGHTER race=DWARF
[04.05.26 22:52:48:548] INFO instancemanager.StarterPackManager: StarterPack: Player.create() returned obj=268484658 for classId=53 name=DuskSoul
[04.05.26 22:52:48:603] INFO instancemanager.StarterPackManager: StarterPack: initNewChar completed for DuskSoul result=true
[04.05.26 22:52:48:621] INFO instancemanager.StarterPackManager: StarterPack: Player.restore() returned DuskSoul for objId=268484658
[04.05.26 22:52:48:634] INFO instancemanager.StarterPackManager: StarterPack: Bot DuskSoul entered world at 108624,-174061,-408
[04.05.26 22:52:48:634] INFO instancemanager.StarterPackManager: StarterPack: Spawned bot DuskSoul (class=53/DWARVEN_FIGHTER, race=DWARF, objId=268484658)
[04.05.26 22:52:49:041] INFO instancemanager.StarterPackManager: StarterPack: Attempting to spawn classId=0 name=DuskStar
[04.05.26 22:52:49:041] INFO instancemanager.StarterPackManager: StarterPack: classId=0 validated as HUMAN_FIGHTER race=HUMAN
[04.05.26 22:52:49:048] INFO instancemanager.StarterPackManager: StarterPack: Player.create() returned obj=268484687 for classId=0 name=DuskStar
[04.05.26 22:52:49:088] INFO instancemanager.StarterPackManager: StarterPack: initNewChar completed for DuskStar result=true
[04.05.26 22:52:49:105] INFO instancemanager.StarterPackManager: StarterPack: Player.restore() returned DuskStar for objId=268484687
[04.05.26 22:52:49:114] INFO instancemanager.StarterPackManager: StarterPack: Bot DuskStar entered world at -71410,258329,-3104
[04.05.26 22:52:49:114] INFO instancemanager.StarterPackManager: StarterPack: Spawned bot DuskStar (class=0/HUMAN_FIGHTER, race=HUMAN, objId=268484687)
[04.05.26 22:52:49:542] INFO instancemanager.StarterPackManager: StarterPack: Attempting to spawn classId=10 name=DuskFire
[04.05.26 22:52:49:542] INFO instancemanager.StarterPackManager: StarterPack: classId=10 validated as HUMAN_MAGE race=HUMAN
[04.05.26 22:52:49:547] INFO instancemanager.StarterPackManager: StarterPack: Player.create() returned obj=268484706 for classId=10 name=DuskFire
[04.05.26 22:52:49:618] INFO instancemanager.StarterPackManager: StarterPack: initNewChar completed for DuskFire result=true
[04.05.26 22:52:49:635] INFO instancemanager.StarterPackManager: StarterPack: Player.restore() returned DuskFire for objId=268484706
[04.05.26 22:52:49:646] INFO instancemanager.StarterPackManager: StarterPack: Bot DuskFire entered world at -90917,248051,-3568
[04.05.26 22:52:49:646] INFO instancemanager.StarterPackManager: StarterPack: Spawned bot DuskFire (class=10/HUMAN_MAGE, race=HUMAN, objId=268484706)
[04.05.26 22:52:50:042] INFO instancemanager.StarterPackManager: StarterPack: Attempting to spawn classId=18 name=DuskWind
[04.05.26 22:52:50:042] INFO instancemanager.StarterPackManager: StarterPack: classId=18 validated as ELVEN_FIGHTER race=ELF
[04.05.26 22:52:50:046] INFO instancemanager.StarterPackManager: StarterPack: Player.create() returned obj=268484727 for classId=18 name=DuskWind
[04.05.26 22:52:50:092] INFO instancemanager.StarterPackManager: StarterPack: initNewChar completed for DuskWind result=true
[04.05.26 22:52:50:111] INFO instancemanager.StarterPackManager: StarterPack: Player.restore() returned DuskWind for objId=268484727
[04.05.26 22:52:50:124] INFO instancemanager.StarterPackManager: StarterPack: Bot DuskWind entered world at 46106,41173,-3504
[04.05.26 22:52:50:124] INFO instancemanager.StarterPackManager: StarterPack: Spawned bot DuskWind (class=18/ELVEN_FIGHTER, race=ELF, objId=268484727)
[04.05.26 22:52:50:541] INFO instancemanager.StarterPackManager: StarterPack: Attempting to spawn classId=25 name=DuskRage
[04.05.26 22:52:50:541] INFO instancemanager.StarterPackManager: StarterPack: classId=25 validated as ELVEN_MAGE race=ELF
[04.05.26 22:52:50:548] INFO instancemanager.StarterPackManager: StarterPack: Player.create() returned obj=268484753 for classId=25 name=DuskRage
[04.05.26 22:52:50:605] INFO instancemanager.StarterPackManager: StarterPack: initNewChar completed for DuskRage result=true
[04.05.26 22:52:50:622] INFO instancemanager.StarterPackManager: StarterPack: Player.restore() returned DuskRage for objId=268484753
[04.05.26 22:52:50:633] INFO instancemanager.StarterPackManager: StarterPack: Bot DuskRage entered world at 46111,41240,-3504
[04.05.26 22:52:50:633] INFO instancemanager.StarterPackManager: StarterPack: Spawned bot DuskRage (class=25/ELVEN_MAGE, race=ELF, objId=268484753)
[04.05.26 22:52:51:042] INFO instancemanager.StarterPackManager: StarterPack: Attempting to spawn classId=31 name=DuskHawk
[04.05.26 22:52:51:042] INFO instancemanager.StarterPackManager: StarterPack: classId=31 validated as DARK_FIGHTER race=DARKELF
[04.05.26 22:52:51:047] INFO instancemanager.StarterPackManager: StarterPack: Player.create() returned obj=268484779 for classId=31 name=DuskHawk
[04.05.26 22:52:51:107] INFO instancemanager.StarterPackManager: StarterPack: initNewChar completed for DuskHawk result=true
[04.05.26 22:52:51:125] INFO instancemanager.StarterPackManager: StarterPack: Player.restore() returned DuskHawk for objId=268484779
[04.05.26 22:52:51:137] INFO instancemanager.StarterPackManager: StarterPack: Bot DuskHawk entered world at 28424,10990,-4232
[04.05.26 22:52:51:138] INFO instancemanager.StarterPackManager: StarterPack: Spawned bot DuskHawk (class=31/DARK_FIGHTER, race=DARKELF, objId=268484779)
[04.05.26 22:52:51:541] INFO instancemanager.StarterPackManager: StarterPack: Attempting to spawn classId=38 name=DuskWolf
[04.05.26 22:52:51:541] INFO instancemanager.StarterPackManager: StarterPack: classId=38 validated as DARK_MAGE race=DARKELF
[04.05.26 22:52:51:547] INFO instancemanager.StarterPackManager: StarterPack: Player.create() returned obj=268484796 for classId=38 name=DuskWolf
[04.05.26 22:52:51:592] INFO instancemanager.StarterPackManager: StarterPack: initNewChar completed for DuskWolf result=true
[04.05.26 22:52:51:610] INFO instancemanager.StarterPackManager: StarterPack: Player.restore() returned DuskWolf for objId=268484796
[04.05.26 22:52:51:623] INFO instancemanager.StarterPackManager: StarterPack: Bot DuskWolf entered world at 28376,11061,-4232
[04.05.26 22:52:51:623] INFO instancemanager.StarterPackManager: StarterPack: Spawned bot DuskWolf (class=38/DARK_MAGE, race=DARKELF, objId=268484796)
[04.05.26 22:52:52:041] INFO instancemanager.StarterPackManager: StarterPack: Attempting to spawn classId=44 name=DuskStrike
[04.05.26 22:52:52:041] INFO instancemanager.StarterPackManager: StarterPack: classId=44 validated as ORC_FIGHTER race=ORC
[04.05.26 22:52:52:048] INFO instancemanager.StarterPackManager: StarterPack: Player.create() returned obj=268484814 for classId=44 name=DuskStrike
[04.05.26 22:52:52:102] INFO instancemanager.StarterPackManager: StarterPack: initNewChar completed for DuskStrike result=true
[04.05.26 22:52:52:119] INFO instancemanager.StarterPackManager: StarterPack: Player.restore() returned DuskStrike for objId=268484814
[04.05.26 22:52:52:129] INFO instancemanager.StarterPackManager: StarterPack: Bot DuskStrike entered world at -56682,-113575,-672
[04.05.26 22:52:52:129] INFO instancemanager.StarterPackManager: StarterPack: Spawned bot DuskStrike (class=44/ORC_FIGHTER, race=ORC, objId=268484814)
[04.05.26 22:52:52:542] INFO instancemanager.StarterPackManager: StarterPack: Attempting to spawn classId=49 name=DuskVeil
[04.05.26 22:52:52:542] INFO instancemanager.StarterPackManager: StarterPack: classId=49 validated as ORC_MAGE race=ORC
[04.05.26 22:52:52:546] INFO instancemanager.StarterPackManager: StarterPack: Player.create() returned obj=268484839 for classId=49 name=DuskVeil
[04.05.26 22:52:52:611] INFO instancemanager.StarterPackManager: StarterPack: initNewChar completed for DuskVeil result=true
[04.05.26 22:52:52:628] INFO instancemanager.StarterPackManager: StarterPack: Player.restore() returned DuskVeil for objId=268484839
[04.05.26 22:52:52:641] INFO instancemanager.StarterPackManager: StarterPack: Bot DuskVeil entered world at -56705,-113601,-672
[04.05.26 22:52:52:642] INFO instancemanager.StarterPackManager: StarterPack: Spawned bot DuskVeil (class=49/ORC_MAGE, race=ORC, objId=268484839)
[04.05.26 22:52:53:041] INFO instancemanager.StarterPackManager: StarterPack: Attempting to spawn classId=53 name=DuskWisp
[04.05.26 22:52:53:041] INFO instancemanager.StarterPackManager: StarterPack: classId=53 validated as DWARVEN_FIGHTER race=DWARF
[04.05.26 22:52:53:047] INFO instancemanager.StarterPackManager: StarterPack: Player.create() returned obj=268484865 for classId=53 name=DuskWisp
[04.05.26 22:52:53:085] INFO instancemanager.StarterPackManager: StarterPack: initNewChar completed for DuskWisp result=true
[04.05.26 22:52:53:101] INFO instancemanager.StarterPackManager: StarterPack: Player.restore() returned DuskWisp for objId=268484865
[04.05.26 22:52:53:111] INFO instancemanager.StarterPackManager: StarterPack: Bot DuskWisp entered world at 108563,-174002,-408
[04.05.26 22:52:53:111] INFO instancemanager.StarterPackManager: StarterPack: Spawned bot DuskWisp (class=53/DWARVEN_FIGHTER, race=DWARF, objId=268484865)
[04.05.26 22:52:53:542] INFO instancemanager.StarterPackManager: StarterPack: Attempting to spawn classId=0 name=DuskGloom
[04.05.26 22:52:53:542] INFO instancemanager.StarterPackManager: StarterPack: classId=0 validated as HUMAN_FIGHTER race=HUMAN
[04.05.26 22:52:53:549] INFO instancemanager.StarterPackManager: StarterPack: Player.create() returned obj=268484883 for classId=0 name=DuskGloom
[04.05.26 22:52:53:609] INFO instancemanager.StarterPackManager: StarterPack: initNewChar completed for DuskGloom result=true
[04.05.26 22:52:53:628] INFO instancemanager.StarterPackManager: StarterPack: Player.restore() returned DuskGloom for objId=268484883
[04.05.26 22:52:53:640] INFO instancemanager.StarterPackManager: StarterPack: Bot DuskGloom entered world at -71432,258287,-3104
[04.05.26 22:52:53:640] INFO instancemanager.StarterPackManager: StarterPack: Spawned bot DuskGloom (class=0/HUMAN_FIGHTER, race=HUMAN, objId=268484883)
[04.05.26 22:52:54:042] INFO instancemanager.StarterPackManager: StarterPack: Attempting to spawn classId=10 name=DuskStone
[04.05.26 22:52:54:042] INFO instancemanager.StarterPackManager: StarterPack: classId=10 validated as HUMAN_MAGE race=HUMAN
[04.05.26 22:52:54:048] INFO instancemanager.StarterPackManager: StarterPack: Player.create() returned obj=268484906 for classId=10 name=DuskStone
[04.05.26 22:52:54:107] INFO instancemanager.StarterPackManager: StarterPack: initNewChar completed for DuskStone result=true
[04.05.26 22:52:54:123] INFO instancemanager.StarterPackManager: StarterPack: Player.restore() returned DuskStone for objId=268484906
[04.05.26 22:52:54:134] INFO instancemanager.StarterPackManager: StarterPack: Bot DuskStone entered world at -90896,248069,-3568
[04.05.26 22:52:54:134] INFO instancemanager.StarterPackManager: StarterPack: Spawned bot DuskStone (class=10/HUMAN_MAGE, race=HUMAN, objId=268484906)
[04.05.26 22:52:54:542] INFO instancemanager.StarterPackManager: StarterPack: Attempting to spawn classId=18 name=DuskCrown
[04.05.26 22:52:54:542] INFO instancemanager.StarterPackManager: StarterPack: classId=18 validated as ELVEN_FIGHTER race=ELF
[04.05.26 22:52:54:546] INFO instancemanager.StarterPackManager: StarterPack: Player.create() returned obj=268484928 for classId=18 name=DuskCrown
[04.05.26 22:52:54:582] INFO instancemanager.StarterPackManager: StarterPack: initNewChar completed for DuskCrown result=true
[04.05.26 22:52:54:599] INFO instancemanager.StarterPackManager: StarterPack: Player.restore() returned DuskCrown for objId=268484928
[04.05.26 22:52:54:610] INFO instancemanager.StarterPackManager: StarterPack: Bot DuskCrown entered world at 46068,41238,-3504
[04.05.26 22:52:54:610] INFO instancemanager.StarterPackManager: StarterPack: Spawned bot DuskCrown (class=18/ELVEN_FIGHTER, race=ELF, objId=268484928)
[04.05.26 22:52:55:042] INFO instancemanager.StarterPackManager: StarterPack: Attempting to spawn classId=25 name=DuskThorn
[04.05.26 22:52:55:042] INFO instancemanager.StarterPackManager: StarterPack: classId=25 validated as ELVEN_MAGE race=ELF
[04.05.26 22:52:55:049] INFO instancemanager.StarterPackManager: StarterPack: Player.create() returned obj=268484956 for classId=25 name=DuskThorn
[04.05.26 22:52:55:115] INFO instancemanager.StarterPackManager: StarterPack: initNewChar completed for DuskThorn result=true
[04.05.26 22:52:55:133] INFO instancemanager.StarterPackManager: StarterPack: Player.restore() returned DuskThorn for objId=268484956
[04.05.26 22:52:55:144] INFO instancemanager.StarterPackManager: StarterPack: Bot DuskThorn entered world at 46112,41150,-3504
[04.05.26 22:52:55:144] INFO instancemanager.StarterPackManager: StarterPack: Spawned bot DuskThorn (class=25/ELVEN_MAGE, race=ELF, objId=268484956)
[04.05.26 22:52:55:542] INFO instancemanager.StarterPackManager: StarterPack: Attempting to spawn classId=31 name=DuskSpark
[04.05.26 22:52:55:542] INFO instancemanager.StarterPackManager: StarterPack: classId=31 validated as DARK_FIGHTER race=DARKELF
[04.05.26 22:52:55:547] INFO instancemanager.StarterPackManager: StarterPack: Player.create() returned obj=268484978 for classId=31 name=DuskSpark
[04.05.26 22:52:55:597] INFO instancemanager.StarterPackManager: StarterPack: initNewChar completed for DuskSpark result=true
[04.05.26 22:52:55:620] INFO instancemanager.StarterPackManager: StarterPack: Player.restore() returned DuskSpark for objId=268484978
[04.05.26 22:52:55:637] INFO instancemanager.StarterPackManager: StarterPack: Bot DuskSpark entered world at 28416,11060,-4232
[04.05.26 22:52:55:637] INFO instancemanager.StarterPackManager: StarterPack: Spawned bot DuskSpark (class=31/DARK_FIGHTER, race=DARKELF, objId=268484978)
[04.05.26 22:52:56:041] INFO instancemanager.StarterPackManager: StarterPack: Attempting to spawn classId=38 name=DuskFlash
[04.05.26 22:52:56:041] INFO instancemanager.StarterPackManager: StarterPack: classId=38 validated as DARK_MAGE race=DARKELF
[04.05.26 22:52:56:048] INFO instancemanager.StarterPackManager: StarterPack: Player.create() returned obj=268484997 for classId=38 name=DuskFlash
[04.05.26 22:52:56:146] INFO instancemanager.StarterPackManager: StarterPack: initNewChar completed for DuskFlash result=true
[04.05.26 22:52:56:167] INFO instancemanager.StarterPackManager: StarterPack: Player.restore() returned DuskFlash for objId=268484997
[04.05.26 22:52:56:180] INFO instancemanager.StarterPackManager: StarterPack: Bot DuskFlash entered world at 28404,11039,-4232
[04.05.26 22:52:56:180] INFO instancemanager.StarterPackManager: StarterPack: Spawned bot DuskFlash (class=38/DARK_MAGE, race=DARKELF, objId=268484997)
[04.05.26 22:52:56:543] INFO instancemanager.StarterPackManager: StarterPack: Attempting to spawn classId=44 name=DuskBloom
[04.05.26 22:52:56:543] INFO instancemanager.StarterPackManager: StarterPack: classId=44 validated as ORC_FIGHTER race=ORC
[04.05.26 22:52:56:547] INFO instancemanager.StarterPackManager: StarterPack: Player.create() returned obj=268485020 for classId=44 name=DuskBloom
[04.05.26 22:52:56:596] INFO instancemanager.StarterPackManager: StarterPack: initNewChar completed for DuskBloom result=true
[04.05.26 22:52:56:613] INFO instancemanager.StarterPackManager: StarterPack: Player.restore() returned DuskBloom for objId=268485020
[04.05.26 22:52:56:626] INFO instancemanager.StarterPackManager: StarterPack: Bot DuskBloom entered world at -56669,-113604,-672
[04.05.26 22:52:56:626] INFO instancemanager.StarterPackManager: StarterPack: Spawned bot DuskBloom (class=44/ORC_FIGHTER, race=ORC, objId=268485020)
[04.05.26 22:52:57:042] INFO instancemanager.StarterPackManager: StarterPack: Attempting to spawn classId=49 name=DuskCreek
[04.05.26 22:52:57:042] INFO instancemanager.StarterPackManager: StarterPack: classId=49 validated as ORC_MAGE race=ORC
[04.05.26 22:52:57:050] INFO instancemanager.StarterPackManager: StarterPack: Player.create() returned obj=268485053 for classId=49 name=DuskCreek
[04.05.26 22:52:57:094] INFO instancemanager.StarterPackManager: StarterPack: initNewChar completed for DuskCreek result=true
[04.05.26 22:52:57:110] INFO instancemanager.StarterPackManager: StarterPack: Player.restore() returned DuskCreek for objId=268485053
[04.05.26 22:52:57:122] INFO instancemanager.StarterPackManager: StarterPack: Bot DuskCreek entered world at -56713,-113564,-672
[04.05.26 22:52:57:122] INFO instancemanager.StarterPackManager: StarterPack: Spawned bot DuskCreek (class=49/ORC_MAGE, race=ORC, objId=268485053)
[04.05.26 22:52:57:541] INFO instancemanager.StarterPackManager: StarterPack: Attempting to spawn classId=53 name=DuskMarsh
[04.05.26 22:52:57:541] INFO instancemanager.StarterPackManager: StarterPack: classId=53 validated as DWARVEN_FIGHTER race=DWARF
[04.05.26 22:52:57:548] INFO instancemanager.StarterPackManager: StarterPack: Player.create() returned obj=268485069 for classId=53 name=DuskMarsh
[04.05.26 22:52:57:610] INFO instancemanager.StarterPackManager: StarterPack: initNewChar completed for DuskMarsh result=true
[04.05.26 22:52:57:629] INFO instancemanager.StarterPackManager: StarterPack: Player.restore() returned DuskMarsh for objId=268485069
[04.05.26 22:52:57:640] INFO instancemanager.StarterPackManager: StarterPack: Bot DuskMarsh entered world at 108546,-173986,-408
[04.05.26 22:52:57:640] INFO instancemanager.StarterPackManager: StarterPack: Spawned bot DuskMarsh (class=53/DWARVEN_FIGHTER, race=DWARF, objId=268485069)
[04.05.26 22:52:58:042] INFO instancemanager.StarterPackManager: StarterPack: Attempting to spawn classId=0 name=DuskField
[04.05.26 22:52:58:042] INFO instancemanager.StarterPackManager: StarterPack: classId=0 validated as HUMAN_FIGHTER race=HUMAN
[04.05.26 22:52:58:047] INFO instancemanager.StarterPackManager: StarterPack: Player.create() returned obj=268485088 for classId=0 name=DuskField
[04.05.26 22:52:58:086] INFO instancemanager.StarterPackManager: StarterPack: initNewChar completed for DuskField result=true
[04.05.26 22:52:58:105] INFO instancemanager.StarterPackManager: StarterPack: Player.restore() returned DuskField for objId=268485088
[04.05.26 22:52:58:116] INFO instancemanager.StarterPackManager: StarterPack: Bot DuskField entered world at -71417,258285,-3104
[04.05.26 22:52:58:116] INFO instancemanager.StarterPackManager: StarterPack: Spawned bot DuskField (class=0/HUMAN_FIGHTER, race=HUMAN, objId=268485088)
[04.05.26 22:52:58:541] INFO instancemanager.StarterPackManager: StarterPack: Attempting to spawn classId=10 name=DuskGrove
[04.05.26 22:52:58:541] INFO instancemanager.StarterPackManager: StarterPack: classId=10 validated as HUMAN_MAGE race=HUMAN
[04.05.26 22:52:58:548] INFO instancemanager.StarterPackManager: StarterPack: Player.create() returned obj=268485113 for classId=10 name=DuskGrove
[04.05.26 22:52:58:614] INFO instancemanager.StarterPackManager: StarterPack: initNewChar completed for DuskGrove result=true
[04.05.26 22:52:58:631] INFO instancemanager.StarterPackManager: StarterPack: Player.restore() returned DuskGrove for objId=268485113
[04.05.26 22:52:58:641] INFO instancemanager.StarterPackManager: StarterPack: Bot DuskGrove entered world at -90874,248081,-3568
[04.05.26 22:52:58:641] INFO instancemanager.StarterPackManager: StarterPack: Spawned bot DuskGrove (class=10/HUMAN_MAGE, race=HUMAN, objId=268485113)
[04.05.26 22:52:59:042] INFO instancemanager.StarterPackManager: StarterPack: Attempting to spawn classId=18 name=DuskCrest
[04.05.26 22:52:59:042] INFO instancemanager.StarterPackManager: StarterPack: classId=18 validated as ELVEN_FIGHTER race=ELF
[04.05.26 22:52:59:048] INFO instancemanager.StarterPackManager: StarterPack: Player.create() returned obj=268485139 for classId=18 name=DuskCrest
[04.05.26 22:52:59:102] INFO instancemanager.StarterPackManager: StarterPack: initNewChar completed for DuskCrest result=true
[04.05.26 22:52:59:119] INFO instancemanager.StarterPackManager: StarterPack: Player.restore() returned DuskCrest for objId=268485139
[04.05.26 22:52:59:131] INFO instancemanager.StarterPackManager: StarterPack: Bot DuskCrest entered world at 46081,41215,-3504
[04.05.26 22:52:59:131] INFO instancemanager.StarterPackManager: StarterPack: Spawned bot DuskCrest (class=18/ELVEN_FIGHTER, race=ELF, objId=268485139)
[04.05.26 22:52:59:541] INFO instancemanager.StarterPackManager: StarterPack: Attempting to spawn classId=25 name=DuskRidge
[04.05.26 22:52:59:541] INFO instancemanager.StarterPackManager: StarterPack: classId=25 validated as ELVEN_MAGE race=ELF
[04.05.26 22:52:59:546] INFO instancemanager.StarterPackManager: StarterPack: Player.create() returned obj=268485159 for classId=25 name=DuskRidge
[04.05.26 22:52:59:604] INFO instancemanager.StarterPackManager: StarterPack: initNewChar completed for DuskRidge result=true
[04.05.26 22:52:59:621] INFO instancemanager.StarterPackManager: StarterPack: Player.restore() returned DuskRidge for objId=268485159
[04.05.26 22:52:59:634] INFO instancemanager.StarterPackManager: StarterPack: Bot DuskRidge entered world at 46040,41225,-3504
[04.05.26 22:52:59:634] INFO instancemanager.StarterPackManager: StarterPack: Spawned bot DuskRidge (class=25/ELVEN_MAGE, race=ELF, objId=268485159)
[04.05.26 22:53:00:041] INFO instancemanager.StarterPackManager: StarterPack: Attempting to spawn classId=31 name=DuskDrake
[04.05.26 22:53:00:041] INFO instancemanager.StarterPackManager: StarterPack: classId=31 validated as DARK_FIGHTER race=DARKELF
[04.05.26 22:53:00:046] INFO instancemanager.StarterPackManager: StarterPack: Player.create() returned obj=268485174 for classId=31 name=DuskDrake
[04.05.26 22:53:00:089] INFO instancemanager.StarterPackManager: StarterPack: initNewChar completed for DuskDrake result=true
[04.05.26 22:53:00:107] INFO instancemanager.StarterPackManager: StarterPack: Player.restore() returned DuskDrake for objId=268485174
[04.05.26 22:53:00:121] INFO instancemanager.StarterPackManager: StarterPack: Bot DuskDrake entered world at 28337,11056,-4232
[04.05.26 22:53:00:121] INFO instancemanager.StarterPackManager: StarterPack: Spawned bot DuskDrake (class=31/DARK_FIGHTER, race=DARKELF, objId=268485174)
[04.05.26 22:53:00:542] INFO instancemanager.StarterPackManager: StarterPack: Attempting to spawn classId=38 name=DuskSerpent
[04.05.26 22:53:00:542] INFO instancemanager.StarterPackManager: StarterPack: classId=38 validated as DARK_MAGE race=DARKELF
[04.05.26 22:53:00:548] INFO instancemanager.StarterPackManager: StarterPack: Player.create() returned obj=268485197 for classId=38 name=DuskSerpent
[04.05.26 22:53:00:611] INFO instancemanager.StarterPackManager: StarterPack: initNewChar completed for DuskSerpent result=true
[04.05.26 22:53:00:629] INFO instancemanager.StarterPackManager: StarterPack: Player.restore() returned DuskSerpent for objId=268485197
[04.05.26 22:53:00:639] INFO instancemanager.StarterPackManager: StarterPack: Bot DuskSerpent entered world at 28351,11059,-4232
[04.05.26 22:53:00:639] INFO instancemanager.StarterPackManager: StarterPack: Spawned bot DuskSerpent (class=38/DARK_MAGE, race=DARKELF, objId=268485197)
[04.05.26 22:53:01:042] INFO instancemanager.StarterPackManager: StarterPack: Attempting to spawn classId=44 name=DawnBlade
[04.05.26 22:53:01:042] INFO instancemanager.StarterPackManager: StarterPack: classId=44 validated as ORC_FIGHTER race=ORC
[04.05.26 22:53:01:049] INFO instancemanager.StarterPackManager: StarterPack: Player.create() returned obj=268485227 for classId=44 name=DawnBlade
[04.05.26 22:53:01:111] INFO instancemanager.StarterPackManager: StarterPack: initNewChar completed for DawnBlade result=true
[04.05.26 22:53:01:127] INFO instancemanager.StarterPackManager: StarterPack: Player.restore() returned DawnBlade for objId=268485227
[04.05.26 22:53:01:139] INFO instancemanager.StarterPackManager: StarterPack: Bot DawnBlade entered world at -56741,-113639,-672
[04.05.26 22:53:01:141] INFO instancemanager.StarterPackManager: StarterPack: Spawned bot DawnBlade (class=44/ORC_FIGHTER, race=ORC, objId=268485227)
[04.05.26 22:53:01:542] INFO instancemanager.StarterPackManager: StarterPack: Attempting to spawn classId=49 name=DawnFang
[04.05.26 22:53:01:542] INFO instancemanager.StarterPackManager: StarterPack: classId=49 validated as ORC_MAGE race=ORC
[04.05.26 22:53:01:545] INFO instancemanager.StarterPackManager: StarterPack: Player.create() returned obj=268485249 for classId=49 name=DawnFang
[04.05.26 22:53:01:602] INFO instancemanager.StarterPackManager: StarterPack: initNewChar completed for DawnFang result=true
[04.05.26 22:53:01:621] INFO instancemanager.StarterPackManager: StarterPack: Player.restore() returned DawnFang for objId=268485249
[04.05.26 22:53:01:634] INFO instancemanager.StarterPackManager: StarterPack: Bot DawnFang entered world at -56715,-113567,-672
[04.05.26 22:53:01:634] INFO instancemanager.StarterPackManager: StarterPack: Spawned bot DawnFang (class=49/ORC_MAGE, race=ORC, objId=268485249)
[04.05.26 22:53:02:041] INFO instancemanager.StarterPackManager: StarterPack: Attempting to spawn classId=53 name=DawnEdge
[04.05.26 22:53:02:041] INFO instancemanager.StarterPackManager: StarterPack: classId=53 validated as DWARVEN_FIGHTER race=DWARF
[04.05.26 22:53:02:048] INFO instancemanager.StarterPackManager: StarterPack: Player.create() returned obj=268485263 for classId=53 name=DawnEdge
[04.05.26 22:53:02:087] INFO instancemanager.StarterPackManager: StarterPack: initNewChar completed for DawnEdge result=true
[04.05.26 22:53:02:103] INFO instancemanager.StarterPackManager: StarterPack: Player.restore() returned DawnEdge for objId=268485263
[04.05.26 22:53:02:113] INFO instancemanager.StarterPackManager: StarterPack: Bot DawnEdge entered world at 108622,-174082,-272
[04.05.26 22:53:02:113] INFO instancemanager.StarterPackManager: StarterPack: Spawned bot DawnEdge (class=53/DWARVEN_FIGHTER, race=DWARF, objId=268485263)
[04.05.26 22:53:02:542] INFO instancemanager.StarterPackManager: StarterPack: Attempting to spawn classId=0 name=DawnCore
[04.05.26 22:53:02:542] INFO instancemanager.StarterPackManager: StarterPack: classId=0 validated as HUMAN_FIGHTER race=HUMAN
[04.05.26 22:53:02:546] INFO instancemanager.StarterPackManager: StarterPack: Player.create() returned obj=268485286 for classId=0 name=DawnCore
[04.05.26 22:53:02:604] INFO instancemanager.StarterPackManager: StarterPack: initNewChar completed for DawnCore result=true
[04.05.26 22:53:02:622] INFO instancemanager.StarterPackManager: StarterPack: Player.restore() returned DawnCore for objId=268485286
[04.05.26 22:53:02:633] INFO instancemanager.StarterPackManager: StarterPack: Bot DawnCore entered world at -71419,258367,-3104
[04.05.26 22:53:02:633] INFO instancemanager.StarterPackManager: StarterPack: Spawned bot DawnCore (class=0/HUMAN_FIGHTER, race=HUMAN, objId=268485286)
[04.05.26 22:53:03:041] INFO instancemanager.StarterPackManager: StarterPack: Attempting to spawn classId=10 name=DawnZone
[04.05.26 22:53:03:041] INFO instancemanager.StarterPackManager: StarterPack: classId=10 validated as HUMAN_MAGE race=HUMAN
[04.05.26 22:53:03:045] INFO instancemanager.StarterPackManager: StarterPack: Player.create() returned obj=268485316 for classId=10 name=DawnZone
[04.05.26 22:53:03:103] INFO instancemanager.StarterPackManager: StarterPack: initNewChar completed for DawnZone result=true
[04.05.26 22:53:03:122] INFO instancemanager.StarterPackManager: StarterPack: Player.restore() returned DawnZone for objId=268485316
[04.05.26 22:53:03:134] INFO instancemanager.StarterPackManager: StarterPack: Bot DawnZone entered world at -90900,248093,-3568
[04.05.26 22:53:03:134] INFO instancemanager.StarterPackManager: StarterPack: Spawned bot DawnZone (class=10/HUMAN_MAGE, race=HUMAN, objId=268485316)
[04.05.26 22:53:03:541] INFO instancemanager.StarterPackManager: StarterPack: Attempting to spawn classId=18 name=DawnClaw
[04.05.26 22:53:03:541] INFO instancemanager.StarterPackManager: StarterPack: classId=18 validated as ELVEN_FIGHTER race=ELF
[04.05.26 22:53:03:547] INFO instancemanager.StarterPackManager: StarterPack: Player.create() returned obj=268485335 for classId=18 name=DawnClaw
[04.05.26 22:53:03:594] INFO instancemanager.StarterPackManager: StarterPack: initNewChar completed for DawnClaw result=true
[04.05.26 22:53:03:611] INFO instancemanager.StarterPackManager: StarterPack: Player.restore() returned DawnClaw for objId=268485335
[04.05.26 22:53:03:622] INFO instancemanager.StarterPackManager: StarterPack: Bot DawnClaw entered world at 46033,41149,-3504
[04.05.26 22:53:03:622] INFO instancemanager.StarterPackManager: StarterPack: Spawned bot DawnClaw (class=18/ELVEN_FIGHTER, race=ELF, objId=268485335)
[04.05.26 22:53:04:041] INFO instancemanager.StarterPackManager: StarterPack: Attempting to spawn classId=25 name=DawnSoul
[04.05.26 22:53:04:041] INFO instancemanager.StarterPackManager: StarterPack: classId=25 validated as ELVEN_MAGE race=ELF
[04.05.26 22:53:04:047] INFO instancemanager.StarterPackManager: StarterPack: Player.create() returned obj=268485358 for classId=25 name=DawnSoul
[04.05.26 22:53:04:117] INFO instancemanager.StarterPackManager: StarterPack: initNewChar completed for DawnSoul result=true
[04.05.26 22:53:04:137] INFO instancemanager.StarterPackManager: StarterPack: Player.restore() returned DawnSoul for objId=268485358
[04.05.26 22:53:04:148] INFO instancemanager.StarterPackManager: StarterPack: Bot DawnSoul entered world at 46075,41151,-3504
[04.05.26 22:53:04:148] INFO instancemanager.StarterPackManager: StarterPack: Spawned bot DawnSoul (class=25/ELVEN_MAGE, race=ELF, objId=268485358)
[04.05.26 22:53:04:541] INFO instancemanager.StarterPackManager: StarterPack: Attempting to spawn classId=31 name=DawnStar
[04.05.26 22:53:04:541] INFO instancemanager.StarterPackManager: StarterPack: classId=31 validated as DARK_FIGHTER race=DARKELF
[04.05.26 22:53:04:546] INFO instancemanager.StarterPackManager: StarterPack: Player.create() returned obj=268485379 for classId=31 name=DawnStar
[04.05.26 22:53:04:585] INFO instancemanager.StarterPackManager: StarterPack: initNewChar completed for DawnStar result=true
[04.05.26 22:53:04:604] INFO instancemanager.StarterPackManager: StarterPack: Player.restore() returned DawnStar for objId=268485379
[04.05.26 22:53:04:615] INFO instancemanager.StarterPackManager: StarterPack: Bot DawnStar entered world at 28381,11020,-4232
[04.05.26 22:53:04:615] INFO instancemanager.StarterPackManager: StarterPack: Spawned bot DawnStar (class=31/DARK_FIGHTER, race=DARKELF, objId=268485379)
[04.05.26 22:53:05:042] INFO instancemanager.StarterPackManager: StarterPack: Attempting to spawn classId=38 name=DawnFire
[04.05.26 22:53:05:042] INFO instancemanager.StarterPackManager: StarterPack: classId=38 validated as DARK_MAGE race=DARKELF
[04.05.26 22:53:05:047] INFO instancemanager.StarterPackManager: StarterPack: Player.create() returned obj=268485406 for classId=38 name=DawnFire
[04.05.26 22:53:05:097] INFO instancemanager.StarterPackManager: StarterPack: initNewChar completed for DawnFire result=true
[04.05.26 22:53:05:114] INFO instancemanager.StarterPackManager: StarterPack: Player.restore() returned DawnFire for objId=268485406
[04.05.26 22:53:05:124] INFO instancemanager.StarterPackManager: StarterPack: Bot DawnFire entered world at 28412,10983,-4232
[04.05.26 22:53:05:124] INFO instancemanager.StarterPackManager: StarterPack: Spawned bot DawnFire (class=38/DARK_MAGE, race=DARKELF, objId=268485406)
[04.05.26 22:53:05:541] INFO instancemanager.StarterPackManager: StarterPack: Attempting to spawn classId=44 name=DawnWind
[04.05.26 22:53:05:541] INFO instancemanager.StarterPackManager: StarterPack: classId=44 validated as ORC_FIGHTER race=ORC
[04.05.26 22:53:05:546] INFO instancemanager.StarterPackManager: StarterPack: Player.create() returned obj=268485423 for classId=44 name=DawnWind
[04.05.26 22:53:05:618] INFO instancemanager.StarterPackManager: StarterPack: initNewChar completed for DawnWind result=true
[04.05.26 22:53:05:637] INFO instancemanager.StarterPackManager: StarterPack: Player.restore() returned DawnWind for objId=268485423
[04.05.26 22:53:05:649] INFO instancemanager.StarterPackManager: StarterPack: Bot DawnWind entered world at -56678,-113605,-672
[04.05.26 22:53:05:649] INFO instancemanager.StarterPackManager: StarterPack: Spawned bot DawnWind (class=44/ORC_FIGHTER, race=ORC, objId=268485423)
[04.05.26 22:53:06:042] INFO instancemanager.StarterPackManager: StarterPack: Attempting to spawn classId=49 name=DawnRage
[04.05.26 22:53:06:042] INFO instancemanager.StarterPackManager: StarterPack: classId=49 validated as ORC_MAGE race=ORC
[04.05.26 22:53:06:049] INFO instancemanager.StarterPackManager: StarterPack: Player.create() returned obj=268485445 for classId=49 name=DawnRage
[04.05.26 22:53:06:140] INFO instancemanager.StarterPackManager: StarterPack: initNewChar completed for DawnRage result=true
[04.05.26 22:53:06:160] INFO instancemanager.StarterPackManager: StarterPack: Player.restore() returned DawnRage for objId=268485445
[04.05.26 22:53:06:173] INFO instancemanager.StarterPackManager: StarterPack: Bot DawnRage entered world at -56702,-113561,-672
[04.05.26 22:53:06:173] INFO instancemanager.StarterPackManager: StarterPack: Spawned bot DawnRage (class=49/ORC_MAGE, race=ORC, objId=268485445)
[04.05.26 22:53:06:541] INFO instancemanager.StarterPackManager: StarterPack: Attempting to spawn classId=53 name=DawnHawk
[04.05.26 22:53:06:541] INFO instancemanager.StarterPackManager: StarterPack: classId=53 validated as DWARVEN_FIGHTER race=DWARF
[04.05.26 22:53:06:546] INFO instancemanager.StarterPackManager: StarterPack: Player.create() returned obj=268485468 for classId=53 name=DawnHawk
[04.05.26 22:53:06:586] INFO instancemanager.StarterPackManager: StarterPack: initNewChar completed for DawnHawk result=true
[04.05.26 22:53:06:604] INFO instancemanager.StarterPackManager: StarterPack: Player.restore() returned DawnHawk for objId=268485468
[04.05.26 22:53:06:616] INFO instancemanager.StarterPackManager: StarterPack: Bot DawnHawk entered world at 108583,-174054,-408
[04.05.26 22:53:06:617] INFO instancemanager.StarterPackManager: StarterPack: Spawned bot DawnHawk (class=53/DWARVEN_FIGHTER, race=DWARF, objId=268485468)
[04.05.26 22:53:07:042] INFO instancemanager.StarterPackManager: StarterPack: Attempting to spawn classId=0 name=DawnWolf
[04.05.26 22:53:07:042] INFO instancemanager.StarterPackManager: StarterPack: classId=0 validated as HUMAN_FIGHTER race=HUMAN
[04.05.26 22:53:07:048] INFO instancemanager.StarterPackManager: StarterPack: Player.create() returned obj=268485499 for classId=0 name=DawnWolf
[04.05.26 22:53:07:094] INFO instancemanager.StarterPackManager: StarterPack: initNewChar completed for DawnWolf result=true
[04.05.26 22:53:07:111] INFO instancemanager.StarterPackManager: StarterPack: Player.restore() returned DawnWolf for objId=268485499
[04.05.26 22:53:07:121] INFO instancemanager.StarterPackManager: StarterPack: Bot DawnWolf entered world at -71445,258337,-3104
[04.05.26 22:53:07:121] INFO instancemanager.StarterPackManager: StarterPack: Spawned bot DawnWolf (class=0/HUMAN_FIGHTER, race=HUMAN, objId=268485499)
[04.05.26 22:53:07:543] INFO instancemanager.StarterPackManager: StarterPack: Attempting to spawn classId=10 name=DawnStrike
[04.05.26 22:53:07:543] INFO instancemanager.StarterPackManager: StarterPack: classId=10 validated as HUMAN_MAGE race=HUMAN
[04.05.26 22:53:07:548] INFO instancemanager.StarterPackManager: StarterPack: Player.create() returned obj=268485516 for classId=10 name=DawnStrike
[04.05.26 22:53:07:613] INFO instancemanager.StarterPackManager: StarterPack: initNewChar completed for DawnStrike result=true
[04.05.26 22:53:07:632] INFO instancemanager.StarterPackManager: StarterPack: Player.restore() returned DawnStrike for objId=268485516
[04.05.26 22:53:07:644] INFO instancemanager.StarterPackManager: StarterPack: Bot DawnStrike entered world at -90915,248129,-3568
[04.05.26 22:53:07:644] INFO instancemanager.StarterPackManager: StarterPack: Spawned bot DawnStrike (class=10/HUMAN_MAGE, race=HUMAN, objId=268485516)
[04.05.26 22:53:08:041] INFO instancemanager.StarterPackManager: StarterPack: Attempting to spawn classId=18 name=DawnVeil
[04.05.26 22:53:08:041] INFO instancemanager.StarterPackManager: StarterPack: classId=18 validated as ELVEN_FIGHTER race=ELF
[04.05.26 22:53:08:044] INFO instancemanager.StarterPackManager: StarterPack: Player.create() returned obj=268485537 for classId=18 name=DawnVeil
[04.05.26 22:53:08:081] INFO instancemanager.StarterPackManager: StarterPack: initNewChar completed for DawnVeil result=true
[04.05.26 22:53:08:100] INFO instancemanager.StarterPackManager: StarterPack: Player.restore() returned DawnVeil for objId=268485537
[04.05.26 22:53:08:112] INFO instancemanager.StarterPackManager: StarterPack: Bot DawnVeil entered world at 46125,41209,-3504
[04.05.26 22:53:08:112] INFO instancemanager.StarterPackManager: StarterPack: Spawned bot DawnVeil (class=18/ELVEN_FIGHTER, race=ELF, objId=268485537)
[04.05.26 22:53:08:542] INFO instancemanager.StarterPackManager: StarterPack: Attempting to spawn classId=25 name=DawnWisp
[04.05.26 22:53:08:542] INFO instancemanager.StarterPackManager: StarterPack: classId=25 validated as ELVEN_MAGE race=ELF
[04.05.26 22:53:08:547] INFO instancemanager.StarterPackManager: StarterPack: Player.create() returned obj=268485562 for classId=25 name=DawnWisp
[04.05.26 22:53:08:613] INFO instancemanager.StarterPackManager: StarterPack: initNewChar completed for DawnWisp result=true
[04.05.26 22:53:08:630] INFO instancemanager.StarterPackManager: StarterPack: Player.restore() returned DawnWisp for objId=268485562
[04.05.26 22:53:08:642] INFO instancemanager.StarterPackManager: StarterPack: Bot DawnWisp entered world at 46104,41229,-3504
[04.05.26 22:53:08:642] INFO instancemanager.StarterPackManager: StarterPack: Spawned bot DawnWisp (class=25/ELVEN_MAGE, race=ELF, objId=268485562)
[04.05.26 22:53:09:041] INFO instancemanager.StarterPackManager: StarterPack: Attempting to spawn classId=31 name=DawnGloom
[04.05.26 22:53:09:041] INFO instancemanager.StarterPackManager: StarterPack: classId=31 validated as DARK_FIGHTER race=DARKELF
[04.05.26 22:53:09:045] INFO instancemanager.StarterPackManager: StarterPack: Player.create() returned obj=268485588 for classId=31 name=DawnGloom
[04.05.26 22:53:09:101] INFO instancemanager.StarterPackManager: StarterPack: initNewChar completed for DawnGloom result=true
[04.05.26 22:53:09:119] INFO instancemanager.StarterPackManager: StarterPack: Player.restore() returned DawnGloom for objId=268485588
[04.05.26 22:53:09:132] INFO instancemanager.StarterPackManager: StarterPack: Bot DawnGloom entered world at 28344,11035,-4232
[04.05.26 22:53:09:132] INFO instancemanager.StarterPackManager: StarterPack: Spawned bot DawnGloom (class=31/DARK_FIGHTER, race=DARKELF, objId=268485588)
[04.05.26 22:53:09:542] INFO instancemanager.StarterPackManager: StarterPack: Attempting to spawn classId=38 name=DawnStone
[04.05.26 22:53:09:542] INFO instancemanager.StarterPackManager: StarterPack: classId=38 validated as DARK_MAGE race=DARKELF
[04.05.26 22:53:09:547] INFO instancemanager.StarterPackManager: StarterPack: Player.create() returned obj=268485607 for classId=38 name=DawnStone
[04.05.26 22:53:09:596] INFO instancemanager.StarterPackManager: StarterPack: initNewChar completed for DawnStone result=true
[04.05.26 22:53:09:613] INFO instancemanager.StarterPackManager: StarterPack: Player.restore() returned DawnStone for objId=268485607
[04.05.26 22:53:09:624] INFO instancemanager.StarterPackManager: StarterPack: Bot DawnStone entered world at 28424,11021,-4232
[04.05.26 22:53:09:625] INFO instancemanager.StarterPackManager: StarterPack: Spawned bot DawnStone (class=38/DARK_MAGE, race=DARKELF, objId=268485607)
[04.05.26 22:53:10:041] INFO instancemanager.StarterPackManager: StarterPack: Attempting to spawn classId=44 name=DawnCrown
[04.05.26 22:53:10:041] INFO instancemanager.StarterPackManager: StarterPack: classId=44 validated as ORC_FIGHTER race=ORC
[04.05.26 22:53:10:048] INFO instancemanager.StarterPackManager: StarterPack: Player.create() returned obj=268485628 for classId=44 name=DawnCrown
[04.05.26 22:53:10:108] INFO instancemanager.StarterPackManager: StarterPack: initNewChar completed for DawnCrown result=true
[04.05.26 22:53:10:125] INFO instancemanager.StarterPackManager: StarterPack: Player.restore() returned DawnCrown for objId=268485628
[04.05.26 22:53:10:136] INFO instancemanager.StarterPackManager: StarterPack: Bot DawnCrown entered world at -56740,-113592,-672
[04.05.26 22:53:10:136] INFO instancemanager.StarterPackManager: StarterPack: Spawned bot DawnCrown (class=44/ORC_FIGHTER, race=ORC, objId=268485628)
[04.05.26 22:53:10:541] INFO instancemanager.StarterPackManager: StarterPack: Attempting to spawn classId=49 name=DawnThorn
[04.05.26 22:53:10:541] INFO instancemanager.StarterPackManager: StarterPack: classId=49 validated as ORC_MAGE race=ORC
[04.05.26 22:53:10:547] INFO instancemanager.StarterPackManager: StarterPack: Player.create() returned obj=268485650 for classId=49 name=DawnThorn
[04.05.26 22:53:10:597] INFO instancemanager.StarterPackManager: StarterPack: initNewChar completed for DawnThorn result=true
[04.05.26 22:53:10:615] INFO instancemanager.StarterPackManager: StarterPack: Player.restore() returned DawnThorn for objId=268485650
[04.05.26 22:53:10:627] INFO instancemanager.StarterPackManager: StarterPack: Bot DawnThorn entered world at -56724,-113587,-672
[04.05.26 22:53:10:627] INFO instancemanager.StarterPackManager: StarterPack: Spawned bot DawnThorn (class=49/ORC_MAGE, race=ORC, objId=268485650)
[04.05.26 22:53:11:043] INFO instancemanager.StarterPackManager: StarterPack: Attempting to spawn classId=53 name=DawnSpark
[04.05.26 22:53:11:043] INFO instancemanager.StarterPackManager: StarterPack: classId=53 validated as DWARVEN_FIGHTER race=DWARF
[04.05.26 22:53:11:049] INFO instancemanager.StarterPackManager: StarterPack: Player.create() returned obj=268485680 for classId=53 name=DawnSpark
[04.05.26 22:53:11:093] INFO instancemanager.StarterPackManager: StarterPack: initNewChar completed for DawnSpark result=true
[04.05.26 22:53:11:109] INFO instancemanager.StarterPackManager: StarterPack: Player.restore() returned DawnSpark for objId=268485680
[04.05.26 22:53:11:119] INFO instancemanager.StarterPackManager: StarterPack: Bot DawnSpark entered world at 108562,-174059,-408
[04.05.26 22:53:11:119] INFO instancemanager.StarterPackManager: StarterPack: Spawned bot DawnSpark (class=53/DWARVEN_FIGHTER, race=DWARF, objId=268485680)
[04.05.26 22:53:11:542] INFO instancemanager.StarterPackManager: StarterPack: Attempting to spawn classId=0 name=DawnFlash
[04.05.26 22:53:11:542] INFO instancemanager.StarterPackManager: StarterPack: classId=0 validated as HUMAN_FIGHTER race=HUMAN
[04.05.26 22:53:11:547] INFO instancemanager.StarterPackManager: StarterPack: Player.create() returned obj=268485696 for classId=0 name=DawnFlash
[04.05.26 22:53:11:604] INFO instancemanager.StarterPackManager: StarterPack: initNewChar completed for DawnFlash result=true
[04.05.26 22:53:11:622] INFO instancemanager.StarterPackManager: StarterPack: Player.restore() returned DawnFlash for objId=268485696
[04.05.26 22:53:11:634] INFO instancemanager.StarterPackManager: StarterPack: Bot DawnFlash entered world at -71364,258352,-3064
[04.05.26 22:53:11:635] INFO instancemanager.StarterPackManager: StarterPack: Spawned bot DawnFlash (class=0/HUMAN_FIGHTER, race=HUMAN, objId=268485696)
[04.05.26 22:53:12:041] INFO instancemanager.StarterPackManager: StarterPack: Attempting to spawn classId=10 name=DawnBloom
[04.05.26 22:53:12:041] INFO instancemanager.StarterPackManager: StarterPack: classId=10 validated as HUMAN_MAGE race=HUMAN
[04.05.26 22:53:12:045] INFO instancemanager.StarterPackManager: StarterPack: Player.create() returned obj=268485717 for classId=10 name=DawnBloom
[04.05.26 22:53:12:092] INFO instancemanager.StarterPackManager: StarterPack: initNewChar completed for DawnBloom result=true
[04.05.26 22:53:12:109] INFO instancemanager.StarterPackManager: StarterPack: Player.restore() returned DawnBloom for objId=268485717
[04.05.26 22:53:12:120] INFO instancemanager.StarterPackManager: StarterPack: Bot DawnBloom entered world at -90901,248042,-3568
[04.05.26 22:53:12:120] INFO instancemanager.StarterPackManager: StarterPack: Spawned bot DawnBloom (class=10/HUMAN_MAGE, race=HUMAN, objId=268485717)
[04.05.26 22:53:12:541] INFO instancemanager.StarterPackManager: StarterPack: Attempting to spawn classId=18 name=DawnCreek
[04.05.26 22:53:12:541] INFO instancemanager.StarterPackManager: StarterPack: classId=18 validated as ELVEN_FIGHTER race=ELF
[04.05.26 22:53:12:547] INFO instancemanager.StarterPackManager: StarterPack: Player.create() returned obj=268485739 for classId=18 name=DawnCreek
[04.05.26 22:53:12:601] INFO instancemanager.StarterPackManager: StarterPack: initNewChar completed for DawnCreek result=true
[04.05.26 22:53:12:619] INFO instancemanager.StarterPackManager: StarterPack: Player.restore() returned DawnCreek for objId=268485739
[04.05.26 22:53:12:630] INFO instancemanager.StarterPackManager: StarterPack: Bot DawnCreek entered world at 46083,41222,-3504
[04.05.26 22:53:12:631] INFO instancemanager.StarterPackManager: StarterPack: Spawned bot DawnCreek (class=18/ELVEN_FIGHTER, race=ELF, objId=268485739)
[04.05.26 22:53:13:042] INFO instancemanager.StarterPackManager: StarterPack: Attempting to spawn classId=25 name=DawnMarsh
[04.05.26 22:53:13:042] INFO instancemanager.StarterPackManager: StarterPack: classId=25 validated as ELVEN_MAGE race=ELF
[04.05.26 22:53:13:046] INFO instancemanager.StarterPackManager: StarterPack: Player.create() returned obj=268485765 for classId=25 name=DawnMarsh
[04.05.26 22:53:13:110] INFO instancemanager.StarterPackManager: StarterPack: initNewChar completed for DawnMarsh result=true
[04.05.26 22:53:13:127] INFO instancemanager.StarterPackManager: StarterPack: Player.restore() returned DawnMarsh for objId=268485765
[04.05.26 22:53:13:140] INFO instancemanager.StarterPackManager: StarterPack: Bot DawnMarsh entered world at 46126,41177,-3504
[04.05.26 22:53:13:141] INFO instancemanager.StarterPackManager: StarterPack: Spawned bot DawnMarsh (class=25/ELVEN_MAGE, race=ELF, objId=268485765)
[04.05.26 22:53:13:543] INFO instancemanager.StarterPackManager: StarterPack: Attempting to spawn classId=31 name=DawnField
[04.05.26 22:53:13:543] INFO instancemanager.StarterPackManager: StarterPack: classId=31 validated as DARK_FIGHTER race=DARKELF
[04.05.26 22:53:13:549] INFO instancemanager.StarterPackManager: StarterPack: Player.create() returned obj=268485783 for classId=31 name=DawnField
[04.05.26 22:53:13:590] INFO instancemanager.StarterPackManager: StarterPack: initNewChar completed for DawnField result=true
[04.05.26 22:53:13:610] INFO instancemanager.StarterPackManager: StarterPack: Player.restore() returned DawnField for objId=268485783
[04.05.26 22:53:13:620] INFO instancemanager.StarterPackManager: StarterPack: Bot DawnField entered world at 28349,11003,-4232
[04.05.26 22:53:13:621] INFO instancemanager.StarterPackManager: StarterPack: Spawned bot DawnField (class=31/DARK_FIGHTER, race=DARKELF, objId=268485783)
[04.05.26 22:53:14:041] INFO instancemanager.StarterPackManager: StarterPack: Attempting to spawn classId=38 name=DawnGrove
[04.05.26 22:53:14:041] INFO instancemanager.StarterPackManager: StarterPack: classId=38 validated as DARK_MAGE race=DARKELF
[04.05.26 22:53:14:047] INFO instancemanager.StarterPackManager: StarterPack: Player.create() returned obj=268485802 for classId=38 name=DawnGrove
[04.05.26 22:53:14:113] INFO instancemanager.StarterPackManager: StarterPack: initNewChar completed for DawnGrove result=true
[04.05.26 22:53:14:131] INFO instancemanager.StarterPackManager: StarterPack: Player.restore() returned DawnGrove for objId=268485802
[04.05.26 22:53:14:143] INFO instancemanager.StarterPackManager: StarterPack: Bot DawnGrove entered world at 28404,10982,-4232
[04.05.26 22:53:14:143] INFO instancemanager.StarterPackManager: StarterPack: Spawned bot DawnGrove (class=38/DARK_MAGE, race=DARKELF, objId=268485802)
[04.05.26 22:53:14:541] INFO instancemanager.StarterPackManager: StarterPack: Attempting to spawn classId=44 name=DawnCrest
[04.05.26 22:53:14:541] INFO instancemanager.StarterPackManager: StarterPack: classId=44 validated as ORC_FIGHTER race=ORC
[04.05.26 22:53:14:546] INFO instancemanager.StarterPackManager: StarterPack: Player.create() returned obj=268485822 for classId=44 name=DawnCrest
[04.05.26 22:53:14:596] INFO instancemanager.StarterPackManager: StarterPack: initNewChar completed for DawnCrest result=true
[04.05.26 22:53:14:614] INFO instancemanager.StarterPackManager: StarterPack: Player.restore() returned DawnCrest for objId=268485822
[04.05.26 22:53:14:628] INFO instancemanager.StarterPackManager: StarterPack: Bot DawnCrest entered world at -56734,-113626,-672
[04.05.26 22:53:14:628] INFO instancemanager.StarterPackManager: StarterPack: Spawned bot DawnCrest (class=44/ORC_FIGHTER, race=ORC, objId=268485822)
[04.05.26 22:53:15:042] INFO instancemanager.StarterPackManager: StarterPack: Attempting to spawn classId=49 name=DawnRidge
[04.05.26 22:53:15:042] INFO instancemanager.StarterPackManager: StarterPack: classId=49 validated as ORC_MAGE race=ORC
[04.05.26 22:53:15:047] INFO instancemanager.StarterPackManager: StarterPack: Player.create() returned obj=268485856 for classId=49 name=DawnRidge
[04.05.26 22:53:15:094] INFO instancemanager.StarterPackManager: StarterPack: initNewChar completed for DawnRidge result=true
[04.05.26 22:53:15:112] INFO instancemanager.StarterPackManager: StarterPack: Player.restore() returned DawnRidge for objId=268485856
[04.05.26 22:53:15:122] INFO instancemanager.StarterPackManager: StarterPack: Bot DawnRidge entered world at -56756,-113650,-672
[04.05.26 22:53:15:122] INFO instancemanager.StarterPackManager: StarterPack: Spawned bot DawnRidge (class=49/ORC_MAGE, race=ORC, objId=268485856)
[04.05.26 22:53:15:542] INFO instancemanager.StarterPackManager: StarterPack: Attempting to spawn classId=53 name=DawnDrake
[04.05.26 22:53:15:542] INFO instancemanager.StarterPackManager: StarterPack: classId=53 validated as DWARVEN_FIGHTER race=DWARF
[04.05.26 22:53:15:547] INFO instancemanager.StarterPackManager: StarterPack: Player.create() returned obj=268485876 for classId=53 name=DawnDrake
[04.05.26 22:53:15:610] INFO instancemanager.StarterPackManager: StarterPack: initNewChar completed for DawnDrake result=true
[04.05.26 22:53:15:630] INFO instancemanager.StarterPackManager: StarterPack: Player.restore() returned DawnDrake for objId=268485876
[04.05.26 22:53:15:640] INFO instancemanager.StarterPackManager: StarterPack: Bot DawnDrake entered world at 108615,-174060,-408
[04.05.26 22:53:15:640] INFO instancemanager.StarterPackManager: StarterPack: Spawned bot DawnDrake (class=53/DWARVEN_FIGHTER, race=DWARF, objId=268485876)
[04.05.26 22:53:16:042] INFO instancemanager.StarterPackManager: StarterPack: Attempting to spawn classId=0 name=DawnSerpent
[04.05.26 22:53:16:042] INFO instancemanager.StarterPackManager: StarterPack: classId=0 validated as HUMAN_FIGHTER race=HUMAN
[04.05.26 22:53:16:050] INFO instancemanager.StarterPackManager: StarterPack: Player.create() returned obj=268485900 for classId=0 name=DawnSerpent
[04.05.26 22:53:16:120] INFO instancemanager.StarterPackManager: StarterPack: initNewChar completed for DawnSerpent result=true
[04.05.26 22:53:16:141] INFO instancemanager.StarterPackManager: StarterPack: Player.restore() returned DawnSerpent for objId=268485900
[04.05.26 22:53:16:155] INFO instancemanager.StarterPackManager: StarterPack: Bot DawnSerpent entered world at -71397,258278,-3104
[04.05.26 22:53:16:156] INFO instancemanager.StarterPackManager: StarterPack: Spawned bot DawnSerpent (class=0/HUMAN_FIGHTER, race=HUMAN, objId=268485900)
[04.05.26 22:53:16:541] INFO instancemanager.StarterPackManager: StarterPack: Attempting to spawn classId=10 name=RuneBlade
[04.05.26 22:53:16:541] INFO instancemanager.StarterPackManager: StarterPack: classId=10 validated as HUMAN_MAGE race=HUMAN
[04.05.26 22:53:16:545] INFO instancemanager.StarterPackManager: StarterPack: Player.create() returned obj=268485928 for classId=10 name=RuneBlade
[04.05.26 22:53:16:618] INFO instancemanager.StarterPackManager: StarterPack: initNewChar completed for RuneBlade result=true
[04.05.26 22:53:16:635] INFO instancemanager.StarterPackManager: StarterPack: Player.restore() returned RuneBlade for objId=268485928
[04.05.26 22:53:16:645] INFO instancemanager.StarterPackManager: StarterPack: Bot RuneBlade entered world at -90832,248058,-3568
[04.05.26 22:53:16:645] INFO instancemanager.StarterPackManager: StarterPack: Spawned bot RuneBlade (class=10/HUMAN_MAGE, race=HUMAN, objId=268485928)
[04.05.26 22:53:17:041] INFO instancemanager.StarterPackManager: StarterPack: Attempting to spawn classId=18 name=RuneFang
[04.05.26 22:53:17:041] INFO instancemanager.StarterPackManager: StarterPack: classId=18 validated as ELVEN_FIGHTER race=ELF
[04.05.26 22:53:17:044] INFO instancemanager.StarterPackManager: StarterPack: Player.create() returned obj=268485960 for classId=18 name=RuneFang
[04.05.26 22:53:17:095] INFO instancemanager.StarterPackManager: StarterPack: initNewChar completed for RuneFang result=true
[04.05.26 22:53:17:114] INFO instancemanager.StarterPackManager: StarterPack: Player.restore() returned RuneFang for objId=268485960
[04.05.26 22:53:17:126] INFO instancemanager.StarterPackManager: StarterPack: Bot RuneFang entered world at 46103,41193,-3504
[04.05.26 22:53:17:126] INFO instancemanager.StarterPackManager: StarterPack: Spawned bot RuneFang (class=18/ELVEN_FIGHTER, race=ELF, objId=268485960)
[04.05.26 22:53:17:542] INFO instancemanager.StarterPackManager: StarterPack: Attempting to spawn classId=25 name=RuneEdge
[04.05.26 22:53:17:542] INFO instancemanager.StarterPackManager: StarterPack: classId=25 validated as ELVEN_MAGE race=ELF
[04.05.26 22:53:17:548] INFO instancemanager.StarterPackManager: StarterPack: Player.create() returned obj=268485977 for classId=25 name=RuneEdge
[04.05.26 22:53:17:597] INFO instancemanager.StarterPackManager: StarterPack: initNewChar completed for RuneEdge result=true
[04.05.26 22:53:17:614] INFO instancemanager.StarterPackManager: StarterPack: Player.restore() returned RuneEdge for objId=268485977
[04.05.26 22:53:17:625] INFO instancemanager.StarterPackManager: StarterPack: Bot RuneEdge entered world at 46103,41160,-3504
[04.05.26 22:53:17:625] INFO instancemanager.StarterPackManager: StarterPack: Spawned bot RuneEdge (class=25/ELVEN_MAGE, race=ELF, objId=268485977)
[04.05.26 22:53:18:041] INFO instancemanager.StarterPackManager: StarterPack: Attempting to spawn classId=31 name=RuneCore
[04.05.26 22:53:18:041] INFO instancemanager.StarterPackManager: StarterPack: classId=31 validated as DARK_FIGHTER race=DARKELF
[04.05.26 22:53:18:045] INFO instancemanager.StarterPackManager: StarterPack: Player.create() returned obj=268485994 for classId=31 name=RuneCore
[04.05.26 22:53:18:084] INFO instancemanager.StarterPackManager: StarterPack: initNewChar completed for RuneCore result=true
[04.05.26 22:53:18:101] INFO instancemanager.StarterPackManager: StarterPack: Player.restore() returned RuneCore for objId=268485994
[04.05.26 22:53:18:113] INFO instancemanager.StarterPackManager: StarterPack: Bot RuneCore entered world at 28347,10972,-4232
[04.05.26 22:53:18:113] INFO instancemanager.StarterPackManager: StarterPack: Spawned bot RuneCore (class=31/DARK_FIGHTER, race=DARKELF, objId=268485994)
[04.05.26 22:53:18:542] INFO instancemanager.StarterPackManager: StarterPack: Attempting to spawn classId=38 name=RuneZone
[04.05.26 22:53:18:542] INFO instancemanager.StarterPackManager: StarterPack: classId=38 validated as DARK_MAGE race=DARKELF
[04.05.26 22:53:18:549] INFO instancemanager.StarterPackManager: StarterPack: Player.create() returned obj=268486021 for classId=38 name=RuneZone
[04.05.26 22:53:18:620] INFO instancemanager.StarterPackManager: StarterPack: initNewChar completed for RuneZone result=true
[04.05.26 22:53:18:637] INFO instancemanager.StarterPackManager: StarterPack: Player.restore() returned RuneZone for objId=268486021
[04.05.26 22:53:18:647] INFO instancemanager.StarterPackManager: StarterPack: Bot RuneZone entered world at 28383,11069,-4232
[04.05.26 22:53:18:647] INFO instancemanager.StarterPackManager: StarterPack: Spawned bot RuneZone (class=38/DARK_MAGE, race=DARKELF, objId=268486021)
[04.05.26 22:53:19:041] INFO instancemanager.StarterPackManager: StarterPack: Attempting to spawn classId=44 name=RuneClaw
[04.05.26 22:53:19:041] INFO instancemanager.StarterPackManager: StarterPack: classId=44 validated as ORC_FIGHTER race=ORC
[04.05.26 22:53:19:044] INFO instancemanager.StarterPackManager: StarterPack: Player.create() returned obj=268486044 for classId=44 name=RuneClaw
[04.05.26 22:53:19:107] INFO instancemanager.StarterPackManager: StarterPack: initNewChar completed for RuneClaw result=true
[04.05.26 22:53:19:135] INFO instancemanager.StarterPackManager: StarterPack: Player.restore() returned RuneClaw for objId=268486044
[04.05.26 22:53:19:147] INFO instancemanager.StarterPackManager: StarterPack: Bot RuneClaw entered world at -56721,-113568,-672
[04.05.26 22:53:19:147] INFO instancemanager.StarterPackManager: StarterPack: Spawned bot RuneClaw (class=44/ORC_FIGHTER, race=ORC, objId=268486044)
[04.05.26 22:53:19:542] INFO instancemanager.StarterPackManager: StarterPack: Attempting to spawn classId=49 name=RuneSoul
[04.05.26 22:53:19:542] INFO instancemanager.StarterPackManager: StarterPack: classId=49 validated as ORC_MAGE race=ORC
[04.05.26 22:53:19:547] INFO instancemanager.StarterPackManager: StarterPack: Player.create() returned obj=268486061 for classId=49 name=RuneSoul
[04.05.26 22:53:19:589] INFO instancemanager.StarterPackManager: StarterPack: initNewChar completed for RuneSoul result=true
[04.05.26 22:53:19:607] INFO instancemanager.StarterPackManager: StarterPack: Player.restore() returned RuneSoul for objId=268486061
[04.05.26 22:53:19:619] INFO instancemanager.StarterPackManager: StarterPack: Bot RuneSoul entered world at -56732,-113629,-672
[04.05.26 22:53:19:619] INFO instancemanager.StarterPackManager: StarterPack: Spawned bot RuneSoul (class=49/ORC_MAGE, race=ORC, objId=268486061)
[04.05.26 22:53:20:042] INFO instancemanager.StarterPackManager: StarterPack: Attempting to spawn classId=53 name=RuneStar
[04.05.26 22:53:20:042] INFO instancemanager.StarterPackManager: StarterPack: classId=53 validated as DWARVEN_FIGHTER race=DWARF
[04.05.26 22:53:20:053] INFO instancemanager.StarterPackManager: StarterPack: Player.create() returned obj=268486078 for classId=53 name=RuneStar
[04.05.26 22:53:20:094] INFO instancemanager.StarterPackManager: StarterPack: initNewChar completed for RuneStar result=true
[04.05.26 22:53:20:112] INFO instancemanager.StarterPackManager: StarterPack: Player.restore() returned RuneStar for objId=268486078
[04.05.26 22:53:20:123] INFO instancemanager.StarterPackManager: StarterPack: Bot RuneStar entered world at 108575,-174033,-408
[04.05.26 22:53:20:123] INFO instancemanager.StarterPackManager: StarterPack: Spawned bot RuneStar (class=53/DWARVEN_FIGHTER, race=DWARF, objId=268486078)
[04.05.26 22:53:20:541] INFO instancemanager.StarterPackManager: StarterPack: Attempting to spawn classId=0 name=RuneFire
[04.05.26 22:53:20:541] INFO instancemanager.StarterPackManager: StarterPack: classId=0 validated as HUMAN_FIGHTER race=HUMAN
[04.05.26 22:53:20:547] INFO instancemanager.StarterPackManager: StarterPack: Player.create() returned obj=268486102 for classId=0 name=RuneFire
[04.05.26 22:53:20:604] INFO instancemanager.StarterPackManager: StarterPack: initNewChar completed for RuneFire result=true
[04.05.26 22:53:20:621] INFO instancemanager.StarterPackManager: StarterPack: Player.restore() returned RuneFire for objId=268486102
[04.05.26 22:53:20:630] INFO instancemanager.StarterPackManager: StarterPack: Bot RuneFire entered world at -71377,258288,-3104
[04.05.26 22:53:20:631] INFO instancemanager.StarterPackManager: StarterPack: Spawned bot RuneFire (class=0/HUMAN_FIGHTER, race=HUMAN, objId=268486102)
[04.05.26 22:53:21:042] INFO instancemanager.StarterPackManager: StarterPack: Attempting to spawn classId=10 name=RuneWind
[04.05.26 22:53:21:042] INFO instancemanager.StarterPackManager: StarterPack: classId=10 validated as HUMAN_MAGE race=HUMAN
[04.05.26 22:53:21:046] INFO instancemanager.StarterPackManager: StarterPack: Player.create() returned obj=268486140 for classId=10 name=RuneWind
[04.05.26 22:53:21:105] INFO instancemanager.StarterPackManager: StarterPack: initNewChar completed for RuneWind result=true
[04.05.26 22:53:21:124] INFO instancemanager.StarterPackManager: StarterPack: Player.restore() returned RuneWind for objId=268486140
[04.05.26 22:53:21:136] INFO instancemanager.StarterPackManager: StarterPack: Bot RuneWind entered world at -90864,248044,-3568
[04.05.26 22:53:21:136] INFO instancemanager.StarterPackManager: StarterPack: Spawned bot RuneWind (class=10/HUMAN_MAGE, race=HUMAN, objId=268486140)
[04.05.26 22:53:21:541] INFO instancemanager.StarterPackManager: StarterPack: Attempting to spawn classId=18 name=RuneRage
[04.05.26 22:53:21:541] INFO instancemanager.StarterPackManager: StarterPack: classId=18 validated as ELVEN_FIGHTER race=ELF
[04.05.26 22:53:21:548] INFO instancemanager.StarterPackManager: StarterPack: Player.create() returned obj=268486160 for classId=18 name=RuneRage
[04.05.26 22:53:21:591] INFO instancemanager.StarterPackManager: StarterPack: initNewChar completed for RuneRage result=true
[04.05.26 22:53:21:608] INFO instancemanager.StarterPackManager: StarterPack: Player.restore() returned RuneRage for objId=268486160
[04.05.26 22:53:21:620] INFO instancemanager.StarterPackManager: StarterPack: Bot RuneRage entered world at 46094,41212,-3504
[04.05.26 22:53:21:620] INFO instancemanager.StarterPackManager: StarterPack: Spawned bot RuneRage (class=18/ELVEN_FIGHTER, race=ELF, objId=268486160)
[04.05.26 22:53:22:041] INFO instancemanager.StarterPackManager: StarterPack: Attempting to spawn classId=25 name=RuneHawk
[04.05.26 22:53:22:041] INFO instancemanager.StarterPackManager: StarterPack: classId=25 validated as ELVEN_MAGE race=ELF
[04.05.26 22:53:22:048] INFO instancemanager.StarterPackManager: StarterPack: Player.create() returned obj=268486179 for classId=25 name=RuneHawk
[04.05.26 22:53:22:123] INFO instancemanager.StarterPackManager: StarterPack: initNewChar completed for RuneHawk result=true
[04.05.26 22:53:22:141] INFO instancemanager.StarterPackManager: StarterPack: Player.restore() returned RuneHawk for objId=268486179
[04.05.26 22:53:22:151] INFO instancemanager.StarterPackManager: StarterPack: Bot RuneHawk entered world at 46034,41219,-3504
[04.05.26 22:53:22:151] INFO instancemanager.StarterPackManager: StarterPack: Spawned bot RuneHawk (class=25/ELVEN_MAGE, race=ELF, objId=268486179)
[04.05.26 22:53:22:542] INFO instancemanager.StarterPackManager: StarterPack: Attempting to spawn classId=31 name=RuneWolf
[04.05.26 22:53:22:542] INFO instancemanager.StarterPackManager: StarterPack: classId=31 validated as DARK_FIGHTER race=DARKELF
[04.05.26 22:53:22:547] INFO instancemanager.StarterPackManager: StarterPack: Player.create() returned obj=268486200 for classId=31 name=RuneWolf
[04.05.26 22:53:22:585] INFO instancemanager.StarterPackManager: StarterPack: initNewChar completed for RuneWolf result=true
[04.05.26 22:53:22:603] INFO instancemanager.StarterPackManager: StarterPack: Player.restore() returned RuneWolf for objId=268486200
[04.05.26 22:53:22:615] INFO instancemanager.StarterPackManager: StarterPack: Bot RuneWolf entered world at 28352,11042,-4232
[04.05.26 22:53:22:616] INFO instancemanager.StarterPackManager: StarterPack: Spawned bot RuneWolf (class=31/DARK_FIGHTER, race=DARKELF, objId=268486200)
[04.05.26 22:53:23:041] INFO instancemanager.StarterPackManager: StarterPack: Attempting to spawn classId=38 name=RuneStrike
[04.05.26 22:53:23:041] INFO instancemanager.StarterPackManager: StarterPack: classId=38 validated as DARK_MAGE race=DARKELF
[04.05.26 22:53:23:048] INFO instancemanager.StarterPackManager: StarterPack: Player.create() returned obj=268486227 for classId=38 name=RuneStrike
[04.05.26 22:53:23:106] INFO instancemanager.StarterPackManager: StarterPack: initNewChar completed for RuneStrike result=true
[04.05.26 22:53:23:122] INFO instancemanager.StarterPackManager: StarterPack: Player.restore() returned RuneStrike for objId=268486227
[04.05.26 22:53:23:133] INFO instancemanager.StarterPackManager: StarterPack: Bot RuneStrike entered world at 28367,11048,-4232
[04.05.26 22:53:23:134] INFO instancemanager.StarterPackManager: StarterPack: Spawned bot RuneStrike (class=38/DARK_MAGE, race=DARKELF, objId=268486227)
[04.05.26 22:53:23:542] INFO instancemanager.StarterPackManager: StarterPack: Attempting to spawn classId=44 name=RuneVeil
[04.05.26 22:53:23:542] INFO instancemanager.StarterPackManager: StarterPack: classId=44 validated as ORC_FIGHTER race=ORC
[04.05.26 22:53:23:547] INFO instancemanager.StarterPackManager: StarterPack: Player.create() returned obj=268486245 for classId=44 name=RuneVeil
[04.05.26 22:53:23:607] INFO instancemanager.StarterPackManager: StarterPack: initNewChar completed for RuneVeil result=true
[04.05.26 22:53:23:626] INFO instancemanager.StarterPackManager: StarterPack: Player.restore() returned RuneVeil for objId=268486245
[04.05.26 22:53:23:638] INFO instancemanager.StarterPackManager: StarterPack: Bot RuneVeil entered world at -56754,-113634,-672
[04.05.26 22:53:23:638] INFO instancemanager.StarterPackManager: StarterPack: Spawned bot RuneVeil (class=44/ORC_FIGHTER, race=ORC, objId=268486245)
[04.05.26 22:53:24:041] INFO instancemanager.StarterPackManager: StarterPack: Attempting to spawn classId=49 name=RuneWisp
[04.05.26 22:53:24:041] INFO instancemanager.StarterPackManager: StarterPack: classId=49 validated as ORC_MAGE race=ORC
[04.05.26 22:53:24:052] INFO instancemanager.StarterPackManager: StarterPack: Player.create() returned obj=268486264 for classId=49 name=RuneWisp
[04.05.26 22:53:24:146] INFO instancemanager.StarterPackManager: StarterPack: initNewChar completed for RuneWisp result=true
[04.05.26 22:53:24:166] INFO instancemanager.StarterPackManager: StarterPack: Player.restore() returned RuneWisp for objId=268486264
[04.05.26 22:53:24:182] INFO instancemanager.StarterPackManager: StarterPack: Bot RuneWisp entered world at -56682,-113645,-672
[04.05.26 22:53:24:182] INFO instancemanager.StarterPackManager: StarterPack: Spawned bot RuneWisp (class=49/ORC_MAGE, race=ORC, objId=268486264)
[04.05.26 22:53:24:542] INFO instancemanager.StarterPackManager: StarterPack: Attempting to spawn classId=53 name=RuneGloom
[04.05.26 22:53:24:542] INFO instancemanager.StarterPackManager: StarterPack: classId=53 validated as DWARVEN_FIGHTER race=DWARF
[04.05.26 22:53:24:546] INFO instancemanager.StarterPackManager: StarterPack: Player.create() returned obj=268486287 for classId=53 name=RuneGloom
[04.05.26 22:53:24:586] INFO instancemanager.StarterPackManager: StarterPack: initNewChar completed for RuneGloom result=true
[04.05.26 22:53:24:605] INFO instancemanager.StarterPackManager: StarterPack: Player.restore() returned RuneGloom for objId=268486287
[04.05.26 22:53:24:616] INFO instancemanager.StarterPackManager: StarterPack: Bot RuneGloom entered world at 108572,-174055,-408
[04.05.26 22:53:24:616] INFO instancemanager.StarterPackManager: StarterPack: Spawned bot RuneGloom (class=53/DWARVEN_FIGHTER, race=DWARF, objId=268486287)
[04.05.26 22:53:25:041] INFO instancemanager.StarterPackManager: StarterPack: Attempting to spawn classId=0 name=RuneStone
[04.05.26 22:53:25:041] INFO instancemanager.StarterPackManager: StarterPack: classId=0 validated as HUMAN_FIGHTER race=HUMAN
[04.05.26 22:53:25:050] INFO instancemanager.StarterPackManager: StarterPack: Player.create() returned obj=268486321 for classId=0 name=RuneStone
[04.05.26 22:53:25:103] INFO instancemanager.StarterPackManager: StarterPack: initNewChar completed for RuneStone result=true
[04.05.26 22:53:25:120] INFO instancemanager.StarterPackManager: StarterPack: Player.restore() returned RuneStone for objId=268486321
[04.05.26 22:53:25:131] INFO instancemanager.StarterPackManager: StarterPack: Bot RuneStone entered world at -71364,258270,-3104
[04.05.26 22:53:25:131] INFO instancemanager.StarterPackManager: StarterPack: Spawned bot RuneStone (class=0/HUMAN_FIGHTER, race=HUMAN, objId=268486321)
[04.05.26 22:53:25:541] INFO instancemanager.StarterPackManager: StarterPack: Attempting to spawn classId=10 name=RuneCrown
[04.05.26 22:53:25:541] INFO instancemanager.StarterPackManager: StarterPack: classId=10 validated as HUMAN_MAGE race=HUMAN
[04.05.26 22:53:25:546] INFO instancemanager.StarterPackManager: StarterPack: Player.create() returned obj=268486342 for classId=10 name=RuneCrown
[04.05.26 22:53:25:617] INFO instancemanager.StarterPackManager: StarterPack: initNewChar completed for RuneCrown result=true
[04.05.26 22:53:25:640] INFO instancemanager.StarterPackManager: StarterPack: Player.restore() returned RuneCrown for objId=268486342
[04.05.26 22:53:25:653] INFO instancemanager.StarterPackManager: StarterPack: Bot RuneCrown entered world at -90874,248090,-3568
[04.05.26 22:53:25:653] INFO instancemanager.StarterPackManager: StarterPack: Spawned bot RuneCrown (class=10/HUMAN_MAGE, race=HUMAN, objId=268486342)
[04.05.26 22:53:26:041] INFO instancemanager.StarterPackManager: StarterPack: Attempting to spawn classId=18 name=RuneThorn
[04.05.26 22:53:26:041] INFO instancemanager.StarterPackManager: StarterPack: classId=18 validated as ELVEN_FIGHTER race=ELF
[04.05.26 22:53:26:050] INFO instancemanager.StarterPackManager: StarterPack: Player.create() returned obj=268486361 for classId=18 name=RuneThorn
[04.05.26 22:53:26:138] INFO instancemanager.StarterPackManager: StarterPack: initNewChar completed for RuneThorn result=true
[04.05.26 22:53:26:157] INFO instancemanager.StarterPackManager: StarterPack: Player.restore() returned RuneThorn for objId=268486361
[04.05.26 22:53:26:172] INFO instancemanager.StarterPackManager: StarterPack: Bot RuneThorn entered world at 46057,41212,-3504
[04.05.26 22:53:26:172] INFO instancemanager.StarterPackManager: StarterPack: Spawned bot RuneThorn (class=18/ELVEN_FIGHTER, race=ELF, objId=268486361)
[04.05.26 22:53:26:542] INFO instancemanager.StarterPackManager: StarterPack: Attempting to spawn classId=25 name=RuneSpark
[04.05.26 22:53:26:542] INFO instancemanager.StarterPackManager: StarterPack: classId=25 validated as ELVEN_MAGE race=ELF
[04.05.26 22:53:26:550] INFO instancemanager.StarterPackManager: StarterPack: Player.create() returned obj=268486385 for classId=25 name=RuneSpark
[04.05.26 22:53:26:611] INFO instancemanager.StarterPackManager: StarterPack: initNewChar completed for RuneSpark result=true
[04.05.26 22:53:26:628] INFO instancemanager.StarterPackManager: StarterPack: Player.restore() returned RuneSpark for objId=268486385
[04.05.26 22:53:26:638] INFO instancemanager.StarterPackManager: StarterPack: Bot RuneSpark entered world at 46105,41198,-3504
[04.05.26 22:53:26:638] INFO instancemanager.StarterPackManager: StarterPack: Spawned bot RuneSpark (class=25/ELVEN_MAGE, race=ELF, objId=268486385)
[04.05.26 22:53:27:043] INFO instancemanager.StarterPackManager: StarterPack: Attempting to spawn classId=31 name=RuneFlash
[04.05.26 22:53:27:043] INFO instancemanager.StarterPackManager: StarterPack: classId=31 validated as DARK_FIGHTER race=DARKELF
[04.05.26 22:53:27:047] INFO instancemanager.StarterPackManager: StarterPack: Player.create() returned obj=268486412 for classId=31 name=RuneFlash
[04.05.26 22:53:27:113] INFO instancemanager.StarterPackManager: StarterPack: initNewChar completed for RuneFlash result=true
[04.05.26 22:53:27:130] INFO instancemanager.StarterPackManager: StarterPack: Player.restore() returned RuneFlash for objId=268486412
[04.05.26 22:53:27:140] INFO instancemanager.StarterPackManager: StarterPack: Bot RuneFlash entered world at 28400,10980,-4232
[04.05.26 22:53:27:140] INFO instancemanager.StarterPackManager: StarterPack: Spawned bot RuneFlash (class=31/DARK_FIGHTER, race=DARKELF, objId=268486412)
[04.05.26 22:53:27:541] INFO instancemanager.StarterPackManager: StarterPack: Attempting to spawn classId=38 name=RuneBloom
[04.05.26 22:53:27:541] INFO instancemanager.StarterPackManager: StarterPack: classId=38 validated as DARK_MAGE race=DARKELF
[04.05.26 22:53:27:546] INFO instancemanager.StarterPackManager: StarterPack: Player.create() returned obj=268486429 for classId=38 name=RuneBloom
[04.05.26 22:53:27:598] INFO instancemanager.StarterPackManager: StarterPack: initNewChar completed for RuneBloom result=true
[04.05.26 22:53:27:618] INFO instancemanager.StarterPackManager: StarterPack: Player.restore() returned RuneBloom for objId=268486429
[04.05.26 22:53:27:630] INFO instancemanager.StarterPackManager: StarterPack: Bot RuneBloom entered world at 28352,11044,-4232
[04.05.26 22:53:27:632] INFO instancemanager.StarterPackManager: StarterPack: Spawned bot RuneBloom (class=38/DARK_MAGE, race=DARKELF, objId=268486429)
[04.05.26 22:53:28:041] INFO instancemanager.StarterPackManager: StarterPack: Attempting to spawn classId=44 name=RuneCreek
[04.05.26 22:53:28:041] INFO instancemanager.StarterPackManager: StarterPack: classId=44 validated as ORC_FIGHTER race=ORC
[04.05.26 22:53:28:047] INFO instancemanager.StarterPackManager: StarterPack: Player.create() returned obj=268486445 for classId=44 name=RuneCreek
[04.05.26 22:53:28:096] INFO instancemanager.StarterPackManager: StarterPack: initNewChar completed for RuneCreek result=true
[04.05.26 22:53:28:114] INFO instancemanager.StarterPackManager: StarterPack: Player.restore() returned RuneCreek for objId=268486445
[04.05.26 22:53:28:126] INFO instancemanager.StarterPackManager: StarterPack: Bot RuneCreek entered world at -56738,-113573,-672
[04.05.26 22:53:28:126] INFO instancemanager.StarterPackManager: StarterPack: Spawned bot RuneCreek (class=44/ORC_FIGHTER, race=ORC, objId=268486445)
[04.05.26 22:53:28:541] INFO instancemanager.StarterPackManager: StarterPack: Attempting to spawn classId=49 name=RuneMarsh
[04.05.26 22:53:28:541] INFO instancemanager.StarterPackManager: StarterPack: classId=49 validated as ORC_MAGE race=ORC
[04.05.26 22:53:28:548] INFO instancemanager.StarterPackManager: StarterPack: Player.create() returned obj=268486469 for classId=49 name=RuneMarsh
[04.05.26 22:53:28:615] INFO instancemanager.StarterPackManager: StarterPack: initNewChar completed for RuneMarsh result=true
[04.05.26 22:53:28:631] INFO instancemanager.StarterPackManager: StarterPack: Player.restore() returned RuneMarsh for objId=268486469
[04.05.26 22:53:28:643] INFO instancemanager.StarterPackManager: StarterPack: Bot RuneMarsh entered world at -56761,-113624,-672
[04.05.26 22:53:28:644] INFO instancemanager.StarterPackManager: StarterPack: Spawned bot RuneMarsh (class=49/ORC_MAGE, race=ORC, objId=268486469)
[04.05.26 22:53:29:041] INFO instancemanager.StarterPackManager: StarterPack: Attempting to spawn classId=53 name=RuneField
[04.05.26 22:53:29:041] INFO instancemanager.StarterPackManager: StarterPack: classId=53 validated as DWARVEN_FIGHTER race=DWARF
[04.05.26 22:53:29:046] INFO instancemanager.StarterPackManager: StarterPack: Player.create() returned obj=268486496 for classId=53 name=RuneField
[04.05.26 22:53:29:106] INFO instancemanager.StarterPackManager: StarterPack: initNewChar completed for RuneField result=true
[04.05.26 22:53:29:122] INFO instancemanager.StarterPackManager: StarterPack: Player.restore() returned RuneField for objId=268486496
[04.05.26 22:53:29:134] INFO instancemanager.StarterPackManager: StarterPack: Bot RuneField entered world at 108584,-174071,-408
[04.05.26 22:53:29:134] INFO instancemanager.StarterPackManager: StarterPack: Spawned bot RuneField (class=53/DWARVEN_FIGHTER, race=DWARF, objId=268486496)
[04.05.26 22:53:29:542] INFO instancemanager.StarterPackManager: StarterPack: Attempting to spawn classId=0 name=RuneGrove
[04.05.26 22:53:29:542] INFO instancemanager.StarterPackManager: StarterPack: classId=0 validated as HUMAN_FIGHTER race=HUMAN
[04.05.26 22:53:29:548] INFO instancemanager.StarterPackManager: StarterPack: Player.create() returned obj=268486514 for classId=0 name=RuneGrove
[04.05.26 22:53:29:592] INFO instancemanager.StarterPackManager: StarterPack: initNewChar completed for RuneGrove result=true
[04.05.26 22:53:29:609] INFO instancemanager.StarterPackManager: StarterPack: Player.restore() returned RuneGrove for objId=268486514
[04.05.26 22:53:29:619] INFO instancemanager.StarterPackManager: StarterPack: Bot RuneGrove entered world at -71423,258328,-3104
[04.05.26 22:53:29:619] INFO instancemanager.StarterPackManager: StarterPack: Spawned bot RuneGrove (class=0/HUMAN_FIGHTER, race=HUMAN, objId=268486514)
[04.05.26 22:53:30:042] INFO instancemanager.StarterPackManager: StarterPack: Attempting to spawn classId=10 name=RuneCrest
[04.05.26 22:53:30:042] INFO instancemanager.StarterPackManager: StarterPack: classId=10 validated as HUMAN_MAGE race=HUMAN
[04.05.26 22:53:30:048] INFO instancemanager.StarterPackManager: StarterPack: Player.create() returned obj=268486535 for classId=10 name=RuneCrest
[04.05.26 22:53:30:118] INFO instancemanager.StarterPackManager: StarterPack: initNewChar completed for RuneCrest result=true
[04.05.26 22:53:30:135] INFO instancemanager.StarterPackManager: StarterPack: Player.restore() returned RuneCrest for objId=268486535
[04.05.26 22:53:30:145] INFO instancemanager.StarterPackManager: StarterPack: Bot RuneCrest entered world at -90905,248085,-3568
[04.05.26 22:53:30:145] INFO instancemanager.StarterPackManager: StarterPack: Spawned bot RuneCrest (class=10/HUMAN_MAGE, race=HUMAN, objId=268486535)
[04.05.26 22:53:30:541] INFO instancemanager.StarterPackManager: StarterPack: Attempting to spawn classId=18 name=RuneRidge
[04.05.26 22:53:30:541] INFO instancemanager.StarterPackManager: StarterPack: classId=18 validated as ELVEN_FIGHTER race=ELF
[04.05.26 22:53:30:546] INFO instancemanager.StarterPackManager: StarterPack: Player.create() returned obj=268486560 for classId=18 name=RuneRidge
[04.05.26 22:53:30:600] INFO instancemanager.StarterPackManager: StarterPack: initNewChar completed for RuneRidge result=true
[04.05.26 22:53:30:616] INFO instancemanager.StarterPackManager: StarterPack: Player.restore() returned RuneRidge for objId=268486560
[04.05.26 22:53:30:630] INFO instancemanager.StarterPackManager: StarterPack: Bot RuneRidge entered world at 46056,41215,-3504
[04.05.26 22:53:30:630] INFO instancemanager.StarterPackManager: StarterPack: Spawned bot RuneRidge (class=18/ELVEN_FIGHTER, race=ELF, objId=268486560)
[04.05.26 22:53:31:041] INFO instancemanager.StarterPackManager: StarterPack: Attempting to spawn classId=25 name=RuneDrake
[04.05.26 22:53:31:041] INFO instancemanager.StarterPackManager: StarterPack: classId=25 validated as ELVEN_MAGE race=ELF
[04.05.26 22:53:31:047] INFO instancemanager.StarterPackManager: StarterPack: Player.create() returned obj=268486590 for classId=25 name=RuneDrake
[04.05.26 22:53:31:110] INFO instancemanager.StarterPackManager: StarterPack: initNewChar completed for RuneDrake result=true
[04.05.26 22:53:31:129] INFO instancemanager.StarterPackManager: StarterPack: Player.restore() returned RuneDrake for objId=268486590
[04.05.26 22:53:31:142] INFO instancemanager.StarterPackManager: StarterPack: Bot RuneDrake entered world at 46076,41187,-3504
[04.05.26 22:53:31:142] INFO instancemanager.StarterPackManager: StarterPack: Spawned bot RuneDrake (class=25/ELVEN_MAGE, race=ELF, objId=268486590)
[04.05.26 22:53:31:541] INFO instancemanager.StarterPackManager: StarterPack: Attempting to spawn classId=31 name=RuneSerpent
[04.05.26 22:53:31:541] INFO instancemanager.StarterPackManager: StarterPack: classId=31 validated as DARK_FIGHTER race=DARKELF
[04.05.26 22:53:31:549] INFO instancemanager.StarterPackManager: StarterPack: Player.create() returned obj=268486607 for classId=31 name=RuneSerpent
[04.05.26 22:53:31:594] INFO instancemanager.StarterPackManager: StarterPack: initNewChar completed for RuneSerpent result=true
[04.05.26 22:53:31:611] INFO instancemanager.StarterPackManager: StarterPack: Player.restore() returned RuneSerpent for objId=268486607
[04.05.26 22:53:31:622] INFO instancemanager.StarterPackManager: StarterPack: Bot RuneSerpent entered world at 28412,10981,-4232
[04.05.26 22:53:31:622] INFO instancemanager.StarterPackManager: StarterPack: Spawned bot RuneSerpent (class=31/DARK_FIGHTER, race=DARKELF, objId=268486607)
[04.05.26 22:53:32:041] INFO instancemanager.StarterPackManager: StarterPack: Attempting to spawn classId=38 name=ArcBlade
[04.05.26 22:53:32:041] INFO instancemanager.StarterPackManager: StarterPack: classId=38 validated as DARK_MAGE race=DARKELF
[04.05.26 22:53:32:046] INFO instancemanager.StarterPackManager: StarterPack: Player.create() returned obj=268486623 for classId=38 name=ArcBlade
[04.05.26 22:53:32:115] INFO instancemanager.StarterPackManager: StarterPack: initNewChar completed for ArcBlade result=true
[04.05.26 22:53:32:131] INFO instancemanager.StarterPackManager: StarterPack: Player.restore() returned ArcBlade for objId=268486623
[04.05.26 22:53:32:143] INFO instancemanager.StarterPackManager: StarterPack: Bot ArcBlade entered world at 28419,11048,-4232
[04.05.26 22:53:32:143] INFO instancemanager.StarterPackManager: StarterPack: Spawned bot ArcBlade (class=38/DARK_MAGE, race=DARKELF, objId=268486623)
[04.05.26 22:53:32:541] INFO instancemanager.StarterPackManager: StarterPack: Attempting to spawn classId=44 name=ArcFang
[04.05.26 22:53:32:541] INFO instancemanager.StarterPackManager: StarterPack: classId=44 validated as ORC_FIGHTER race=ORC
[04.05.26 22:53:32:546] INFO instancemanager.StarterPackManager: StarterPack: Player.create() returned obj=268486650 for classId=44 name=ArcFang
[04.05.26 22:53:32:595] INFO instancemanager.StarterPackManager: StarterPack: initNewChar completed for ArcFang result=true
[04.05.26 22:53:32:613] INFO instancemanager.StarterPackManager: StarterPack: Player.restore() returned ArcFang for objId=268486650
[04.05.26 22:53:32:628] INFO instancemanager.StarterPackManager: StarterPack: Bot ArcFang entered world at -56741,-113561,-672
[04.05.26 22:53:32:628] INFO instancemanager.StarterPackManager: StarterPack: Spawned bot ArcFang (class=44/ORC_FIGHTER, race=ORC, objId=268486650)
[04.05.26 22:53:33:041] INFO instancemanager.StarterPackManager: StarterPack: Attempting to spawn classId=49 name=ArcEdge
[04.05.26 22:53:33:042] INFO instancemanager.StarterPackManager: StarterPack: classId=49 validated as ORC_MAGE race=ORC
[04.05.26 22:53:33:048] INFO instancemanager.StarterPackManager: StarterPack: Player.create() returned obj=268486675 for classId=49 name=ArcEdge
[04.05.26 22:53:33:117] INFO instancemanager.StarterPackManager: StarterPack: initNewChar completed for ArcEdge result=true
[04.05.26 22:53:33:142] INFO instancemanager.StarterPackManager: StarterPack: Player.restore() returned ArcEdge for objId=268486675
[04.05.26 22:53:33:156] INFO instancemanager.StarterPackManager: StarterPack: Bot ArcEdge entered world at -56755,-113560,-672
[04.05.26 22:53:33:156] INFO instancemanager.StarterPackManager: StarterPack: Spawned bot ArcEdge (class=49/ORC_MAGE, race=ORC, objId=268486675)
[04.05.26 22:53:33:542] INFO instancemanager.StarterPackManager: StarterPack: Attempting to spawn classId=53 name=ArcCore
[04.05.26 22:53:33:542] INFO instancemanager.StarterPackManager: StarterPack: classId=53 validated as DWARVEN_FIGHTER race=DWARF
[04.05.26 22:53:33:550] INFO instancemanager.StarterPackManager: StarterPack: Player.create() returned obj=268486696 for classId=53 name=ArcCore
[04.05.26 22:53:33:597] INFO instancemanager.StarterPackManager: StarterPack: initNewChar completed for ArcCore result=true
[04.05.26 22:53:33:614] INFO instancemanager.StarterPackManager: StarterPack: Player.restore() returned ArcCore for objId=268486696
[04.05.26 22:53:33:623] INFO instancemanager.StarterPackManager: StarterPack: Bot ArcCore entered world at 108544,-174066,-408
[04.05.26 22:53:33:623] INFO instancemanager.StarterPackManager: StarterPack: Spawned bot ArcCore (class=53/DWARVEN_FIGHTER, race=DWARF, objId=268486696)
[04.05.26 22:53:34:042] INFO instancemanager.StarterPackManager: StarterPack: Attempting to spawn classId=0 name=ArcZone
[04.05.26 22:53:34:042] INFO instancemanager.StarterPackManager: StarterPack: classId=0 validated as HUMAN_FIGHTER race=HUMAN
[04.05.26 22:53:34:046] INFO instancemanager.StarterPackManager: StarterPack: Player.create() returned obj=268486715 for classId=0 name=ArcZone
[04.05.26 22:53:34:107] INFO instancemanager.StarterPackManager: StarterPack: initNewChar completed for ArcZone result=true
[04.05.26 22:53:34:126] INFO instancemanager.StarterPackManager: StarterPack: Player.restore() returned ArcZone for objId=268486715
[04.05.26 22:53:34:138] INFO instancemanager.StarterPackManager: StarterPack: Bot ArcZone entered world at -71427,258365,-3104
[04.05.26 22:53:34:138] INFO instancemanager.StarterPackManager: StarterPack: Spawned bot ArcZone (class=0/HUMAN_FIGHTER, race=HUMAN, objId=268486715)
[04.05.26 22:53:34:541] INFO instancemanager.StarterPackManager: StarterPack: Attempting to spawn classId=10 name=ArcClaw
[04.05.26 22:53:34:541] INFO instancemanager.StarterPackManager: StarterPack: classId=10 validated as HUMAN_MAGE race=HUMAN
[04.05.26 22:53:34:547] INFO instancemanager.StarterPackManager: StarterPack: Player.create() returned obj=268486740 for classId=10 name=ArcClaw
[04.05.26 22:53:34:590] INFO instancemanager.StarterPackManager: StarterPack: initNewChar completed for ArcClaw result=true
[04.05.26 22:53:34:608] INFO instancemanager.StarterPackManager: StarterPack: Player.restore() returned ArcClaw for objId=268486740
[04.05.26 22:53:34:621] INFO instancemanager.StarterPackManager: StarterPack: Bot ArcClaw entered world at -90854,248066,-3568
[04.05.26 22:53:34:621] INFO instancemanager.StarterPackManager: StarterPack: Spawned bot ArcClaw (class=10/HUMAN_MAGE, race=HUMAN, objId=268486740)
[04.05.26 22:53:35:041] INFO instancemanager.StarterPackManager: StarterPack: Attempting to spawn classId=18 name=ArcSoul
[04.05.26 22:53:35:041] INFO instancemanager.StarterPackManager: StarterPack: classId=18 validated as ELVEN_FIGHTER race=ELF
[04.05.26 22:53:35:048] INFO instancemanager.StarterPackManager: StarterPack: Player.create() returned obj=268486775 for classId=18 name=ArcSoul
[04.05.26 22:53:35:109] INFO instancemanager.StarterPackManager: StarterPack: initNewChar completed for ArcSoul result=true
[04.05.26 22:53:35:127] INFO instancemanager.StarterPackManager: StarterPack: Player.restore() returned ArcSoul for objId=268486775
[04.05.26 22:53:35:138] INFO instancemanager.StarterPackManager: StarterPack: Bot ArcSoul entered world at 46127,41230,-3504
[04.05.26 22:53:35:138] INFO instancemanager.StarterPackManager: StarterPack: Spawned bot ArcSoul (class=18/ELVEN_FIGHTER, race=ELF, objId=268486775)
[04.05.26 22:53:35:541] INFO instancemanager.StarterPackManager: StarterPack: Attempting to spawn classId=25 name=ArcStar
[04.05.26 22:53:35:541] INFO instancemanager.StarterPackManager: StarterPack: classId=25 validated as ELVEN_MAGE race=ELF
[04.05.26 22:53:35:545] INFO instancemanager.StarterPackManager: StarterPack: Player.create() returned obj=268486794 for classId=25 name=ArcStar
[04.05.26 22:53:35:628] INFO instancemanager.StarterPackManager: StarterPack: initNewChar completed for ArcStar result=true
[04.05.26 22:53:35:646] INFO instancemanager.StarterPackManager: StarterPack: Player.restore() returned ArcStar for objId=268486794
[04.05.26 22:53:35:659] INFO instancemanager.StarterPackManager: StarterPack: Bot ArcStar entered world at 46088,41172,-3504
[04.05.26 22:53:35:659] INFO instancemanager.StarterPackManager: StarterPack: Spawned bot ArcStar (class=25/ELVEN_MAGE, race=ELF, objId=268486794)
[04.05.26 22:53:36:042] INFO instancemanager.StarterPackManager: StarterPack: Attempting to spawn classId=31 name=ArcFire
[04.05.26 22:53:36:042] INFO instancemanager.StarterPackManager: StarterPack: classId=31 validated as DARK_FIGHTER race=DARKELF
[04.05.26 22:53:36:051] INFO instancemanager.StarterPackManager: StarterPack: Player.create() returned obj=268486811 for classId=31 name=ArcFire
[04.05.26 22:53:36:141] INFO instancemanager.StarterPackManager: StarterPack: initNewChar completed for ArcFire result=true
[04.05.26 22:53:36:163] INFO instancemanager.StarterPackManager: StarterPack: Player.restore() returned ArcFire for objId=268486811
[04.05.26 22:53:36:179] INFO instancemanager.StarterPackManager: StarterPack: Bot ArcFire entered world at 28373,10995,-4232
[04.05.26 22:53:36:179] INFO instancemanager.StarterPackManager: StarterPack: Spawned bot ArcFire (class=31/DARK_FIGHTER, race=DARKELF, objId=268486811)
[04.05.26 22:53:36:542] INFO instancemanager.StarterPackManager: StarterPack: Attempting to spawn classId=38 name=ArcWind
[04.05.26 22:53:36:542] INFO instancemanager.StarterPackManager: StarterPack: classId=38 validated as DARK_MAGE race=DARKELF
[04.05.26 22:53:36:548] INFO instancemanager.StarterPackManager: StarterPack: Player.create() returned obj=268486837 for classId=38 name=ArcWind
[04.05.26 22:53:36:621] INFO instancemanager.StarterPackManager: StarterPack: initNewChar completed for ArcWind result=true
[04.05.26 22:53:36:639] INFO instancemanager.StarterPackManager: StarterPack: Player.restore() returned ArcWind for objId=268486837
[04.05.26 22:53:36:650] INFO instancemanager.StarterPackManager: StarterPack: Bot ArcWind entered world at 28383,11023,-4232
[04.05.26 22:53:36:650] INFO instancemanager.StarterPackManager: StarterPack: Spawned bot ArcWind (class=38/DARK_MAGE, race=DARKELF, objId=268486837)
[04.05.26 22:53:37:042] INFO instancemanager.StarterPackManager: StarterPack: Attempting to spawn classId=44 name=ArcRage
[04.05.26 22:53:37:042] INFO instancemanager.StarterPackManager: StarterPack: classId=44 validated as ORC_FIGHTER race=ORC
[04.05.26 22:53:37:047] INFO instancemanager.StarterPackManager: StarterPack: Player.create() returned obj=268486864 for classId=44 name=ArcRage
[04.05.26 22:53:37:091] INFO instancemanager.StarterPackManager: StarterPack: initNewChar completed for ArcRage result=true
[04.05.26 22:53:37:114] INFO instancemanager.StarterPackManager: StarterPack: Player.restore() returned ArcRage for objId=268486864
[04.05.26 22:53:37:127] INFO instancemanager.StarterPackManager: StarterPack: Bot ArcRage entered world at -56720,-113580,-672
[04.05.26 22:53:37:127] INFO instancemanager.StarterPackManager: StarterPack: Spawned bot ArcRage (class=44/ORC_FIGHTER, race=ORC, objId=268486864)
[04.05.26 22:53:37:544] INFO instancemanager.StarterPackManager: StarterPack: Attempting to spawn classId=49 name=ArcHawk
[04.05.26 22:53:37:544] INFO instancemanager.StarterPackManager: StarterPack: classId=49 validated as ORC_MAGE race=ORC
[04.05.26 22:53:37:551] INFO instancemanager.StarterPackManager: StarterPack: Player.create() returned obj=268486881 for classId=49 name=ArcHawk
[04.05.26 22:53:37:597] INFO instancemanager.StarterPackManager: StarterPack: initNewChar completed for ArcHawk result=true
[04.05.26 22:53:37:614] INFO instancemanager.StarterPackManager: StarterPack: Player.restore() returned ArcHawk for objId=268486881
[04.05.26 22:53:37:625] INFO instancemanager.StarterPackManager: StarterPack: Bot ArcHawk entered world at -56731,-113591,-672
[04.05.26 22:53:37:625] INFO instancemanager.StarterPackManager: StarterPack: Spawned bot ArcHawk (class=49/ORC_MAGE, race=ORC, objId=268486881)
[04.05.26 22:53:38:041] INFO instancemanager.StarterPackManager: StarterPack: Attempting to spawn classId=53 name=ArcWolf
[04.05.26 22:53:38:041] INFO instancemanager.StarterPackManager: StarterPack: classId=53 validated as DWARVEN_FIGHTER race=DWARF
[04.05.26 22:53:38:047] INFO instancemanager.StarterPackManager: StarterPack: Player.create() returned obj=268486894 for classId=53 name=ArcWolf
[04.05.26 22:53:38:109] INFO instancemanager.StarterPackManager: StarterPack: initNewChar completed for ArcWolf result=true
[04.05.26 22:53:38:129] INFO instancemanager.StarterPackManager: StarterPack: Player.restore() returned ArcWolf for objId=268486894
[04.05.26 22:53:38:137] INFO instancemanager.StarterPackManager: StarterPack: Bot ArcWolf entered world at 108540,-174061,-408
[04.05.26 22:53:38:137] INFO instancemanager.StarterPackManager: StarterPack: Spawned bot ArcWolf (class=53/DWARVEN_FIGHTER, race=DWARF, objId=268486894)
[04.05.26 22:53:38:541] INFO instancemanager.StarterPackManager: StarterPack: Attempting to spawn classId=0 name=ArcStrike
[04.05.26 22:53:38:541] INFO instancemanager.StarterPackManager: StarterPack: classId=0 validated as HUMAN_FIGHTER race=HUMAN
[04.05.26 22:53:38:546] INFO instancemanager.StarterPackManager: StarterPack: Player.create() returned obj=268486921 for classId=0 name=ArcStrike
[04.05.26 22:53:38:598] INFO instancemanager.StarterPackManager: StarterPack: initNewChar completed for ArcStrike result=true
[04.05.26 22:53:38:616] INFO instancemanager.StarterPackManager: StarterPack: Player.restore() returned ArcStrike for objId=268486921
[04.05.26 22:53:38:629] INFO instancemanager.StarterPackManager: StarterPack: Bot ArcStrike entered world at -71408,258293,-3104
[04.05.26 22:53:38:629] INFO instancemanager.StarterPackManager: StarterPack: Spawned bot ArcStrike (class=0/HUMAN_FIGHTER, race=HUMAN, objId=268486921)
[04.05.26 22:53:39:041] INFO instancemanager.StarterPackManager: StarterPack: Attempting to spawn classId=10 name=ArcVeil
[04.05.26 22:53:39:041] INFO instancemanager.StarterPackManager: StarterPack: classId=10 validated as HUMAN_MAGE race=HUMAN
[04.05.26 22:53:39:048] INFO instancemanager.StarterPackManager: StarterPack: Player.create() returned obj=268486955 for classId=10 name=ArcVeil
[04.05.26 22:53:39:099] INFO instancemanager.StarterPackManager: StarterPack: initNewChar completed for ArcVeil result=true
[04.05.26 22:53:39:116] INFO instancemanager.StarterPackManager: StarterPack: Player.restore() returned ArcVeil for objId=268486955
[04.05.26 22:53:39:127] INFO instancemanager.StarterPackManager: StarterPack: Bot ArcVeil entered world at -90860,248134,-3568
[04.05.26 22:53:39:127] INFO instancemanager.StarterPackManager: StarterPack: Spawned bot ArcVeil (class=10/HUMAN_MAGE, race=HUMAN, objId=268486955)
[04.05.26 22:53:39:541] INFO instancemanager.StarterPackManager: StarterPack: Attempting to spawn classId=18 name=ArcWisp
[04.05.26 22:53:39:541] INFO instancemanager.StarterPackManager: StarterPack: classId=18 validated as ELVEN_FIGHTER race=ELF
[04.05.26 22:53:39:548] INFO instancemanager.StarterPackManager: StarterPack: Player.create() returned obj=268486971 for classId=18 name=ArcWisp
[04.05.26 22:53:39:590] INFO instancemanager.StarterPackManager: StarterPack: initNewChar completed for ArcWisp result=true
[04.05.26 22:53:39:606] INFO instancemanager.StarterPackManager: StarterPack: Player.restore() returned ArcWisp for objId=268486971
[04.05.26 22:53:39:618] INFO instancemanager.StarterPackManager: StarterPack: Bot ArcWisp entered world at 46084,41141,-3504
[04.05.26 22:53:39:618] INFO instancemanager.StarterPackManager: StarterPack: Spawned bot ArcWisp (class=18/ELVEN_FIGHTER, race=ELF, objId=268486971)
[04.05.26 22:53:40:042] INFO instancemanager.StarterPackManager: StarterPack: Attempting to spawn classId=25 name=ArcGloom
[04.05.26 22:53:40:042] INFO instancemanager.StarterPackManager: StarterPack: classId=25 validated as ELVEN_MAGE race=ELF
[04.05.26 22:53:40:047] INFO instancemanager.StarterPackManager: StarterPack: Player.create() returned obj=268486993 for classId=25 name=ArcGloom
[04.05.26 22:53:40:114] INFO instancemanager.StarterPackManager: StarterPack: initNewChar completed for ArcGloom result=true
[04.05.26 22:53:40:134] INFO instancemanager.StarterPackManager: StarterPack: Player.restore() returned ArcGloom for objId=268486993
[04.05.26 22:53:40:147] INFO instancemanager.StarterPackManager: StarterPack: Bot ArcGloom entered world at 46042,41188,-3504
[04.05.26 22:53:40:148] INFO instancemanager.StarterPackManager: StarterPack: Spawned bot ArcGloom (class=25/ELVEN_MAGE, race=ELF, objId=268486993)
[04.05.26 22:53:40:541] INFO instancemanager.StarterPackManager: StarterPack: Attempting to spawn classId=31 name=ArcStone
[04.05.26 22:53:40:541] INFO instancemanager.StarterPackManager: StarterPack: classId=31 validated as DARK_FIGHTER race=DARKELF
[04.05.26 22:53:40:546] INFO instancemanager.StarterPackManager: StarterPack: Player.create() returned obj=268487012 for classId=31 name=ArcStone
[04.05.26 22:53:40:592] INFO instancemanager.StarterPackManager: StarterPack: initNewChar completed for ArcStone result=true
[04.05.26 22:53:40:611] INFO instancemanager.StarterPackManager: StarterPack: Player.restore() returned ArcStone for objId=268487012
[04.05.26 22:53:40:624] INFO instancemanager.StarterPackManager: StarterPack: Bot ArcStone entered world at 28371,10975,-4232
[04.05.26 22:53:40:624] INFO instancemanager.StarterPackManager: StarterPack: Spawned bot ArcStone (class=31/DARK_FIGHTER, race=DARKELF, objId=268487012)
[04.05.26 22:53:41:042] INFO instancemanager.StarterPackManager: StarterPack: Attempting to spawn classId=38 name=ArcCrown
[04.05.26 22:53:41:042] INFO instancemanager.StarterPackManager: StarterPack: classId=38 validated as DARK_MAGE race=DARKELF
[04.05.26 22:53:41:048] INFO instancemanager.StarterPackManager: StarterPack: Player.create() returned obj=268487045 for classId=38 name=ArcCrown
[04.05.26 22:53:41:110] INFO instancemanager.StarterPackManager: StarterPack: initNewChar completed for ArcCrown result=true
[04.05.26 22:53:41:127] INFO instancemanager.StarterPackManager: StarterPack: Player.restore() returned ArcCrown for objId=268487045
[04.05.26 22:53:41:138] INFO instancemanager.StarterPackManager: StarterPack: Bot ArcCrown entered world at 28400,10970,-4232
[04.05.26 22:53:41:138] INFO instancemanager.StarterPackManager: StarterPack: Spawned bot ArcCrown (class=38/DARK_MAGE, race=DARKELF, objId=268487045)
[04.05.26 22:53:41:542] INFO instancemanager.StarterPackManager: StarterPack: Attempting to spawn classId=44 name=ArcThorn
[04.05.26 22:53:41:542] INFO instancemanager.StarterPackManager: StarterPack: classId=44 validated as ORC_FIGHTER race=ORC
[04.05.26 22:53:41:548] INFO instancemanager.StarterPackManager: StarterPack: Player.create() returned obj=268487065 for classId=44 name=ArcThorn
[04.05.26 22:53:41:606] INFO instancemanager.StarterPackManager: StarterPack: initNewChar completed for ArcThorn result=true
[04.05.26 22:53:41:623] INFO instancemanager.StarterPackManager: StarterPack: Player.restore() returned ArcThorn for objId=268487065
[04.05.26 22:53:41:635] INFO instancemanager.StarterPackManager: StarterPack: Bot ArcThorn entered world at -56749,-113596,-672
[04.05.26 22:53:41:635] INFO instancemanager.StarterPackManager: StarterPack: Spawned bot ArcThorn (class=44/ORC_FIGHTER, race=ORC, objId=268487065)
[04.05.26 22:53:42:042] INFO instancemanager.StarterPackManager: StarterPack: Attempting to spawn classId=49 name=ArcSpark
[04.05.26 22:53:42:042] INFO instancemanager.StarterPackManager: StarterPack: classId=49 validated as ORC_MAGE race=ORC
[04.05.26 22:53:42:047] INFO instancemanager.StarterPackManager: StarterPack: Player.create() returned obj=268487085 for classId=49 name=ArcSpark
[04.05.26 22:53:42:101] INFO instancemanager.StarterPackManager: StarterPack: initNewChar completed for ArcSpark result=true
[04.05.26 22:53:42:120] INFO instancemanager.StarterPackManager: StarterPack: Player.restore() returned ArcSpark for objId=268487085
[04.05.26 22:53:42:134] INFO instancemanager.StarterPackManager: StarterPack: Bot ArcSpark entered world at -56741,-113579,-672
[04.05.26 22:53:42:134] INFO instancemanager.StarterPackManager: StarterPack: Spawned bot ArcSpark (class=49/ORC_MAGE, race=ORC, objId=268487085)
[04.05.26 22:53:42:541] INFO instancemanager.StarterPackManager: StarterPack: Attempting to spawn classId=53 name=ArcFlash
[04.05.26 22:53:42:541] INFO instancemanager.StarterPackManager: StarterPack: classId=53 validated as DWARVEN_FIGHTER race=DWARF
[04.05.26 22:53:42:546] INFO instancemanager.StarterPackManager: StarterPack: Player.create() returned obj=268487107 for classId=53 name=ArcFlash
[04.05.26 22:53:42:598] INFO instancemanager.StarterPackManager: StarterPack: initNewChar completed for ArcFlash result=true
[04.05.26 22:53:42:616] INFO instancemanager.StarterPackManager: StarterPack: Player.restore() returned ArcFlash for objId=268487107
[04.05.26 22:53:42:627] INFO instancemanager.StarterPackManager: StarterPack: Bot ArcFlash entered world at 108590,-173988,-408
[04.05.26 22:53:42:627] INFO instancemanager.StarterPackManager: StarterPack: Spawned bot ArcFlash (class=53/DWARVEN_FIGHTER, race=DWARF, objId=268487107)
[04.05.26 22:53:43:042] INFO instancemanager.StarterPackManager: StarterPack: Attempting to spawn classId=0 name=ArcBloom
[04.05.26 22:53:43:042] INFO instancemanager.StarterPackManager: StarterPack: classId=0 validated as HUMAN_FIGHTER race=HUMAN
[04.05.26 22:53:43:048] INFO instancemanager.StarterPackManager: StarterPack: Player.create() returned obj=268487132 for classId=0 name=ArcBloom
[04.05.26 22:53:43:093] INFO instancemanager.StarterPackManager: StarterPack: initNewChar completed for ArcBloom result=true
[04.05.26 22:53:43:110] INFO instancemanager.StarterPackManager: StarterPack: Player.restore() returned ArcBloom for objId=268487132
[04.05.26 22:53:43:120] INFO instancemanager.StarterPackManager: StarterPack: Bot ArcBloom entered world at -71350,258368,-3064
[04.05.26 22:53:43:120] INFO instancemanager.StarterPackManager: StarterPack: Spawned bot ArcBloom (class=0/HUMAN_FIGHTER, race=HUMAN, objId=268487132)
[04.05.26 22:53:43:541] INFO instancemanager.StarterPackManager: StarterPack: Attempting to spawn classId=10 name=ArcCreek
[04.05.26 22:53:43:541] INFO instancemanager.StarterPackManager: StarterPack: classId=10 validated as HUMAN_MAGE race=HUMAN
[04.05.26 22:53:43:548] INFO instancemanager.StarterPackManager: StarterPack: Player.create() returned obj=268487148 for classId=10 name=ArcCreek
[04.05.26 22:53:43:608] INFO instancemanager.StarterPackManager: StarterPack: initNewChar completed for ArcCreek result=true
[04.05.26 22:53:43:625] INFO instancemanager.StarterPackManager: StarterPack: Player.restore() returned ArcCreek for objId=268487148
[04.05.26 22:53:43:635] INFO instancemanager.StarterPackManager: StarterPack: Bot ArcCreek entered world at -90832,248123,-3568
[04.05.26 22:53:43:635] INFO instancemanager.StarterPackManager: StarterPack: Spawned bot ArcCreek (class=10/HUMAN_MAGE, race=HUMAN, objId=268487148)
[04.05.26 22:53:44:041] INFO instancemanager.StarterPackManager: StarterPack: Attempting to spawn classId=18 name=ArcMarsh
[04.05.26 22:53:44:041] INFO instancemanager.StarterPackManager: StarterPack: classId=18 validated as ELVEN_FIGHTER race=ELF
[04.05.26 22:53:44:045] INFO instancemanager.StarterPackManager: StarterPack: Player.create() returned obj=268487163 for classId=18 name=ArcMarsh
[04.05.26 22:53:44:102] INFO instancemanager.StarterPackManager: StarterPack: initNewChar completed for ArcMarsh result=true
[04.05.26 22:53:44:121] INFO instancemanager.StarterPackManager: StarterPack: Player.restore() returned ArcMarsh for objId=268487163
[04.05.26 22:53:44:134] INFO instancemanager.StarterPackManager: StarterPack: Bot ArcMarsh entered world at 46031,41234,-3504
[04.05.26 22:53:44:134] INFO instancemanager.StarterPackManager: StarterPack: Spawned bot ArcMarsh (class=18/ELVEN_FIGHTER, race=ELF, objId=268487163)
[04.05.26 22:53:44:542] INFO instancemanager.StarterPackManager: StarterPack: Attempting to spawn classId=25 name=ArcField
[04.05.26 22:53:44:542] INFO instancemanager.StarterPackManager: StarterPack: classId=25 validated as ELVEN_MAGE race=ELF
[04.05.26 22:53:44:547] INFO instancemanager.StarterPackManager: StarterPack: Player.create() returned obj=268487188 for classId=25 name=ArcField
[04.05.26 22:53:44:592] INFO instancemanager.StarterPackManager: StarterPack: initNewChar completed for ArcField result=true
[04.05.26 22:53:44:610] INFO instancemanager.StarterPackManager: StarterPack: Player.restore() returned ArcField for objId=268487188
[04.05.26 22:53:44:624] INFO instancemanager.StarterPackManager: StarterPack: Bot ArcField entered world at 46030,41235,-3504
[04.05.26 22:53:44:624] INFO instancemanager.StarterPackManager: StarterPack: Spawned bot ArcField (class=25/ELVEN_MAGE, race=ELF, objId=268487188)
[04.05.26 22:53:45:041] INFO instancemanager.StarterPackManager: StarterPack: Attempting to spawn classId=31 name=ArcGrove
[04.05.26 22:53:45:041] INFO instancemanager.StarterPackManager: StarterPack: classId=31 validated as DARK_FIGHTER race=DARKELF
[04.05.26 22:53:45:047] INFO instancemanager.StarterPackManager: StarterPack: Player.create() returned obj=268487218 for classId=31 name=ArcGrove
[04.05.26 22:53:45:106] INFO instancemanager.StarterPackManager: StarterPack: initNewChar completed for ArcGrove result=true
[04.05.26 22:53:45:124] INFO instancemanager.StarterPackManager: StarterPack: Player.restore() returned ArcGrove for objId=268487218
[04.05.26 22:53:45:135] INFO instancemanager.StarterPackManager: StarterPack: Bot ArcGrove entered world at 28333,10993,-4232
[04.05.26 22:53:45:135] INFO instancemanager.StarterPackManager: StarterPack: Spawned bot ArcGrove (class=31/DARK_FIGHTER, race=DARKELF, objId=268487218)
[04.05.26 22:53:45:541] INFO instancemanager.StarterPackManager: StarterPack: Attempting to spawn classId=38 name=ArcCrest
[04.05.26 22:53:45:541] INFO instancemanager.StarterPackManager: StarterPack: classId=38 validated as DARK_MAGE race=DARKELF
[04.05.26 22:53:45:547] INFO instancemanager.StarterPackManager: StarterPack: Player.create() returned obj=268487232 for classId=38 name=ArcCrest
[04.05.26 22:53:45:611] INFO instancemanager.StarterPackManager: StarterPack: initNewChar completed for ArcCrest result=true
[04.05.26 22:53:45:637] INFO instancemanager.StarterPackManager: StarterPack: Player.restore() returned ArcCrest for objId=268487232
[04.05.26 22:53:45:649] INFO instancemanager.StarterPackManager: StarterPack: Bot ArcCrest entered world at 28422,10979,-4232
[04.05.26 22:53:45:650] INFO instancemanager.StarterPackManager: StarterPack: Spawned bot ArcCrest (class=38/DARK_MAGE, race=DARKELF, objId=268487232)
[04.05.26 22:53:46:041] INFO instancemanager.StarterPackManager: StarterPack: Attempting to spawn classId=44 name=ArcRidge
[04.05.26 22:53:46:041] INFO instancemanager.StarterPackManager: StarterPack: classId=44 validated as ORC_FIGHTER race=ORC
[04.05.26 22:53:46:050] INFO instancemanager.StarterPackManager: StarterPack: Player.create() returned obj=268487250 for classId=44 name=ArcRidge
[04.05.26 22:53:46:136] INFO instancemanager.StarterPackManager: StarterPack: initNewChar completed for ArcRidge result=true
[04.05.26 22:53:46:154] INFO instancemanager.StarterPackManager: StarterPack: Player.restore() returned ArcRidge for objId=268487250
[04.05.26 22:53:46:166] INFO instancemanager.StarterPackManager: StarterPack: Bot ArcRidge entered world at -56705,-113570,-672
[04.05.26 22:53:46:166] INFO instancemanager.StarterPackManager: StarterPack: Spawned bot ArcRidge (class=44/ORC_FIGHTER, race=ORC, objId=268487250)
[04.05.26 22:53:46:541] INFO instancemanager.StarterPackManager: StarterPack: Attempting to spawn classId=49 name=ArcDrake
[04.05.26 22:53:46:541] INFO instancemanager.StarterPackManager: StarterPack: classId=49 validated as ORC_MAGE race=ORC
[04.05.26 22:53:46:547] INFO instancemanager.StarterPackManager: StarterPack: Player.create() returned obj=268487276 for classId=49 name=ArcDrake
[04.05.26 22:53:46:600] INFO instancemanager.StarterPackManager: StarterPack: initNewChar completed for ArcDrake result=true
[04.05.26 22:53:46:618] INFO instancemanager.StarterPackManager: StarterPack: Player.restore() returned ArcDrake for objId=268487276
[04.05.26 22:53:46:632] INFO instancemanager.StarterPackManager: StarterPack: Bot ArcDrake entered world at -56709,-113603,-672
[04.05.26 22:53:46:632] INFO instancemanager.StarterPackManager: StarterPack: Spawned bot ArcDrake (class=49/ORC_MAGE, race=ORC, objId=268487276)
[04.05.26 22:53:47:042] INFO instancemanager.StarterPackManager: StarterPack: Attempting to spawn classId=53 name=ArcSerpent
[04.05.26 22:53:47:042] INFO instancemanager.StarterPackManager: StarterPack: classId=53 validated as DWARVEN_FIGHTER race=DWARF
[04.05.26 22:53:47:050] INFO instancemanager.StarterPackManager: StarterPack: Player.create() returned obj=268487304 for classId=53 name=ArcSerpent
[04.05.26 22:53:47:106] INFO instancemanager.StarterPackManager: StarterPack: initNewChar completed for ArcSerpent result=true
[04.05.26 22:53:47:122] INFO instancemanager.StarterPackManager: StarterPack: Player.restore() returned ArcSerpent for objId=268487304
[04.05.26 22:53:47:132] INFO instancemanager.StarterPackManager: StarterPack: Bot ArcSerpent entered world at 108564,-174037,-408
[04.05.26 22:53:47:132] INFO instancemanager.StarterPackManager: StarterPack: Spawned bot ArcSerpent (class=53/DWARVEN_FIGHTER, race=DWARF, objId=268487304)
[04.05.26 22:53:47:543] INFO instancemanager.StarterPackManager: StarterPack: Attempting to spawn classId=0 name=ZanBlade
[04.05.26 22:53:47:543] INFO instancemanager.StarterPackManager: StarterPack: classId=0 validated as HUMAN_FIGHTER race=HUMAN
[04.05.26 22:53:47:548] INFO instancemanager.StarterPackManager: StarterPack: Player.create() returned obj=268487321 for classId=0 name=ZanBlade
[04.05.26 22:53:47:609] INFO instancemanager.StarterPackManager: StarterPack: initNewChar completed for ZanBlade result=true
[04.05.26 22:53:47:627] INFO instancemanager.StarterPackManager: StarterPack: Player.restore() returned ZanBlade for objId=268487321
[04.05.26 22:53:47:639] INFO instancemanager.StarterPackManager: StarterPack: Bot ZanBlade entered world at -71365,258339,-3080
[04.05.26 22:53:47:639] INFO instancemanager.StarterPackManager: StarterPack: Spawned bot ZanBlade (class=0/HUMAN_FIGHTER, race=HUMAN, objId=268487321)
[04.05.26 22:53:48:042] INFO instancemanager.StarterPackManager: StarterPack: Attempting to spawn classId=10 name=ZanFang
[04.05.26 22:53:48:042] INFO instancemanager.StarterPackManager: StarterPack: classId=10 validated as HUMAN_MAGE race=HUMAN
[04.05.26 22:53:48:047] INFO instancemanager.StarterPackManager: StarterPack: Player.create() returned obj=268487340 for classId=10 name=ZanFang
[04.05.26 22:53:48:106] INFO instancemanager.StarterPackManager: StarterPack: initNewChar completed for ZanFang result=true
[04.05.26 22:53:48:125] INFO instancemanager.StarterPackManager: StarterPack: Player.restore() returned ZanFang for objId=268487340
[04.05.26 22:53:48:136] INFO instancemanager.StarterPackManager: StarterPack: Bot ZanFang entered world at -90911,248056,-3568
[04.05.26 22:53:48:136] INFO instancemanager.StarterPackManager: StarterPack: Spawned bot ZanFang (class=10/HUMAN_MAGE, race=HUMAN, objId=268487340)
[04.05.26 22:53:48:541] INFO instancemanager.StarterPackManager: StarterPack: Attempting to spawn classId=18 name=ZanEdge
[04.05.26 22:53:48:541] INFO instancemanager.StarterPackManager: StarterPack: classId=18 validated as ELVEN_FIGHTER race=ELF
[04.05.26 22:53:48:546] INFO instancemanager.StarterPackManager: StarterPack: Player.create() returned obj=268487368 for classId=18 name=ZanEdge
[04.05.26 22:53:48:588] INFO instancemanager.StarterPackManager: StarterPack: initNewChar completed for ZanEdge result=true
[04.05.26 22:53:48:606] INFO instancemanager.StarterPackManager: StarterPack: Player.restore() returned ZanEdge for objId=268487368
[04.05.26 22:53:48:618] INFO instancemanager.StarterPackManager: StarterPack: Bot ZanEdge entered world at 46120,41195,-3504
[04.05.26 22:53:48:618] INFO instancemanager.StarterPackManager: StarterPack: Spawned bot ZanEdge (class=18/ELVEN_FIGHTER, race=ELF, objId=268487368)
[04.05.26 22:53:49:041] INFO instancemanager.StarterPackManager: StarterPack: Attempting to spawn classId=25 name=ZanCore
[04.05.26 22:53:49:041] INFO instancemanager.StarterPackManager: StarterPack: classId=25 validated as ELVEN_MAGE race=ELF
[04.05.26 22:53:49:050] INFO instancemanager.StarterPackManager: StarterPack: Player.create() returned obj=268487394 for classId=25 name=ZanCore
[04.05.26 22:53:49:110] INFO instancemanager.StarterPackManager: StarterPack: initNewChar completed for ZanCore result=true
[04.05.26 22:53:49:129] INFO instancemanager.StarterPackManager: StarterPack: Player.restore() returned ZanCore for objId=268487394
[04.05.26 22:53:49:140] INFO instancemanager.StarterPackManager: StarterPack: Bot ZanCore entered world at 46115,41194,-3504
[04.05.26 22:53:49:140] INFO instancemanager.StarterPackManager: StarterPack: Spawned bot ZanCore (class=25/ELVEN_MAGE, race=ELF, objId=268487394)
[04.05.26 22:53:49:541] INFO instancemanager.StarterPackManager: StarterPack: Attempting to spawn classId=31 name=ZanZone
[04.05.26 22:53:49:541] INFO instancemanager.StarterPackManager: StarterPack: classId=31 validated as DARK_FIGHTER race=DARKELF
[04.05.26 22:53:49:548] INFO instancemanager.StarterPackManager: StarterPack: Player.create() returned obj=268487409 for classId=31 name=ZanZone
[04.05.26 22:53:49:602] INFO instancemanager.StarterPackManager: StarterPack: initNewChar completed for ZanZone result=true
[04.05.26 22:53:49:620] INFO instancemanager.StarterPackManager: StarterPack: Player.restore() returned ZanZone for objId=268487409
[04.05.26 22:53:49:632] INFO instancemanager.StarterPackManager: StarterPack: Bot ZanZone entered world at 28404,11001,-4232
[04.05.26 22:53:49:632] INFO instancemanager.StarterPackManager: StarterPack: Spawned bot ZanZone (class=31/DARK_FIGHTER, race=DARKELF, objId=268487409)
[04.05.26 22:53:50:042] INFO instancemanager.StarterPackManager: StarterPack: Attempting to spawn classId=38 name=ZanClaw
[04.05.26 22:53:50:042] INFO instancemanager.StarterPackManager: StarterPack: classId=38 validated as DARK_MAGE race=DARKELF
[04.05.26 22:53:50:047] INFO instancemanager.StarterPackManager: StarterPack: Player.create() returned obj=268487430 for classId=38 name=ZanClaw
[04.05.26 22:53:50:106] INFO instancemanager.StarterPackManager: StarterPack: initNewChar completed for ZanClaw result=true
[04.05.26 22:53:50:125] INFO instancemanager.StarterPackManager: StarterPack: Player.restore() returned ZanClaw for objId=268487430
[04.05.26 22:53:50:139] INFO instancemanager.StarterPackManager: StarterPack: Bot ZanClaw entered world at 28388,11045,-4232
[04.05.26 22:53:50:139] INFO instancemanager.StarterPackManager: StarterPack: Spawned bot ZanClaw (class=38/DARK_MAGE, race=DARKELF, objId=268487430)
[04.05.26 22:53:50:541] INFO instancemanager.StarterPackManager: StarterPack: Attempting to spawn classId=44 name=ZanSoul
[04.05.26 22:53:50:541] INFO instancemanager.StarterPackManager: StarterPack: classId=44 validated as ORC_FIGHTER race=ORC
[04.05.26 22:53:50:544] INFO instancemanager.StarterPackManager: StarterPack: Player.create() returned obj=268487456 for classId=44 name=ZanSoul
[04.05.26 22:53:50:593] INFO instancemanager.StarterPackManager: StarterPack: initNewChar completed for ZanSoul result=true
[04.05.26 22:53:50:612] INFO instancemanager.StarterPackManager: StarterPack: Player.restore() returned ZanSoul for objId=268487456
[04.05.26 22:53:50:624] INFO instancemanager.StarterPackManager: StarterPack: Bot ZanSoul entered world at -56685,-113560,-672
[04.05.26 22:53:50:624] INFO instancemanager.StarterPackManager: StarterPack: Spawned bot ZanSoul (class=44/ORC_FIGHTER, race=ORC, objId=268487456)
[04.05.26 22:53:51:042] INFO instancemanager.StarterPackManager: StarterPack: Attempting to spawn classId=49 name=ZanStar
[04.05.26 22:53:51:042] INFO instancemanager.StarterPackManager: StarterPack: classId=49 validated as ORC_MAGE race=ORC
[04.05.26 22:53:51:049] INFO instancemanager.StarterPackManager: StarterPack: Player.create() returned obj=268487486 for classId=49 name=ZanStar
[04.05.26 22:53:51:107] INFO instancemanager.StarterPackManager: StarterPack: initNewChar completed for ZanStar result=true
[04.05.26 22:53:51:124] INFO instancemanager.StarterPackManager: StarterPack: Player.restore() returned ZanStar for objId=268487486
[04.05.26 22:53:51:135] INFO instancemanager.StarterPackManager: StarterPack: Bot ZanStar entered world at -56677,-113627,-672
[04.05.26 22:53:51:135] INFO instancemanager.StarterPackManager: StarterPack: Spawned bot ZanStar (class=49/ORC_MAGE, race=ORC, objId=268487486)
[04.05.26 22:53:51:541] INFO instancemanager.StarterPackManager: StarterPack: Attempting to spawn classId=53 name=ZanFire
[04.05.26 22:53:51:541] INFO instancemanager.StarterPackManager: StarterPack: classId=53 validated as DWARVEN_FIGHTER race=DWARF
[04.05.26 22:53:51:548] INFO instancemanager.StarterPackManager: StarterPack: Player.create() returned obj=268487502 for classId=53 name=ZanFire
[04.05.26 22:53:51:605] INFO instancemanager.StarterPackManager: StarterPack: initNewChar completed for ZanFire result=true
[04.05.26 22:53:51:621] INFO instancemanager.StarterPackManager: StarterPack: Player.restore() returned ZanFire for objId=268487502
[04.05.26 22:53:51:631] INFO instancemanager.StarterPackManager: StarterPack: Bot ZanFire entered world at 108608,-174042,-408
[04.05.26 22:53:51:631] INFO instancemanager.StarterPackManager: StarterPack: Spawned bot ZanFire (class=53/DWARVEN_FIGHTER, race=DWARF, objId=268487502)
[04.05.26 22:53:52:041] INFO instancemanager.StarterPackManager: StarterPack: Attempting to spawn classId=0 name=ZanWind
[04.05.26 22:53:52:041] INFO instancemanager.StarterPackManager: StarterPack: classId=0 validated as HUMAN_FIGHTER race=HUMAN
[04.05.26 22:53:52:045] INFO instancemanager.StarterPackManager: StarterPack: Player.create() returned obj=268487520 for classId=0 name=ZanWind
[04.05.26 22:53:52:098] INFO instancemanager.StarterPackManager: StarterPack: initNewChar completed for ZanWind result=true
[04.05.26 22:53:52:117] INFO instancemanager.StarterPackManager: StarterPack: Player.restore() returned ZanWind for objId=268487520
[04.05.26 22:53:52:130] INFO instancemanager.StarterPackManager: StarterPack: Bot ZanWind entered world at -71423,258338,-3104
[04.05.26 22:53:52:130] INFO instancemanager.StarterPackManager: StarterPack: Spawned bot ZanWind (class=0/HUMAN_FIGHTER, race=HUMAN, objId=268487520)
[04.05.26 22:53:52:541] INFO instancemanager.StarterPackManager: StarterPack: Attempting to spawn classId=10 name=ZanRage
[04.05.26 22:53:52:541] INFO instancemanager.StarterPackManager: StarterPack: classId=10 validated as HUMAN_MAGE race=HUMAN
[04.05.26 22:53:52:547] INFO instancemanager.StarterPackManager: StarterPack: Player.create() returned obj=268487543 for classId=10 name=ZanRage
[04.05.26 22:53:52:591] INFO instancemanager.StarterPackManager: StarterPack: initNewChar completed for ZanRage result=true
[04.05.26 22:53:52:607] INFO instancemanager.StarterPackManager: StarterPack: Player.restore() returned ZanRage for objId=268487543
[04.05.26 22:53:52:618] INFO instancemanager.StarterPackManager: StarterPack: Bot ZanRage entered world at -90869,248049,-3568
[04.05.26 22:53:52:618] INFO instancemanager.StarterPackManager: StarterPack: Spawned bot ZanRage (class=10/HUMAN_MAGE, race=HUMAN, objId=268487543)
[04.05.26 22:53:53:041] INFO instancemanager.StarterPackManager: StarterPack: Attempting to spawn classId=18 name=ZanHawk
[04.05.26 22:53:53:041] INFO instancemanager.StarterPackManager: StarterPack: classId=18 validated as ELVEN_FIGHTER race=ELF
[04.05.26 22:53:53:048] INFO instancemanager.StarterPackManager: StarterPack: Player.create() returned obj=268487575 for classId=18 name=ZanHawk
[04.05.26 22:53:53:109] INFO instancemanager.StarterPackManager: StarterPack: initNewChar completed for ZanHawk result=true
[04.05.26 22:53:53:126] INFO instancemanager.StarterPackManager: StarterPack: Player.restore() returned ZanHawk for objId=268487575
[04.05.26 22:53:53:137] INFO instancemanager.StarterPackManager: StarterPack: Bot ZanHawk entered world at 46070,41147,-3504
[04.05.26 22:53:53:138] INFO instancemanager.StarterPackManager: StarterPack: Spawned bot ZanHawk (class=18/ELVEN_FIGHTER, race=ELF, objId=268487575)
[04.05.26 22:53:53:542] INFO instancemanager.StarterPackManager: StarterPack: Attempting to spawn classId=25 name=ZanWolf
[04.05.26 22:53:53:542] INFO instancemanager.StarterPackManager: StarterPack: classId=25 validated as ELVEN_MAGE race=ELF
[04.05.26 22:53:53:547] INFO instancemanager.StarterPackManager: StarterPack: Player.create() returned obj=268487597 for classId=25 name=ZanWolf
[04.05.26 22:53:53:604] INFO instancemanager.StarterPackManager: StarterPack: initNewChar completed for ZanWolf result=true
[04.05.26 22:53:53:622] INFO instancemanager.StarterPackManager: StarterPack: Player.restore() returned ZanWolf for objId=268487597
[04.05.26 22:53:53:634] INFO instancemanager.StarterPackManager: StarterPack: Bot ZanWolf entered world at 46066,41185,-3504
[04.05.26 22:53:53:634] INFO instancemanager.StarterPackManager: StarterPack: Spawned bot ZanWolf (class=25/ELVEN_MAGE, race=ELF, objId=268487597)
[04.05.26 22:53:54:042] INFO instancemanager.StarterPackManager: StarterPack: Attempting to spawn classId=31 name=ZanStrike
[04.05.26 22:53:54:042] INFO instancemanager.StarterPackManager: StarterPack: classId=31 validated as DARK_FIGHTER race=DARKELF
[04.05.26 22:53:54:049] INFO instancemanager.StarterPackManager: StarterPack: Player.create() returned obj=268487614 for classId=31 name=ZanStrike
[04.05.26 22:53:54:099] INFO instancemanager.StarterPackManager: StarterPack: initNewChar completed for ZanStrike result=true
[04.05.26 22:53:54:117] INFO instancemanager.StarterPackManager: StarterPack: Player.restore() returned ZanStrike for objId=268487614
[04.05.26 22:53:54:128] INFO instancemanager.StarterPackManager: StarterPack: Bot ZanStrike entered world at 28381,11067,-4232
[04.05.26 22:53:54:128] INFO instancemanager.StarterPackManager: StarterPack: Spawned bot ZanStrike (class=31/DARK_FIGHTER, race=DARKELF, objId=268487614)
[04.05.26 22:53:54:541] INFO instancemanager.StarterPackManager: StarterPack: Attempting to spawn classId=38 name=ZanVeil
[04.05.26 22:53:54:541] INFO instancemanager.StarterPackManager: StarterPack: classId=38 validated as DARK_MAGE race=DARKELF
[04.05.26 22:53:54:546] INFO instancemanager.StarterPackManager: StarterPack: Player.create() returned obj=268487642 for classId=38 name=ZanVeil
[04.05.26 22:53:54:620] INFO instancemanager.StarterPackManager: StarterPack: initNewChar completed for ZanVeil result=true
[04.05.26 22:53:54:637] INFO instancemanager.StarterPackManager: StarterPack: Player.restore() returned ZanVeil for objId=268487642
[04.05.26 22:53:54:649] INFO instancemanager.StarterPackManager: StarterPack: Bot ZanVeil entered world at 28371,11008,-4232
[04.05.26 22:53:54:649] INFO instancemanager.StarterPackManager: StarterPack: Spawned bot ZanVeil (class=38/DARK_MAGE, race=DARKELF, objId=268487642)
[04.05.26 22:53:55:042] INFO instancemanager.StarterPackManager: StarterPack: Attempting to spawn classId=44 name=ZanWisp
[04.05.26 22:53:55:042] INFO instancemanager.StarterPackManager: StarterPack: classId=44 validated as ORC_FIGHTER race=ORC
[04.05.26 22:53:55:047] INFO instancemanager.StarterPackManager: StarterPack: Player.create() returned obj=268487674 for classId=44 name=ZanWisp
[04.05.26 22:53:55:084] INFO instancemanager.StarterPackManager: StarterPack: initNewChar completed for ZanWisp result=true
[04.05.26 22:53:55:102] INFO instancemanager.StarterPackManager: StarterPack: Player.restore() returned ZanWisp for objId=268487674
[04.05.26 22:53:55:115] INFO instancemanager.StarterPackManager: StarterPack: Bot ZanWisp entered world at -56743,-113625,-672
[04.05.26 22:53:55:115] INFO instancemanager.StarterPackManager: StarterPack: Spawned bot ZanWisp (class=44/ORC_FIGHTER, race=ORC, objId=268487674)
[04.05.26 22:53:55:541] INFO instancemanager.StarterPackManager: StarterPack: Attempting to spawn classId=49 name=ZanGloom
[04.05.26 22:53:55:541] INFO instancemanager.StarterPackManager: StarterPack: classId=49 validated as ORC_MAGE race=ORC
[04.05.26 22:53:55:548] INFO instancemanager.StarterPackManager: StarterPack: Player.create() returned obj=268487696 for classId=49 name=ZanGloom
[04.05.26 22:53:55:602] INFO instancemanager.StarterPackManager: StarterPack: initNewChar completed for ZanGloom result=true
[04.05.26 22:53:55:623] INFO instancemanager.StarterPackManager: StarterPack: Player.restore() returned ZanGloom for objId=268487696
[04.05.26 22:53:55:636] INFO instancemanager.StarterPackManager: StarterPack: Bot ZanGloom entered world at -56694,-113593,-672
[04.05.26 22:53:55:636] INFO instancemanager.StarterPackManager: StarterPack: Spawned bot ZanGloom (class=49/ORC_MAGE, race=ORC, objId=268487696)
[04.05.26 22:53:56:043] INFO instancemanager.StarterPackManager: StarterPack: Attempting to spawn classId=53 name=ZanStone
[04.05.26 22:53:56:043] INFO instancemanager.StarterPackManager: StarterPack: classId=53 validated as DWARVEN_FIGHTER race=DWARF
[04.05.26 22:53:56:048] INFO instancemanager.StarterPackManager: StarterPack: Player.create() returned obj=268487714 for classId=53 name=ZanStone
[04.05.26 22:53:56:124] INFO instancemanager.StarterPackManager: StarterPack: initNewChar completed for ZanStone result=true
[04.05.26 22:53:56:144] INFO instancemanager.StarterPackManager: StarterPack: Player.restore() returned ZanStone for objId=268487714
[04.05.26 22:53:56:157] INFO instancemanager.StarterPackManager: StarterPack: Bot ZanStone entered world at 108602,-174061,-408
[04.05.26 22:53:56:158] INFO instancemanager.StarterPackManager: StarterPack: Spawned bot ZanStone (class=53/DWARVEN_FIGHTER, race=DWARF, objId=268487714)
[04.05.26 22:53:56:542] INFO instancemanager.StarterPackManager: StarterPack: Attempting to spawn classId=0 name=ZanCrown
[04.05.26 22:53:56:542] INFO instancemanager.StarterPackManager: StarterPack: classId=0 validated as HUMAN_FIGHTER race=HUMAN
[04.05.26 22:53:56:548] INFO instancemanager.StarterPackManager: StarterPack: Player.create() returned obj=268487739 for classId=0 name=ZanCrown
[04.05.26 22:53:56:587] INFO instancemanager.StarterPackManager: StarterPack: initNewChar completed for ZanCrown result=true
[04.05.26 22:53:56:606] INFO instancemanager.StarterPackManager: StarterPack: Player.restore() returned ZanCrown for objId=268487739
[04.05.26 22:53:56:619] INFO instancemanager.StarterPackManager: StarterPack: Bot ZanCrown entered world at -71435,258309,-3104
[04.05.26 22:53:56:619] INFO instancemanager.StarterPackManager: StarterPack: Spawned bot ZanCrown (class=0/HUMAN_FIGHTER, race=HUMAN, objId=268487739)
[04.05.26 22:53:57:042] INFO instancemanager.StarterPackManager: StarterPack: Attempting to spawn classId=10 name=ZanThorn
[04.05.26 22:53:57:042] INFO instancemanager.StarterPackManager: StarterPack: classId=10 validated as HUMAN_MAGE race=HUMAN
[04.05.26 22:53:57:047] INFO instancemanager.StarterPackManager: StarterPack: Player.create() returned obj=268487766 for classId=10 name=ZanThorn
[04.05.26 22:53:57:113] INFO instancemanager.StarterPackManager: StarterPack: initNewChar completed for ZanThorn result=true
[04.05.26 22:53:57:131] INFO instancemanager.StarterPackManager: StarterPack: Player.restore() returned ZanThorn for objId=268487766
[04.05.26 22:53:57:141] INFO instancemanager.StarterPackManager: StarterPack: Bot ZanThorn entered world at -90881,248058,-3568
[04.05.26 22:53:57:141] INFO instancemanager.StarterPackManager: StarterPack: Spawned bot ZanThorn (class=10/HUMAN_MAGE, race=HUMAN, objId=268487766)
[04.05.26 22:53:57:541] INFO instancemanager.StarterPackManager: StarterPack: Attempting to spawn classId=18 name=ZanSpark
[04.05.26 22:53:57:541] INFO instancemanager.StarterPackManager: StarterPack: classId=18 validated as ELVEN_FIGHTER race=ELF
[04.05.26 22:53:57:548] INFO instancemanager.StarterPackManager: StarterPack: Player.create() returned obj=268487785 for classId=18 name=ZanSpark
[04.05.26 22:53:57:608] INFO instancemanager.StarterPackManager: StarterPack: initNewChar completed for ZanSpark result=true
[04.05.26 22:53:57:626] INFO instancemanager.StarterPackManager: StarterPack: Player.restore() returned ZanSpark for objId=268487785
[04.05.26 22:53:57:638] INFO instancemanager.StarterPackManager: StarterPack: Bot ZanSpark entered world at 46062,41198,-3504
[04.05.26 22:53:57:638] INFO instancemanager.StarterPackManager: StarterPack: Spawned bot ZanSpark (class=18/ELVEN_FIGHTER, race=ELF, objId=268487785)
[04.05.26 22:53:58:041] INFO instancemanager.StarterPackManager: StarterPack: Attempting to spawn classId=25 name=ZanFlash
[04.05.26 22:53:58:041] INFO instancemanager.StarterPackManager: StarterPack: classId=25 validated as ELVEN_MAGE race=ELF
[04.05.26 22:53:58:047] INFO instancemanager.StarterPackManager: StarterPack: Player.create() returned obj=268487807 for classId=25 name=ZanFlash
[04.05.26 22:53:58:098] INFO instancemanager.StarterPackManager: StarterPack: initNewChar completed for ZanFlash result=true
[04.05.26 22:53:58:117] INFO instancemanager.StarterPackManager: StarterPack: Player.restore() returned ZanFlash for objId=268487807
[04.05.26 22:53:58:131] INFO instancemanager.StarterPackManager: StarterPack: Bot ZanFlash entered world at 46066,41149,-3504
[04.05.26 22:53:58:131] INFO instancemanager.StarterPackManager: StarterPack: Spawned bot ZanFlash (class=25/ELVEN_MAGE, race=ELF, objId=268487807)
[04.05.26 22:53:58:542] INFO instancemanager.StarterPackManager: StarterPack: Attempting to spawn classId=31 name=ZanBloom
[04.05.26 22:53:58:542] INFO instancemanager.StarterPackManager: StarterPack: classId=31 validated as DARK_FIGHTER race=DARKELF
[04.05.26 22:53:58:547] INFO instancemanager.StarterPackManager: StarterPack: Player.create() returned obj=268487831 for classId=31 name=ZanBloom
[04.05.26 22:53:58:582] INFO instancemanager.StarterPackManager: StarterPack: initNewChar completed for ZanBloom result=true
[04.05.26 22:53:58:600] INFO instancemanager.StarterPackManager: StarterPack: Player.restore() returned ZanBloom for objId=268487831
[04.05.26 22:53:58:613] INFO instancemanager.StarterPackManager: StarterPack: Bot ZanBloom entered world at 28366,10993,-4232
[04.05.26 22:53:58:613] INFO instancemanager.StarterPackManager: StarterPack: Spawned bot ZanBloom (class=31/DARK_FIGHTER, race=DARKELF, objId=268487831)
[04.05.26 22:53:59:042] INFO instancemanager.StarterPackManager: StarterPack: Attempting to spawn classId=38 name=ZanCreek
[04.05.26 22:53:59:042] INFO instancemanager.StarterPackManager: StarterPack: classId=38 validated as DARK_MAGE race=DARKELF
[04.05.26 22:53:59:049] INFO instancemanager.StarterPackManager: StarterPack: Player.create() returned obj=268487860 for classId=38 name=ZanCreek
[04.05.26 22:53:59:123] INFO instancemanager.StarterPackManager: StarterPack: initNewChar completed for ZanCreek result=true
[04.05.26 22:53:59:141] INFO instancemanager.StarterPackManager: StarterPack: Player.restore() returned ZanCreek for objId=268487860
[04.05.26 22:53:59:155] INFO instancemanager.StarterPackManager: StarterPack: Bot ZanCreek entered world at 28364,11061,-4232
[04.05.26 22:53:59:155] INFO instancemanager.StarterPackManager: StarterPack: Spawned bot ZanCreek (class=38/DARK_MAGE, race=DARKELF, objId=268487860)
[04.05.26 22:53:59:541] INFO instancemanager.StarterPackManager: StarterPack: Attempting to spawn classId=44 name=ZanMarsh
[04.05.26 22:53:59:541] INFO instancemanager.StarterPackManager: StarterPack: classId=44 validated as ORC_FIGHTER race=ORC
[04.05.26 22:53:59:548] INFO instancemanager.StarterPackManager: StarterPack: Player.create() returned obj=268487875 for classId=44 name=ZanMarsh
[04.05.26 22:53:59:585] INFO instancemanager.StarterPackManager: StarterPack: initNewChar completed for ZanMarsh result=true
[04.05.26 22:53:59:602] INFO instancemanager.StarterPackManager: StarterPack: Player.restore() returned ZanMarsh for objId=268487875
[04.05.26 22:53:59:614] INFO instancemanager.StarterPackManager: StarterPack: Bot ZanMarsh entered world at -56718,-113608,-672
[04.05.26 22:53:59:614] INFO instancemanager.StarterPackManager: StarterPack: Spawned bot ZanMarsh (class=44/ORC_FIGHTER, race=ORC, objId=268487875)
[04.05.26 22:54:00:042] INFO instancemanager.StarterPackManager: StarterPack: Attempting to spawn classId=49 name=ZanField
[04.05.26 22:54:00:042] INFO instancemanager.StarterPackManager: StarterPack: classId=49 validated as ORC_MAGE race=ORC
[04.05.26 22:54:00:045] INFO instancemanager.StarterPackManager: StarterPack: Player.create() returned obj=268487897 for classId=49 name=ZanField
[04.05.26 22:54:00:100] INFO instancemanager.StarterPackManager: StarterPack: initNewChar completed for ZanField result=true
[04.05.26 22:54:00:120] INFO instancemanager.StarterPackManager: StarterPack: Player.restore() returned ZanField for objId=268487897
[04.05.26 22:54:00:133] INFO instancemanager.StarterPackManager: StarterPack: Bot ZanField entered world at -56729,-113582,-672
[04.05.26 22:54:00:133] INFO instancemanager.StarterPackManager: StarterPack: Spawned bot ZanField (class=49/ORC_MAGE, race=ORC, objId=268487897)
[04.05.26 22:54:00:541] INFO instancemanager.StarterPackManager: StarterPack: Attempting to spawn classId=53 name=ZanGrove
[04.05.26 22:54:00:541] INFO instancemanager.StarterPackManager: StarterPack: classId=53 validated as DWARVEN_FIGHTER race=DWARF
[04.05.26 22:54:00:548] INFO instancemanager.StarterPackManager: StarterPack: Player.create() returned obj=268487920 for classId=53 name=ZanGrove
[04.05.26 22:54:00:587] INFO instancemanager.StarterPackManager: StarterPack: initNewChar completed for ZanGrove result=true
[04.05.26 22:54:00:604] INFO instancemanager.StarterPackManager: StarterPack: Player.restore() returned ZanGrove for objId=268487920
[04.05.26 22:54:00:615] INFO instancemanager.StarterPackManager: StarterPack: Bot ZanGrove entered world at 108545,-174003,-408
[04.05.26 22:54:00:615] INFO instancemanager.StarterPackManager: StarterPack: Spawned bot ZanGrove (class=53/DWARVEN_FIGHTER, race=DWARF, objId=268487920)
[04.05.26 22:54:01:042] INFO instancemanager.StarterPackManager: StarterPack: Attempting to spawn classId=0 name=ZanCrest
[04.05.26 22:54:01:042] INFO instancemanager.StarterPackManager: StarterPack: classId=0 validated as HUMAN_FIGHTER race=HUMAN
[04.05.26 22:54:01:047] INFO instancemanager.StarterPackManager: StarterPack: Player.create() returned obj=268487955 for classId=0 name=ZanCrest
[04.05.26 22:54:01:107] INFO instancemanager.StarterPackManager: StarterPack: initNewChar completed for ZanCrest result=true
[04.05.26 22:54:01:125] INFO instancemanager.StarterPackManager: StarterPack: Player.restore() returned ZanCrest for objId=268487955
[04.05.26 22:54:01:137] INFO instancemanager.StarterPackManager: StarterPack: Bot ZanCrest entered world at -71441,258279,-3104
[04.05.26 22:54:01:137] INFO instancemanager.StarterPackManager: StarterPack: Spawned bot ZanCrest (class=0/HUMAN_FIGHTER, race=HUMAN, objId=268487955)
[04.05.26 22:54:01:542] INFO instancemanager.StarterPackManager: StarterPack: Attempting to spawn classId=10 name=ZanRidge
[04.05.26 22:54:01:542] INFO instancemanager.StarterPackManager: StarterPack: classId=10 validated as HUMAN_MAGE race=HUMAN
[04.05.26 22:54:01:548] INFO instancemanager.StarterPackManager: StarterPack: Player.create() returned obj=268487976 for classId=10 name=ZanRidge
[04.05.26 22:54:01:613] INFO instancemanager.StarterPackManager: StarterPack: initNewChar completed for ZanRidge result=true
[04.05.26 22:54:01:631] INFO instancemanager.StarterPackManager: StarterPack: Player.restore() returned ZanRidge for objId=268487976
[04.05.26 22:54:01:644] INFO instancemanager.StarterPackManager: StarterPack: Bot ZanRidge entered world at -90920,248126,-3568
[04.05.26 22:54:01:644] INFO instancemanager.StarterPackManager: StarterPack: Spawned bot ZanRidge (class=10/HUMAN_MAGE, race=HUMAN, objId=268487976)
[04.05.26 22:54:02:042] INFO instancemanager.StarterPackManager: StarterPack: Attempting to spawn classId=18 name=ZanDrake
[04.05.26 22:54:02:042] INFO instancemanager.StarterPackManager: StarterPack: classId=18 validated as ELVEN_FIGHTER race=ELF
[04.05.26 22:54:02:050] INFO instancemanager.StarterPackManager: StarterPack: Player.create() returned obj=268487993 for classId=18 name=ZanDrake
[04.05.26 22:54:02:087] INFO instancemanager.StarterPackManager: StarterPack: initNewChar completed for ZanDrake result=true
[04.05.26 22:54:02:106] INFO instancemanager.StarterPackManager: StarterPack: Player.restore() returned ZanDrake for objId=268487993
[04.05.26 22:54:02:117] INFO instancemanager.StarterPackManager: StarterPack: Bot ZanDrake entered world at 46081,41151,-3504
[04.05.26 22:54:02:117] INFO instancemanager.StarterPackManager: StarterPack: Spawned bot ZanDrake (class=18/ELVEN_FIGHTER, race=ELF, objId=268487993)
[04.05.26 22:54:02:541] INFO instancemanager.StarterPackManager: StarterPack: Attempting to spawn classId=25 name=ZanSerpent
[04.05.26 22:54:02:541] INFO instancemanager.StarterPackManager: StarterPack: classId=25 validated as ELVEN_MAGE race=ELF
[04.05.26 22:54:02:548] INFO instancemanager.StarterPackManager: StarterPack: Player.create() returned obj=268488017 for classId=25 name=ZanSerpent
[04.05.26 22:54:02:613] INFO instancemanager.StarterPackManager: StarterPack: initNewChar completed for ZanSerpent result=true
[04.05.26 22:54:02:630] INFO instancemanager.StarterPackManager: StarterPack: Player.restore() returned ZanSerpent for objId=268488017
[04.05.26 22:54:02:641] INFO instancemanager.StarterPackManager: StarterPack: Bot ZanSerpent entered world at 46103,41201,-3504
[04.05.26 22:54:02:641] INFO instancemanager.StarterPackManager: StarterPack: Spawned bot ZanSerpent (class=25/ELVEN_MAGE, race=ELF, objId=268488017)
[04.05.26 22:54:03:042] INFO instancemanager.StarterPackManager: StarterPack: Attempting to spawn classId=31 name=VexBlade
[04.05.26 22:54:03:042] INFO instancemanager.StarterPackManager: StarterPack: classId=31 validated as DARK_FIGHTER race=DARKELF
[04.05.26 22:54:03:047] INFO instancemanager.StarterPackManager: StarterPack: Player.create() returned obj=268488049 for classId=31 name=VexBlade
[04.05.26 22:54:03:090] INFO instancemanager.StarterPackManager: StarterPack: initNewChar completed for VexBlade result=true
[04.05.26 22:54:03:110] INFO instancemanager.StarterPackManager: StarterPack: Player.restore() returned VexBlade for objId=268488049
[04.05.26 22:54:03:123] INFO instancemanager.StarterPackManager: StarterPack: Bot VexBlade entered world at 28373,10998,-4232
[04.05.26 22:54:03:123] INFO instancemanager.StarterPackManager: StarterPack: Spawned bot VexBlade (class=31/DARK_FIGHTER, race=DARKELF, objId=268488049)
[04.05.26 22:54:03:541] INFO instancemanager.StarterPackManager: StarterPack: Attempting to spawn classId=38 name=VexFang
[04.05.26 22:54:03:541] INFO instancemanager.StarterPackManager: StarterPack: classId=38 validated as DARK_MAGE race=DARKELF
[04.05.26 22:54:03:547] INFO instancemanager.StarterPackManager: StarterPack: Player.create() returned obj=268488063 for classId=38 name=VexFang
[04.05.26 22:54:03:600] INFO instancemanager.StarterPackManager: StarterPack: initNewChar completed for VexFang result=true
[04.05.26 22:54:03:617] INFO instancemanager.StarterPackManager: StarterPack: Player.restore() returned VexFang for objId=268488063
[04.05.26 22:54:03:629] INFO instancemanager.StarterPackManager: StarterPack: Bot VexFang entered world at 28348,11026,-4232
[04.05.26 22:54:03:629] INFO instancemanager.StarterPackManager: StarterPack: Spawned bot VexFang (class=38/DARK_MAGE, race=DARKELF, objId=268488063)
[04.05.26 22:54:04:042] INFO instancemanager.StarterPackManager: StarterPack: Attempting to spawn classId=44 name=VexEdge
[04.05.26 22:54:04:042] INFO instancemanager.StarterPackManager: StarterPack: classId=44 validated as ORC_FIGHTER race=ORC
[04.05.26 22:54:04:047] INFO instancemanager.StarterPackManager: StarterPack: Player.create() returned obj=268488080 for classId=44 name=VexEdge
[04.05.26 22:54:04:100] INFO instancemanager.StarterPackManager: StarterPack: initNewChar completed for VexEdge result=true
[04.05.26 22:54:04:118] INFO instancemanager.StarterPackManager: StarterPack: Player.restore() returned VexEdge for objId=268488080
[04.05.26 22:54:04:128] INFO instancemanager.StarterPackManager: StarterPack: Bot VexEdge entered world at -56695,-113568,-672
[04.05.26 22:54:04:128] INFO instancemanager.StarterPackManager: StarterPack: Spawned bot VexEdge (class=44/ORC_FIGHTER, race=ORC, objId=268488080)
[04.05.26 22:54:04:542] INFO instancemanager.StarterPackManager: StarterPack: Attempting to spawn classId=49 name=VexCore
[04.05.26 22:54:04:542] INFO instancemanager.StarterPackManager: StarterPack: classId=49 validated as ORC_MAGE race=ORC
[04.05.26 22:54:04:547] INFO instancemanager.StarterPackManager: StarterPack: Player.create() returned obj=268488106 for classId=49 name=VexCore
[04.05.26 22:54:04:616] INFO instancemanager.StarterPackManager: StarterPack: initNewChar completed for VexCore result=true
[04.05.26 22:54:04:638] INFO instancemanager.StarterPackManager: StarterPack: Player.restore() returned VexCore for objId=268488106
[04.05.26 22:54:04:652] INFO instancemanager.StarterPackManager: StarterPack: Bot VexCore entered world at -56712,-113556,-672
[04.05.26 22:54:04:652] INFO instancemanager.StarterPackManager: StarterPack: Spawned bot VexCore (class=49/ORC_MAGE, race=ORC, objId=268488106)
[04.05.26 22:54:05:042] INFO instancemanager.StarterPackManager: StarterPack: Attempting to spawn classId=53 name=VexZone
[04.05.26 22:54:05:042] INFO instancemanager.StarterPackManager: StarterPack: classId=53 validated as DWARVEN_FIGHTER race=DWARF
[04.05.26 22:54:05:049] INFO instancemanager.StarterPackManager: StarterPack: Player.create() returned obj=268488135 for classId=53 name=VexZone
[04.05.26 22:54:05:086] INFO instancemanager.StarterPackManager: StarterPack: initNewChar completed for VexZone result=true
[04.05.26 22:54:05:105] INFO instancemanager.StarterPackManager: StarterPack: Player.restore() returned VexZone for objId=268488135
[04.05.26 22:54:05:115] INFO instancemanager.StarterPackManager: StarterPack: Bot VexZone entered world at 108581,-174036,-408
[04.05.26 22:54:05:115] INFO instancemanager.StarterPackManager: StarterPack: Spawned bot VexZone (class=53/DWARVEN_FIGHTER, race=DWARF, objId=268488135)
[04.05.26 22:54:05:542] INFO instancemanager.StarterPackManager: StarterPack: Attempting to spawn classId=0 name=VexClaw
[04.05.26 22:54:05:542] INFO instancemanager.StarterPackManager: StarterPack: classId=0 validated as HUMAN_FIGHTER race=HUMAN
[04.05.26 22:54:05:548] INFO instancemanager.StarterPackManager: StarterPack: Player.create() returned obj=268488155 for classId=0 name=VexClaw
[04.05.26 22:54:05:592] INFO instancemanager.StarterPackManager: StarterPack: initNewChar completed for VexClaw result=true
[04.05.26 22:54:05:613] INFO instancemanager.StarterPackManager: StarterPack: Player.restore() returned VexClaw for objId=268488155
[04.05.26 22:54:05:624] INFO instancemanager.StarterPackManager: StarterPack: Bot VexClaw entered world at -71436,258352,-3104
[04.05.26 22:54:05:625] INFO instancemanager.StarterPackManager: StarterPack: Spawned bot VexClaw (class=0/HUMAN_FIGHTER, race=HUMAN, objId=268488155)
[04.05.26 22:54:06:042] INFO instancemanager.StarterPackManager: StarterPack: Attempting to spawn classId=10 name=VexSoul
[04.05.26 22:54:06:042] INFO instancemanager.StarterPackManager: StarterPack: classId=10 validated as HUMAN_MAGE race=HUMAN
[04.05.26 22:54:06:050] INFO instancemanager.StarterPackManager: StarterPack: Player.create() returned obj=268488173 for classId=10 name=VexSoul
[04.05.26 22:54:06:142] INFO instancemanager.StarterPackManager: StarterPack: initNewChar completed for VexSoul result=true
[04.05.26 22:54:06:164] INFO instancemanager.StarterPackManager: StarterPack: Player.restore() returned VexSoul for objId=268488173
[04.05.26 22:54:06:174] INFO instancemanager.StarterPackManager: StarterPack: Bot VexSoul entered world at -90924,248041,-3568
[04.05.26 22:54:06:174] INFO instancemanager.StarterPackManager: StarterPack: Spawned bot VexSoul (class=10/HUMAN_MAGE, race=HUMAN, objId=268488173)
[04.05.26 22:54:06:542] INFO instancemanager.StarterPackManager: StarterPack: Attempting to spawn classId=18 name=VexStar
[04.05.26 22:54:06:542] INFO instancemanager.StarterPackManager: StarterPack: classId=18 validated as ELVEN_FIGHTER race=ELF
[04.05.26 22:54:06:549] INFO instancemanager.StarterPackManager: StarterPack: Player.create() returned obj=268488196 for classId=18 name=VexStar
[04.05.26 22:54:06:607] INFO instancemanager.StarterPackManager: StarterPack: initNewChar completed for VexStar result=true
[04.05.26 22:54:06:625] INFO instancemanager.StarterPackManager: StarterPack: Player.restore() returned VexStar for objId=268488196
[04.05.26 22:54:06:637] INFO instancemanager.StarterPackManager: StarterPack: Bot VexStar entered world at 46035,41182,-3504
[04.05.26 22:54:06:637] INFO instancemanager.StarterPackManager: StarterPack: Spawned bot VexStar (class=18/ELVEN_FIGHTER, race=ELF, objId=268488196)
[04.05.26 22:54:07:041] INFO instancemanager.StarterPackManager: StarterPack: Attempting to spawn classId=25 name=VexFire
[04.05.26 22:54:07:041] INFO instancemanager.StarterPackManager: StarterPack: classId=25 validated as ELVEN_MAGE race=ELF
[04.05.26 22:54:07:045] INFO instancemanager.StarterPackManager: StarterPack: Player.create() returned obj=268488225 for classId=25 name=VexFire
[04.05.26 22:54:07:100] INFO instancemanager.StarterPackManager: StarterPack: initNewChar completed for VexFire result=true
[04.05.26 22:54:07:118] INFO instancemanager.StarterPackManager: StarterPack: Player.restore() returned VexFire for objId=268488225
[04.05.26 22:54:07:132] INFO instancemanager.StarterPackManager: StarterPack: Bot VexFire entered world at 46089,41148,-3504
[04.05.26 22:54:07:132] INFO instancemanager.StarterPackManager: StarterPack: Spawned bot VexFire (class=25/ELVEN_MAGE, race=ELF, objId=268488225)
[04.05.26 22:54:07:542] INFO instancemanager.StarterPackManager: StarterPack: Attempting to spawn classId=31 name=VexWind
[04.05.26 22:54:07:542] INFO instancemanager.StarterPackManager: StarterPack: classId=31 validated as DARK_FIGHTER race=DARKELF
[04.05.26 22:54:07:547] INFO instancemanager.StarterPackManager: StarterPack: Player.create() returned obj=268488242 for classId=31 name=VexWind
[04.05.26 22:54:07:583] INFO instancemanager.StarterPackManager: StarterPack: initNewChar completed for VexWind result=true
[04.05.26 22:54:07:601] INFO instancemanager.StarterPackManager: StarterPack: Player.restore() returned VexWind for objId=268488242
[04.05.26 22:54:07:611] INFO instancemanager.StarterPackManager: StarterPack: Bot VexWind entered world at 28410,11060,-4232
[04.05.26 22:54:07:611] INFO instancemanager.StarterPackManager: StarterPack: Spawned bot VexWind (class=31/DARK_FIGHTER, race=DARKELF, objId=268488242)
[04.05.26 22:54:08:043] INFO instancemanager.StarterPackManager: StarterPack: Attempting to spawn classId=38 name=VexRage
[04.05.26 22:54:08:043] INFO instancemanager.StarterPackManager: StarterPack: classId=38 validated as DARK_MAGE race=DARKELF
[04.05.26 22:54:08:050] INFO instancemanager.StarterPackManager: StarterPack: Player.create() returned obj=268488260 for classId=38 name=VexRage
[04.05.26 22:54:08:115] INFO instancemanager.StarterPackManager: StarterPack: initNewChar completed for VexRage result=true
[04.05.26 22:54:08:134] INFO instancemanager.StarterPackManager: StarterPack: Player.restore() returned VexRage for objId=268488260
[04.05.26 22:54:08:144] INFO instancemanager.StarterPackManager: StarterPack: Bot VexRage entered world at 28403,11028,-4232
[04.05.26 22:54:08:144] INFO instancemanager.StarterPackManager: StarterPack: Spawned bot VexRage (class=38/DARK_MAGE, race=DARKELF, objId=268488260)
[04.05.26 22:54:08:542] INFO instancemanager.StarterPackManager: StarterPack: Attempting to spawn classId=44 name=VexHawk
[04.05.26 22:54:08:542] INFO instancemanager.StarterPackManager: StarterPack: classId=44 validated as ORC_FIGHTER race=ORC
[04.05.26 22:54:08:549] INFO instancemanager.StarterPackManager: StarterPack: Player.create() returned obj=268488280 for classId=44 name=VexHawk
[04.05.26 22:54:08:611] INFO instancemanager.StarterPackManager: StarterPack: initNewChar completed for VexHawk result=true
[04.05.26 22:54:08:628] INFO instancemanager.StarterPackManager: StarterPack: Player.restore() returned VexHawk for objId=268488280
[04.05.26 22:54:08:640] INFO instancemanager.StarterPackManager: StarterPack: Bot VexHawk entered world at -56680,-113596,-672
[04.05.26 22:54:08:640] INFO instancemanager.StarterPackManager: StarterPack: Spawned bot VexHawk (class=44/ORC_FIGHTER, race=ORC, objId=268488280)
[04.05.26 22:54:09:041] INFO instancemanager.StarterPackManager: StarterPack: Attempting to spawn classId=49 name=VexWolf
[04.05.26 22:54:09:041] INFO instancemanager.StarterPackManager: StarterPack: classId=49 validated as ORC_MAGE race=ORC
[04.05.26 22:54:09:044] INFO instancemanager.StarterPackManager: StarterPack: Player.create() returned obj=268488306 for classId=49 name=VexWolf
[04.05.26 22:54:09:091] INFO instancemanager.StarterPackManager: StarterPack: initNewChar completed for VexWolf result=true
[04.05.26 22:54:09:110] INFO instancemanager.StarterPackManager: StarterPack: Player.restore() returned VexWolf for objId=268488306
[04.05.26 22:54:09:123] INFO instancemanager.StarterPackManager: StarterPack: Bot VexWolf entered world at -56733,-113558,-672
[04.05.26 22:54:09:123] INFO instancemanager.StarterPackManager: StarterPack: Spawned bot VexWolf (class=49/ORC_MAGE, race=ORC, objId=268488306)
[04.05.26 22:54:09:542] INFO instancemanager.StarterPackManager: StarterPack: Attempting to spawn classId=53 name=VexStrike
[04.05.26 22:54:09:542] INFO instancemanager.StarterPackManager: StarterPack: classId=53 validated as DWARVEN_FIGHTER race=DWARF
[04.05.26 22:54:09:545] INFO instancemanager.StarterPackManager: StarterPack: Player.create() returned obj=268488321 for classId=53 name=VexStrike
[04.05.26 22:54:09:583] INFO instancemanager.StarterPackManager: StarterPack: initNewChar completed for VexStrike result=true
[04.05.26 22:54:09:600] INFO instancemanager.StarterPackManager: StarterPack: Player.restore() returned VexStrike for objId=268488321
[04.05.26 22:54:09:610] INFO instancemanager.StarterPackManager: StarterPack: Bot VexStrike entered world at 108596,-174054,-408
[04.05.26 22:54:09:610] INFO instancemanager.StarterPackManager: StarterPack: Spawned bot VexStrike (class=53/DWARVEN_FIGHTER, race=DWARF, objId=268488321)
[04.05.26 22:54:10:042] INFO instancemanager.StarterPackManager: StarterPack: Attempting to spawn classId=0 name=VexVeil
[04.05.26 22:54:10:042] INFO instancemanager.StarterPackManager: StarterPack: classId=0 validated as HUMAN_FIGHTER race=HUMAN
[04.05.26 22:54:10:049] INFO instancemanager.StarterPackManager: StarterPack: Player.create() returned obj=268488339 for classId=0 name=VexVeil
[04.05.26 22:54:10:110] INFO instancemanager.StarterPackManager: StarterPack: initNewChar completed for VexVeil result=true
[04.05.26 22:54:10:129] INFO instancemanager.StarterPackManager: StarterPack: Player.restore() returned VexVeil for objId=268488339
[04.05.26 22:54:10:141] INFO instancemanager.StarterPackManager: StarterPack: Bot VexVeil entered world at -71394,258367,-3080
[04.05.26 22:54:10:141] INFO instancemanager.StarterPackManager: StarterPack: Spawned bot VexVeil (class=0/HUMAN_FIGHTER, race=HUMAN, objId=268488339)
[04.05.26 22:54:10:542] INFO instancemanager.StarterPackManager: StarterPack: Attempting to spawn classId=10 name=VexWisp
[04.05.26 22:54:10:542] INFO instancemanager.StarterPackManager: StarterPack: classId=10 validated as HUMAN_MAGE race=HUMAN
[04.05.26 22:54:10:547] INFO instancemanager.StarterPackManager: StarterPack: Player.create() returned obj=268488362 for classId=10 name=VexWisp
[04.05.26 22:54:10:611] INFO instancemanager.StarterPackManager: StarterPack: initNewChar completed for VexWisp result=true
[04.05.26 22:54:10:629] INFO instancemanager.StarterPackManager: StarterPack: Player.restore() returned VexWisp for objId=268488362
[04.05.26 22:54:10:641] INFO instancemanager.StarterPackManager: StarterPack: Bot VexWisp entered world at -90871,248092,-3568
[04.05.26 22:54:10:641] INFO instancemanager.StarterPackManager: StarterPack: Spawned bot VexWisp (class=10/HUMAN_MAGE, race=HUMAN, objId=268488362)
[04.05.26 22:54:11:043] INFO instancemanager.StarterPackManager: StarterPack: Attempting to spawn classId=18 name=VexGloom
[04.05.26 22:54:11:043] INFO instancemanager.StarterPackManager: StarterPack: classId=18 validated as ELVEN_FIGHTER race=ELF
[04.05.26 22:54:11:049] INFO instancemanager.StarterPackManager: StarterPack: Player.create() returned obj=268488392 for classId=18 name=VexGloom
[04.05.26 22:54:11:090] INFO instancemanager.StarterPackManager: StarterPack: initNewChar completed for VexGloom result=true
[04.05.26 22:54:11:108] INFO instancemanager.StarterPackManager: StarterPack: Player.restore() returned VexGloom for objId=268488392
[04.05.26 22:54:11:119] INFO instancemanager.StarterPackManager: StarterPack: Bot VexGloom entered world at 46044,41237,-3504
[04.05.26 22:54:11:119] INFO instancemanager.StarterPackManager: StarterPack: Spawned bot VexGloom (class=18/ELVEN_FIGHTER, race=ELF, objId=268488392)
[04.05.26 22:54:11:541] INFO instancemanager.StarterPackManager: StarterPack: Attempting to spawn classId=25 name=VexStone
[04.05.26 22:54:11:541] INFO instancemanager.StarterPackManager: StarterPack: classId=25 validated as ELVEN_MAGE race=ELF
[04.05.26 22:54:11:548] INFO instancemanager.StarterPackManager: StarterPack: Player.create() returned obj=268488409 for classId=25 name=VexStone
[04.05.26 22:54:11:608] INFO instancemanager.StarterPackManager: StarterPack: initNewChar completed for VexStone result=true
[04.05.26 22:54:11:625] INFO instancemanager.StarterPackManager: StarterPack: Player.restore() returned VexStone for objId=268488409
[04.05.26 22:54:11:635] INFO instancemanager.StarterPackManager: StarterPack: Bot VexStone entered world at 46042,41154,-3504
[04.05.26 22:54:11:635] INFO instancemanager.StarterPackManager: StarterPack: Spawned bot VexStone (class=25/ELVEN_MAGE, race=ELF, objId=268488409)
[04.05.26 22:54:12:041] INFO instancemanager.StarterPackManager: StarterPack: Attempting to spawn classId=31 name=VexCrown
[04.05.26 22:54:12:041] INFO instancemanager.StarterPackManager: StarterPack: classId=31 validated as DARK_FIGHTER race=DARKELF
[04.05.26 22:54:12:046] INFO instancemanager.StarterPackManager: StarterPack: Player.create() returned obj=268488425 for classId=31 name=VexCrown
[04.05.26 22:54:12:106] INFO instancemanager.StarterPackManager: StarterPack: initNewChar completed for VexCrown result=true
[04.05.26 22:54:12:125] INFO instancemanager.StarterPackManager: StarterPack: Player.restore() returned VexCrown for objId=268488425
[04.05.26 22:54:12:138] INFO instancemanager.StarterPackManager: StarterPack: Bot VexCrown entered world at 28408,10971,-4232
[04.05.26 22:54:12:138] INFO instancemanager.StarterPackManager: StarterPack: Spawned bot VexCrown (class=31/DARK_FIGHTER, race=DARKELF, objId=268488425)
[04.05.26 22:54:12:541] INFO instancemanager.StarterPackManager: StarterPack: Attempting to spawn classId=38 name=VexThorn
[04.05.26 22:54:12:541] INFO instancemanager.StarterPackManager: StarterPack: classId=38 validated as DARK_MAGE race=DARKELF
[04.05.26 22:54:12:546] INFO instancemanager.StarterPackManager: StarterPack: Player.create() returned obj=268488452 for classId=38 name=VexThorn
[04.05.26 22:54:12:608] INFO instancemanager.StarterPackManager: StarterPack: initNewChar completed for VexThorn result=true
[04.05.26 22:54:12:628] INFO instancemanager.StarterPackManager: StarterPack: Player.restore() returned VexThorn for objId=268488452
[04.05.26 22:54:12:640] INFO instancemanager.StarterPackManager: StarterPack: Bot VexThorn entered world at 28393,11047,-4232
[04.05.26 22:54:12:640] INFO instancemanager.StarterPackManager: StarterPack: Spawned bot VexThorn (class=38/DARK_MAGE, race=DARKELF, objId=268488452)
[04.05.26 22:54:13:041] INFO instancemanager.StarterPackManager: StarterPack: Attempting to spawn classId=44 name=VexSpark
[04.05.26 22:54:13:041] INFO instancemanager.StarterPackManager: StarterPack: classId=44 validated as ORC_FIGHTER race=ORC
[04.05.26 22:54:13:048] INFO instancemanager.StarterPackManager: StarterPack: Player.create() returned obj=268488475 for classId=44 name=VexSpark
[04.05.26 22:54:13:091] INFO instancemanager.StarterPackManager: StarterPack: initNewChar completed for VexSpark result=true
[04.05.26 22:54:13:109] INFO instancemanager.StarterPackManager: StarterPack: Player.restore() returned VexSpark for objId=268488475
[04.05.26 22:54:13:119] INFO instancemanager.StarterPackManager: StarterPack: Bot VexSpark entered world at -56685,-113580,-672
[04.05.26 22:54:13:119] INFO instancemanager.StarterPackManager: StarterPack: Spawned bot VexSpark (class=44/ORC_FIGHTER, race=ORC, objId=268488475)
[04.05.26 22:54:13:542] INFO instancemanager.StarterPackManager: StarterPack: Attempting to spawn classId=49 name=VexFlash
[04.05.26 22:54:13:542] INFO instancemanager.StarterPackManager: StarterPack: classId=49 validated as ORC_MAGE race=ORC
[04.05.26 22:54:13:547] INFO instancemanager.StarterPackManager: StarterPack: Player.create() returned obj=268488493 for classId=49 name=VexFlash
[04.05.26 22:54:13:615] INFO instancemanager.StarterPackManager: StarterPack: initNewChar completed for VexFlash result=true
[04.05.26 22:54:13:633] INFO instancemanager.StarterPackManager: StarterPack: Player.restore() returned VexFlash for objId=268488493
[04.05.26 22:54:13:645] INFO instancemanager.StarterPackManager: StarterPack: Bot VexFlash entered world at -56680,-113620,-672
[04.05.26 22:54:13:645] INFO instancemanager.StarterPackManager: StarterPack: Spawned bot VexFlash (class=49/ORC_MAGE, race=ORC, objId=268488493)
[04.05.26 22:54:14:041] INFO instancemanager.StarterPackManager: StarterPack: Attempting to spawn classId=53 name=VexBloom
[04.05.26 22:54:14:041] INFO instancemanager.StarterPackManager: StarterPack: classId=53 validated as DWARVEN_FIGHTER race=DWARF
[04.05.26 22:54:14:045] INFO instancemanager.StarterPackManager: StarterPack: Player.create() returned obj=268488512 for classId=53 name=VexBloom
[04.05.26 22:54:14:091] INFO instancemanager.StarterPackManager: StarterPack: initNewChar completed for VexBloom result=true
[04.05.26 22:54:14:110] INFO instancemanager.StarterPackManager: StarterPack: Player.restore() returned VexBloom for objId=268488512
[04.05.26 22:54:14:122] INFO instancemanager.StarterPackManager: StarterPack: Bot VexBloom entered world at 108571,-174082,-408
[04.05.26 22:54:14:122] INFO instancemanager.StarterPackManager: StarterPack: Spawned bot VexBloom (class=53/DWARVEN_FIGHTER, race=DWARF, objId=268488512)
[04.05.26 22:54:14:541] INFO instancemanager.StarterPackManager: StarterPack: Attempting to spawn classId=0 name=VexCreek
[04.05.26 22:54:14:541] INFO instancemanager.StarterPackManager: StarterPack: classId=0 validated as HUMAN_FIGHTER race=HUMAN
[04.05.26 22:54:14:547] INFO instancemanager.StarterPackManager: StarterPack: Player.create() returned obj=268488539 for classId=0 name=VexCreek
[04.05.26 22:54:14:590] INFO instancemanager.StarterPackManager: StarterPack: initNewChar completed for VexCreek result=true
[04.05.26 22:54:14:607] INFO instancemanager.StarterPackManager: StarterPack: Player.restore() returned VexCreek for objId=268488539
[04.05.26 22:54:14:617] INFO instancemanager.StarterPackManager: StarterPack: Bot VexCreek entered world at -71358,258291,-3104
[04.05.26 22:54:14:617] INFO instancemanager.StarterPackManager: StarterPack: Spawned bot VexCreek (class=0/HUMAN_FIGHTER, race=HUMAN, objId=268488539)
[04.05.26 22:54:15:041] INFO instancemanager.StarterPackManager: StarterPack: Attempting to spawn classId=10 name=VexMarsh
[04.05.26 22:54:15:041] INFO instancemanager.StarterPackManager: StarterPack: classId=10 validated as HUMAN_MAGE race=HUMAN
[04.05.26 22:54:15:045] INFO instancemanager.StarterPackManager: StarterPack: Player.create() returned obj=268488569 for classId=10 name=VexMarsh
[04.05.26 22:54:15:107] INFO instancemanager.StarterPackManager: StarterPack: initNewChar completed for VexMarsh result=true
[04.05.26 22:54:15:126] INFO instancemanager.StarterPackManager: StarterPack: Player.restore() returned VexMarsh for objId=268488569
[04.05.26 22:54:15:138] INFO instancemanager.StarterPackManager: StarterPack: Bot VexMarsh entered world at -90878,248098,-3568
[04.05.26 22:54:15:138] INFO instancemanager.StarterPackManager: StarterPack: Spawned bot VexMarsh (class=10/HUMAN_MAGE, race=HUMAN, objId=268488569)
[04.05.26 22:54:15:542] INFO instancemanager.StarterPackManager: StarterPack: Attempting to spawn classId=18 name=VexField
[04.05.26 22:54:15:542] INFO instancemanager.StarterPackManager: StarterPack: classId=18 validated as ELVEN_FIGHTER race=ELF
[04.05.26 22:54:15:549] INFO instancemanager.StarterPackManager: StarterPack: Player.create() returned obj=268488591 for classId=18 name=VexField
[04.05.26 22:54:15:586] INFO instancemanager.StarterPackManager: StarterPack: initNewChar completed for VexField result=true
[04.05.26 22:54:15:603] INFO instancemanager.StarterPackManager: StarterPack: Player.restore() returned VexField for objId=268488591
[04.05.26 22:54:15:616] INFO instancemanager.StarterPackManager: StarterPack: Bot VexField entered world at 46086,41231,-3504
[04.05.26 22:54:15:616] INFO instancemanager.StarterPackManager: StarterPack: Spawned bot VexField (class=18/ELVEN_FIGHTER, race=ELF, objId=268488591)
[04.05.26 22:54:16:041] INFO instancemanager.StarterPackManager: StarterPack: Attempting to spawn classId=25 name=VexGrove
[04.05.26 22:54:16:041] INFO instancemanager.StarterPackManager: StarterPack: classId=25 validated as ELVEN_MAGE race=ELF
[04.05.26 22:54:16:046] INFO instancemanager.StarterPackManager: StarterPack: Player.create() returned obj=268488616 for classId=25 name=VexGrove
[04.05.26 22:54:16:143] INFO instancemanager.StarterPackManager: StarterPack: initNewChar completed for VexGrove result=true
[04.05.26 22:54:16:162] INFO instancemanager.StarterPackManager: StarterPack: Player.restore() returned VexGrove for objId=268488616
[04.05.26 22:54:16:175] INFO instancemanager.StarterPackManager: StarterPack: Bot VexGrove entered world at 46100,41143,-3504
[04.05.26 22:54:16:176] INFO instancemanager.StarterPackManager: StarterPack: Spawned bot VexGrove (class=25/ELVEN_MAGE, race=ELF, objId=268488616)
[04.05.26 22:54:16:541] INFO instancemanager.StarterPackManager: StarterPack: Attempting to spawn classId=31 name=VexCrest
[04.05.26 22:54:16:541] INFO instancemanager.StarterPackManager: StarterPack: classId=31 validated as DARK_FIGHTER race=DARKELF
[04.05.26 22:54:16:548] INFO instancemanager.StarterPackManager: StarterPack: Player.create() returned obj=268488643 for classId=31 name=VexCrest
[04.05.26 22:54:16:609] INFO instancemanager.StarterPackManager: StarterPack: initNewChar completed for VexCrest result=true
[04.05.26 22:54:16:628] INFO instancemanager.StarterPackManager: StarterPack: Player.restore() returned VexCrest for objId=268488643
[04.05.26 22:54:16:638] INFO instancemanager.StarterPackManager: StarterPack: Bot VexCrest entered world at 28341,11006,-4232
[04.05.26 22:54:16:638] INFO instancemanager.StarterPackManager: StarterPack: Spawned bot VexCrest (class=31/DARK_FIGHTER, race=DARKELF, objId=268488643)
[04.05.26 22:54:17:041] INFO instancemanager.StarterPackManager: StarterPack: Attempting to spawn classId=38 name=VexRidge
[04.05.26 22:54:17:041] INFO instancemanager.StarterPackManager: StarterPack: classId=38 validated as DARK_MAGE race=DARKELF
[04.05.26 22:54:17:044] INFO instancemanager.StarterPackManager: StarterPack: Player.create() returned obj=268488671 for classId=38 name=VexRidge
[04.05.26 22:54:17:099] INFO instancemanager.StarterPackManager: StarterPack: initNewChar completed for VexRidge result=true
[04.05.26 22:54:17:119] INFO instancemanager.StarterPackManager: StarterPack: Player.restore() returned VexRidge for objId=268488671
[04.05.26 22:54:17:132] INFO instancemanager.StarterPackManager: StarterPack: Bot VexRidge entered world at 28367,11057,-4232
[04.05.26 22:54:17:132] INFO instancemanager.StarterPackManager: StarterPack: Spawned bot VexRidge (class=38/DARK_MAGE, race=DARKELF, objId=268488671)
[04.05.26 22:54:17:542] INFO instancemanager.StarterPackManager: StarterPack: Attempting to spawn classId=44 name=VexDrake
[04.05.26 22:54:17:542] INFO instancemanager.StarterPackManager: StarterPack: classId=44 validated as ORC_FIGHTER race=ORC
[04.05.26 22:54:17:547] INFO instancemanager.StarterPackManager: StarterPack: Player.create() returned obj=268488686 for classId=44 name=VexDrake
[04.05.26 22:54:17:595] INFO instancemanager.StarterPackManager: StarterPack: initNewChar completed for VexDrake result=true
[04.05.26 22:54:17:613] INFO instancemanager.StarterPackManager: StarterPack: Player.restore() returned VexDrake for objId=268488686
[04.05.26 22:54:17:626] INFO instancemanager.StarterPackManager: StarterPack: Bot VexDrake entered world at -56755,-113568,-672
[04.05.26 22:54:17:626] INFO instancemanager.StarterPackManager: StarterPack: Spawned bot VexDrake (class=44/ORC_FIGHTER, race=ORC, objId=268488686)
[04.05.26 22:54:18:042] INFO instancemanager.StarterPackManager: StarterPack: Attempting to spawn classId=49 name=VexSerpent
[04.05.26 22:54:18:042] INFO instancemanager.StarterPackManager: StarterPack: classId=49 validated as ORC_MAGE race=ORC
[04.05.26 22:54:18:049] INFO instancemanager.StarterPackManager: StarterPack: Player.create() returned obj=268488706 for classId=49 name=VexSerpent
[04.05.26 22:54:18:106] INFO instancemanager.StarterPackManager: StarterPack: initNewChar completed for VexSerpent result=true
[04.05.26 22:54:18:124] INFO instancemanager.StarterPackManager: StarterPack: Player.restore() returned VexSerpent for objId=268488706
[04.05.26 22:54:18:135] INFO instancemanager.StarterPackManager: StarterPack: Bot VexSerpent entered world at -56703,-113635,-672
[04.05.26 22:54:18:135] INFO instancemanager.StarterPackManager: StarterPack: Spawned bot VexSerpent (class=49/ORC_MAGE, race=ORC, objId=268488706)
[04.05.26 22:54:18:542] INFO instancemanager.StarterPackManager: StarterPack: Attempting to spawn classId=53 name=KexBlade
[04.05.26 22:54:18:542] INFO instancemanager.StarterPackManager: StarterPack: classId=53 validated as DWARVEN_FIGHTER race=DWARF
[04.05.26 22:54:18:548] INFO instancemanager.StarterPackManager: StarterPack: Player.create() returned obj=268488730 for classId=53 name=KexBlade
[04.05.26 22:54:18:604] INFO instancemanager.StarterPackManager: StarterPack: initNewChar completed for KexBlade result=true
[04.05.26 22:54:18:622] INFO instancemanager.StarterPackManager: StarterPack: Player.restore() returned KexBlade for objId=268488730
[04.05.26 22:54:18:632] INFO instancemanager.StarterPackManager: StarterPack: Bot KexBlade entered world at 108592,-174085,-408
[04.05.26 22:54:18:633] INFO instancemanager.StarterPackManager: StarterPack: Spawned bot KexBlade (class=53/DWARVEN_FIGHTER, race=DWARF, objId=268488730)
[04.05.26 22:54:19:042] INFO instancemanager.StarterPackManager: StarterPack: Attempting to spawn classId=0 name=KexFang
[04.05.26 22:54:19:042] INFO instancemanager.StarterPackManager: StarterPack: classId=0 validated as HUMAN_FIGHTER race=HUMAN
[04.05.26 22:54:19:047] INFO instancemanager.StarterPackManager: StarterPack: Player.create() returned obj=268488756 for classId=0 name=KexFang
[04.05.26 22:54:19:088] INFO instancemanager.StarterPackManager: StarterPack: initNewChar completed for KexFang result=true
[04.05.26 22:54:19:106] INFO instancemanager.StarterPackManager: StarterPack: Player.restore() returned KexFang for objId=268488756
[04.05.26 22:54:19:118] INFO instancemanager.StarterPackManager: StarterPack: Bot KexFang entered world at -71371,258339,-3080
[04.05.26 22:54:19:118] INFO instancemanager.StarterPackManager: StarterPack: Spawned bot KexFang (class=0/HUMAN_FIGHTER, race=HUMAN, objId=268488756)
[04.05.26 22:54:19:542] INFO instancemanager.StarterPackManager: StarterPack: Attempting to spawn classId=10 name=KexEdge
[04.05.26 22:54:19:542] INFO instancemanager.StarterPackManager: StarterPack: classId=10 validated as HUMAN_MAGE race=HUMAN
[04.05.26 22:54:19:547] INFO instancemanager.StarterPackManager: StarterPack: Player.create() returned obj=268488769 for classId=10 name=KexEdge
[04.05.26 22:54:19:601] INFO instancemanager.StarterPackManager: StarterPack: initNewChar completed for KexEdge result=true
[04.05.26 22:54:19:620] INFO instancemanager.StarterPackManager: StarterPack: Player.restore() returned KexEdge for objId=268488769
[04.05.26 22:54:19:633] INFO instancemanager.StarterPackManager: StarterPack: Bot KexEdge entered world at -90879,248083,-3568
[04.05.26 22:54:19:634] INFO instancemanager.StarterPackManager: StarterPack: Spawned bot KexEdge (class=10/HUMAN_MAGE, race=HUMAN, objId=268488769)
[04.05.26 22:54:20:041] INFO instancemanager.StarterPackManager: StarterPack: Attempting to spawn classId=18 name=KexCore
[04.05.26 22:54:20:041] INFO instancemanager.StarterPackManager: StarterPack: classId=18 validated as ELVEN_FIGHTER race=ELF
[04.05.26 22:54:20:047] INFO instancemanager.StarterPackManager: StarterPack: Player.create() returned obj=268488787 for classId=18 name=KexCore
[04.05.26 22:54:20:092] INFO instancemanager.StarterPackManager: StarterPack: initNewChar completed for KexCore result=true
[04.05.26 22:54:20:109] INFO instancemanager.StarterPackManager: StarterPack: Player.restore() returned KexCore for objId=268488787
[04.05.26 22:54:20:120] INFO instancemanager.StarterPackManager: StarterPack: Bot KexCore entered world at 46106,41222,-3504
[04.05.26 22:54:20:120] INFO instancemanager.StarterPackManager: StarterPack: Spawned bot KexCore (class=18/ELVEN_FIGHTER, race=ELF, objId=268488787)
[04.05.26 22:54:20:542] INFO instancemanager.StarterPackManager: StarterPack: Attempting to spawn classId=25 name=KexZone
[04.05.26 22:54:20:542] INFO instancemanager.StarterPackManager: StarterPack: classId=25 validated as ELVEN_MAGE race=ELF
[04.05.26 22:54:20:546] INFO instancemanager.StarterPackManager: StarterPack: Player.create() returned obj=268488819 for classId=25 name=KexZone
[04.05.26 22:54:20:619] INFO instancemanager.StarterPackManager: StarterPack: initNewChar completed for KexZone result=true
[04.05.26 22:54:20:641] INFO instancemanager.StarterPackManager: StarterPack: Player.restore() returned KexZone for objId=268488819
[04.05.26 22:54:20:654] INFO instancemanager.StarterPackManager: StarterPack: Bot KexZone entered world at 46072,41169,-3504
[04.05.26 22:54:20:654] INFO instancemanager.StarterPackManager: StarterPack: Spawned bot KexZone (class=25/ELVEN_MAGE, race=ELF, objId=268488819)
[04.05.26 22:54:21:041] INFO instancemanager.StarterPackManager: StarterPack: Attempting to spawn classId=31 name=KexClaw
[04.05.26 22:54:21:041] INFO instancemanager.StarterPackManager: StarterPack: classId=31 validated as DARK_FIGHTER race=DARKELF
[04.05.26 22:54:21:047] INFO instancemanager.StarterPackManager: StarterPack: Player.create() returned obj=268488846 for classId=31 name=KexClaw
[04.05.26 22:54:21:082] INFO instancemanager.StarterPackManager: StarterPack: initNewChar completed for KexClaw result=true
[04.05.26 22:54:21:099] INFO instancemanager.StarterPackManager: StarterPack: Player.restore() returned KexClaw for objId=268488846
[04.05.26 22:54:21:110] INFO instancemanager.StarterPackManager: StarterPack: Bot KexClaw entered world at 28347,11060,-4232
[04.05.26 22:54:21:110] INFO instancemanager.StarterPackManager: StarterPack: Spawned bot KexClaw (class=31/DARK_FIGHTER, race=DARKELF, objId=268488846)
[04.05.26 22:54:21:541] INFO instancemanager.StarterPackManager: StarterPack: Attempting to spawn classId=38 name=KexSoul
[04.05.26 22:54:21:541] INFO instancemanager.StarterPackManager: StarterPack: classId=38 validated as DARK_MAGE race=DARKELF
[04.05.26 22:54:21:547] INFO instancemanager.StarterPackManager: StarterPack: Player.create() returned obj=268488868 for classId=38 name=KexSoul
[04.05.26 22:54:21:601] INFO instancemanager.StarterPackManager: StarterPack: initNewChar completed for KexSoul result=true
[04.05.26 22:54:21:619] INFO instancemanager.StarterPackManager: StarterPack: Player.restore() returned KexSoul for objId=268488868
[04.05.26 22:54:21:631] INFO instancemanager.StarterPackManager: StarterPack: Bot KexSoul entered world at 28417,10991,-4232
[04.05.26 22:54:21:631] INFO instancemanager.StarterPackManager: StarterPack: Spawned bot KexSoul (class=38/DARK_MAGE, race=DARKELF, objId=268488868)
[04.05.26 22:54:22:042] INFO instancemanager.StarterPackManager: StarterPack: Attempting to spawn classId=44 name=KexStar
[04.05.26 22:54:22:042] INFO instancemanager.StarterPackManager: StarterPack: classId=44 validated as ORC_FIGHTER race=ORC
[04.05.26 22:54:22:048] INFO instancemanager.StarterPackManager: StarterPack: Player.create() returned obj=268488887 for classId=44 name=KexStar
[04.05.26 22:54:22:108] INFO instancemanager.StarterPackManager: StarterPack: initNewChar completed for KexStar result=true
[04.05.26 22:54:22:126] INFO instancemanager.StarterPackManager: StarterPack: Player.restore() returned KexStar for objId=268488887
[04.05.26 22:54:22:136] INFO instancemanager.StarterPackManager: StarterPack: Bot KexStar entered world at -56751,-113594,-672
[04.05.26 22:54:22:137] INFO instancemanager.StarterPackManager: StarterPack: Spawned bot KexStar (class=44/ORC_FIGHTER, race=ORC, objId=268488887)
[04.05.26 22:54:22:542] INFO instancemanager.StarterPackManager: StarterPack: Attempting to spawn classId=49 name=KexFire
[04.05.26 22:54:22:542] INFO instancemanager.StarterPackManager: StarterPack: classId=49 validated as ORC_MAGE race=ORC
[04.05.26 22:54:22:546] INFO instancemanager.StarterPackManager: StarterPack: Player.create() returned obj=268488913 for classId=49 name=KexFire
[04.05.26 22:54:22:608] INFO instancemanager.StarterPackManager: StarterPack: initNewChar completed for KexFire result=true
[04.05.26 22:54:22:626] INFO instancemanager.StarterPackManager: StarterPack: Player.restore() returned KexFire for objId=268488913
[04.05.26 22:54:22:639] INFO instancemanager.StarterPackManager: StarterPack: Bot KexFire entered world at -56710,-113551,-672
[04.05.26 22:54:22:639] INFO instancemanager.StarterPackManager: StarterPack: Spawned bot KexFire (class=49/ORC_MAGE, race=ORC, objId=268488913)
[04.05.26 22:54:23:042] INFO instancemanager.StarterPackManager: StarterPack: Attempting to spawn classId=53 name=KexWind
[04.05.26 22:54:23:042] INFO instancemanager.StarterPackManager: StarterPack: classId=53 validated as DWARVEN_FIGHTER race=DWARF
[04.05.26 22:54:23:049] INFO instancemanager.StarterPackManager: StarterPack: Player.create() returned obj=268488937 for classId=53 name=KexWind
[04.05.26 22:54:23:091] INFO instancemanager.StarterPackManager: StarterPack: initNewChar completed for KexWind result=true
[04.05.26 22:54:23:109] INFO instancemanager.StarterPackManager: StarterPack: Player.restore() returned KexWind for objId=268488937
[04.05.26 22:54:23:119] INFO instancemanager.StarterPackManager: StarterPack: Bot KexWind entered world at 108627,-174012,-408
[04.05.26 22:54:23:119] INFO instancemanager.StarterPackManager: StarterPack: Spawned bot KexWind (class=53/DWARVEN_FIGHTER, race=DWARF, objId=268488937)
[04.05.26 22:54:23:541] INFO instancemanager.StarterPackManager: StarterPack: Attempting to spawn classId=0 name=KexRage
[04.05.26 22:54:23:541] INFO instancemanager.StarterPackManager: StarterPack: classId=0 validated as HUMAN_FIGHTER race=HUMAN
[04.05.26 22:54:23:548] INFO instancemanager.StarterPackManager: StarterPack: Player.create() returned obj=268488957 for classId=0 name=KexRage
[04.05.26 22:54:23:604] INFO instancemanager.StarterPackManager: StarterPack: initNewChar completed for KexRage result=true
[04.05.26 22:54:23:623] INFO instancemanager.StarterPackManager: StarterPack: Player.restore() returned KexRage for objId=268488957
[04.05.26 22:54:23:632] INFO instancemanager.StarterPackManager: StarterPack: Bot KexRage entered world at -71359,258285,-3104
[04.05.26 22:54:23:633] INFO instancemanager.StarterPackManager: StarterPack: Spawned bot KexRage (class=0/HUMAN_FIGHTER, race=HUMAN, objId=268488957)
[04.05.26 22:54:24:043] INFO instancemanager.StarterPackManager: StarterPack: Attempting to spawn classId=10 name=KexHawk
[04.05.26 22:54:24:043] INFO instancemanager.StarterPackManager: StarterPack: classId=10 validated as HUMAN_MAGE race=HUMAN
[04.05.26 22:54:24:048] INFO instancemanager.StarterPackManager: StarterPack: Player.create() returned obj=268488979 for classId=10 name=KexHawk
[04.05.26 22:54:24:100] INFO instancemanager.StarterPackManager: StarterPack: initNewChar completed for KexHawk result=true
[04.05.26 22:54:24:119] INFO instancemanager.StarterPackManager: StarterPack: Player.restore() returned KexHawk for objId=268488979
[04.05.26 22:54:24:131] INFO instancemanager.StarterPackManager: StarterPack: Bot KexHawk entered world at -90854,248106,-3568
[04.05.26 22:54:24:131] INFO instancemanager.StarterPackManager: StarterPack: Spawned bot KexHawk (class=10/HUMAN_MAGE, race=HUMAN, objId=268488979)
[04.05.26 22:54:24:542] INFO instancemanager.StarterPackManager: StarterPack: Attempting to spawn classId=18 name=KexWolf
[04.05.26 22:54:24:542] INFO instancemanager.StarterPackManager: StarterPack: classId=18 validated as ELVEN_FIGHTER race=ELF
[04.05.26 22:54:24:551] INFO instancemanager.StarterPackManager: StarterPack: Player.create() returned obj=268489002 for classId=18 name=KexWolf
[04.05.26 22:54:24:618] INFO instancemanager.StarterPackManager: StarterPack: initNewChar completed for KexWolf result=true
[04.05.26 22:54:24:638] INFO instancemanager.StarterPackManager: StarterPack: Player.restore() returned KexWolf for objId=268489002
[04.05.26 22:54:24:651] INFO instancemanager.StarterPackManager: StarterPack: Bot KexWolf entered world at 46114,41221,-3504
[04.05.26 22:54:24:651] INFO instancemanager.StarterPackManager: StarterPack: Spawned bot KexWolf (class=18/ELVEN_FIGHTER, race=ELF, objId=268489002)
[04.05.26 22:54:25:041] INFO instancemanager.StarterPackManager: StarterPack: Attempting to spawn classId=25 name=KexStrike
[04.05.26 22:54:25:041] INFO instancemanager.StarterPackManager: StarterPack: classId=25 validated as ELVEN_MAGE race=ELF
[04.05.26 22:54:25:047] INFO instancemanager.StarterPackManager: StarterPack: Player.create() returned obj=268489030 for classId=25 name=KexStrike
[04.05.26 22:54:25:107] INFO instancemanager.StarterPackManager: StarterPack: initNewChar completed for KexStrike result=true
[04.05.26 22:54:25:126] INFO instancemanager.StarterPackManager: StarterPack: Player.restore() returned KexStrike for objId=268489030
[04.05.26 22:54:25:136] INFO instancemanager.StarterPackManager: StarterPack: Bot KexStrike entered world at 46047,41169,-3504
[04.05.26 22:54:25:136] INFO instancemanager.StarterPackManager: StarterPack: Spawned bot KexStrike (class=25/ELVEN_MAGE, race=ELF, objId=268489030)
[04.05.26 22:54:25:541] INFO instancemanager.StarterPackManager: StarterPack: Attempting to spawn classId=31 name=KexVeil
[04.05.26 22:54:25:541] INFO instancemanager.StarterPackManager: StarterPack: classId=31 validated as DARK_FIGHTER race=DARKELF
[04.05.26 22:54:25:547] INFO instancemanager.StarterPackManager: StarterPack: Player.create() returned obj=268489048 for classId=31 name=KexVeil
[04.05.26 22:54:25:611] INFO instancemanager.StarterPackManager: StarterPack: initNewChar completed for KexVeil result=true
[04.05.26 22:54:25:631] INFO instancemanager.StarterPackManager: StarterPack: Player.restore() returned KexVeil for objId=268489048
[04.05.26 22:54:25:643] INFO instancemanager.StarterPackManager: StarterPack: Bot KexVeil entered world at 28401,11015,-4232
[04.05.26 22:54:25:643] INFO instancemanager.StarterPackManager: StarterPack: Spawned bot KexVeil (class=31/DARK_FIGHTER, race=DARKELF, objId=268489048)
[04.05.26 22:54:26:042] INFO instancemanager.StarterPackManager: StarterPack: Attempting to spawn classId=38 name=KexWisp
[04.05.26 22:54:26:042] INFO instancemanager.StarterPackManager: StarterPack: classId=38 validated as DARK_MAGE race=DARKELF
[04.05.26 22:54:26:048] INFO instancemanager.StarterPackManager: StarterPack: Player.create() returned obj=268489068 for classId=38 name=KexWisp
[04.05.26 22:54:26:108] INFO instancemanager.StarterPackManager: StarterPack: initNewChar completed for KexWisp result=true
[04.05.26 22:54:26:126] INFO instancemanager.StarterPackManager: StarterPack: Player.restore() returned KexWisp for objId=268489068
[04.05.26 22:54:26:137] INFO instancemanager.StarterPackManager: StarterPack: Bot KexWisp entered world at 28358,11026,-4232
[04.05.26 22:54:26:137] INFO instancemanager.StarterPackManager: StarterPack: Spawned bot KexWisp (class=38/DARK_MAGE, race=DARKELF, objId=268489068)
[04.05.26 22:54:26:542] INFO instancemanager.StarterPackManager: StarterPack: Attempting to spawn classId=44 name=KexGloom
[04.05.26 22:54:26:543] INFO instancemanager.StarterPackManager: StarterPack: classId=44 validated as ORC_FIGHTER race=ORC
[04.05.26 22:54:26:549] INFO instancemanager.StarterPackManager: StarterPack: Player.create() returned obj=268489088 for classId=44 name=KexGloom
[04.05.26 22:54:26:602] INFO instancemanager.StarterPackManager: StarterPack: initNewChar completed for KexGloom result=true
[04.05.26 22:54:26:619] INFO instancemanager.StarterPackManager: StarterPack: Player.restore() returned KexGloom for objId=268489088
[04.05.26 22:54:26:629] INFO instancemanager.StarterPackManager: StarterPack: Bot KexGloom entered world at -56684,-113588,-672
[04.05.26 22:54:26:630] INFO instancemanager.StarterPackManager: StarterPack: Spawned bot KexGloom (class=44/ORC_FIGHTER, race=ORC, objId=268489088)
[04.05.26 22:54:27:042] INFO instancemanager.StarterPackManager: StarterPack: Attempting to spawn classId=49 name=KexStone
[04.05.26 22:54:27:042] INFO instancemanager.StarterPackManager: StarterPack: classId=49 validated as ORC_MAGE race=ORC
[04.05.26 22:54:27:047] INFO instancemanager.StarterPackManager: StarterPack: Player.create() returned obj=268489119 for classId=49 name=KexStone
[04.05.26 22:54:27:101] INFO instancemanager.StarterPackManager: StarterPack: initNewChar completed for KexStone result=true
[04.05.26 22:54:27:119] INFO instancemanager.StarterPackManager: StarterPack: Player.restore() returned KexStone for objId=268489119
[04.05.26 22:54:27:132] INFO instancemanager.StarterPackManager: StarterPack: Bot KexStone entered world at -56739,-113587,-672
[04.05.26 22:54:27:132] INFO instancemanager.StarterPackManager: StarterPack: Spawned bot KexStone (class=49/ORC_MAGE, race=ORC, objId=268489119)
[04.05.26 22:54:27:542] INFO instancemanager.StarterPackManager: StarterPack: Attempting to spawn classId=53 name=KexCrown
[04.05.26 22:54:27:542] INFO instancemanager.StarterPackManager: StarterPack: classId=53 validated as DWARVEN_FIGHTER race=DWARF
[04.05.26 22:54:27:546] INFO instancemanager.StarterPackManager: StarterPack: Player.create() returned obj=268489132 for classId=53 name=KexCrown
[04.05.26 22:54:27:589] INFO instancemanager.StarterPackManager: StarterPack: initNewChar completed for KexCrown result=true
[04.05.26 22:54:27:606] INFO instancemanager.StarterPackManager: StarterPack: Player.restore() returned KexCrown for objId=268489132
[04.05.26 22:54:27:618] INFO instancemanager.StarterPackManager: StarterPack: Bot KexCrown entered world at 108555,-174084,-408
[04.05.26 22:54:27:618] INFO instancemanager.StarterPackManager: StarterPack: Spawned bot KexCrown (class=53/DWARVEN_FIGHTER, race=DWARF, objId=268489132)
[04.05.26 22:54:28:041] INFO instancemanager.StarterPackManager: StarterPack: Attempting to spawn classId=0 name=KexThorn
[04.05.26 22:54:28:041] INFO instancemanager.StarterPackManager: StarterPack: classId=0 validated as HUMAN_FIGHTER race=HUMAN
[04.05.26 22:54:28:048] INFO instancemanager.StarterPackManager: StarterPack: Player.create() returned obj=268489153 for classId=0 name=KexThorn
[04.05.26 22:54:28:106] INFO instancemanager.StarterPackManager: StarterPack: initNewChar completed for KexThorn result=true
[04.05.26 22:54:28:124] INFO instancemanager.StarterPackManager: StarterPack: Player.restore() returned KexThorn for objId=268489153
[04.05.26 22:54:28:134] INFO instancemanager.StarterPackManager: StarterPack: Bot KexThorn entered world at -71448,258276,-3104
[04.05.26 22:54:28:134] INFO instancemanager.StarterPackManager: StarterPack: Spawned bot KexThorn (class=0/HUMAN_FIGHTER, race=HUMAN, objId=268489153)
[04.05.26 22:54:28:542] INFO instancemanager.StarterPackManager: StarterPack: Attempting to spawn classId=10 name=KexSpark
[04.05.26 22:54:28:542] INFO instancemanager.StarterPackManager: StarterPack: classId=10 validated as HUMAN_MAGE race=HUMAN
[04.05.26 22:54:28:546] INFO instancemanager.StarterPackManager: StarterPack: Player.create() returned obj=268489181 for classId=10 name=KexSpark
[04.05.26 22:54:28:614] INFO instancemanager.StarterPackManager: StarterPack: initNewChar completed for KexSpark result=true
[04.05.26 22:54:28:633] INFO instancemanager.StarterPackManager: StarterPack: Player.restore() returned KexSpark for objId=268489181
[04.05.26 22:54:28:645] INFO instancemanager.StarterPackManager: StarterPack: Bot KexSpark entered world at -90893,248098,-3568
[04.05.26 22:54:28:645] INFO instancemanager.StarterPackManager: StarterPack: Spawned bot KexSpark (class=10/HUMAN_MAGE, race=HUMAN, objId=268489181)
[04.05.26 22:54:29:041] INFO instancemanager.StarterPackManager: StarterPack: Attempting to spawn classId=18 name=KexFlash
[04.05.26 22:54:29:041] INFO instancemanager.StarterPackManager: StarterPack: classId=18 validated as ELVEN_FIGHTER race=ELF
[04.05.26 22:54:29:046] INFO instancemanager.StarterPackManager: StarterPack: Player.create() returned obj=268489202 for classId=18 name=KexFlash
[04.05.26 22:54:29:083] INFO instancemanager.StarterPackManager: StarterPack: initNewChar completed for KexFlash result=true
[04.05.26 22:54:29:100] INFO instancemanager.StarterPackManager: StarterPack: Player.restore() returned KexFlash for objId=268489202
[04.05.26 22:54:29:111] INFO instancemanager.StarterPackManager: StarterPack: Bot KexFlash entered world at 46058,41159,-3504
[04.05.26 22:54:29:111] INFO instancemanager.StarterPackManager: StarterPack: Spawned bot KexFlash (class=18/ELVEN_FIGHTER, race=ELF, objId=268489202)
[04.05.26 22:54:29:542] INFO instancemanager.StarterPackManager: StarterPack: Attempting to spawn classId=25 name=KexBloom
[04.05.26 22:54:29:542] INFO instancemanager.StarterPackManager: StarterPack: classId=25 validated as ELVEN_MAGE race=ELF
[04.05.26 22:54:29:548] INFO instancemanager.StarterPackManager: StarterPack: Player.create() returned obj=268489219 for classId=25 name=KexBloom
[04.05.26 22:54:29:608] INFO instancemanager.StarterPackManager: StarterPack: initNewChar completed for KexBloom result=true
[04.05.26 22:54:29:627] INFO instancemanager.StarterPackManager: StarterPack: Player.restore() returned KexBloom for objId=268489219
[04.05.26 22:54:29:639] INFO instancemanager.StarterPackManager: StarterPack: Bot KexBloom entered world at 46100,41217,-3504
[04.05.26 22:54:29:639] INFO instancemanager.StarterPackManager: StarterPack: Spawned bot KexBloom (class=25/ELVEN_MAGE, race=ELF, objId=268489219)
[04.05.26 22:54:30:041] INFO instancemanager.StarterPackManager: StarterPack: Attempting to spawn classId=31 name=KexCreek
[04.05.26 22:54:30:041] INFO instancemanager.StarterPackManager: StarterPack: classId=31 validated as DARK_FIGHTER race=DARKELF
[04.05.26 22:54:30:045] INFO instancemanager.StarterPackManager: StarterPack: Player.create() returned obj=268489240 for classId=31 name=KexCreek
[04.05.26 22:54:30:100] INFO instancemanager.StarterPackManager: StarterPack: initNewChar completed for KexCreek result=true
[04.05.26 22:54:30:117] INFO instancemanager.StarterPackManager: StarterPack: Player.restore() returned KexCreek for objId=268489240
[04.05.26 22:54:30:131] INFO instancemanager.StarterPackManager: StarterPack: Bot KexCreek entered world at 28423,11021,-4232
[04.05.26 22:54:30:131] INFO instancemanager.StarterPackManager: StarterPack: Spawned bot KexCreek (class=31/DARK_FIGHTER, race=DARKELF, objId=268489240)
[04.05.26 22:54:30:542] INFO instancemanager.StarterPackManager: StarterPack: Attempting to spawn classId=38 name=KexMarsh
[04.05.26 22:54:30:542] INFO instancemanager.StarterPackManager: StarterPack: classId=38 validated as DARK_MAGE race=DARKELF
[04.05.26 22:54:30:547] INFO instancemanager.StarterPackManager: StarterPack: Player.create() returned obj=268489264 for classId=38 name=KexMarsh
[04.05.26 22:54:30:594] INFO instancemanager.StarterPackManager: StarterPack: initNewChar completed for KexMarsh result=true
[04.05.26 22:54:30:614] INFO instancemanager.StarterPackManager: StarterPack: Player.restore() returned KexMarsh for objId=268489264
[04.05.26 22:54:30:627] INFO instancemanager.StarterPackManager: StarterPack: Bot KexMarsh entered world at 28339,10978,-4232
[04.05.26 22:54:30:627] INFO instancemanager.StarterPackManager: StarterPack: Spawned bot KexMarsh (class=38/DARK_MAGE, race=DARKELF, objId=268489264)
[04.05.26 22:54:31:042] INFO instancemanager.StarterPackManager: StarterPack: Attempting to spawn classId=44 name=KexField
[04.05.26 22:54:31:042] INFO instancemanager.StarterPackManager: StarterPack: classId=44 validated as ORC_FIGHTER race=ORC
[04.05.26 22:54:31:050] INFO instancemanager.StarterPackManager: StarterPack: Player.create() returned obj=268489290 for classId=44 name=KexField
[04.05.26 22:54:31:109] INFO instancemanager.StarterPackManager: StarterPack: initNewChar completed for KexField result=true
[04.05.26 22:54:31:127] INFO instancemanager.StarterPackManager: StarterPack: Player.restore() returned KexField for objId=268489290
[04.05.26 22:54:31:137] INFO instancemanager.StarterPackManager: StarterPack: Bot KexField entered world at -56752,-113554,-672
[04.05.26 22:54:31:137] INFO instancemanager.StarterPackManager: StarterPack: Spawned bot KexField (class=44/ORC_FIGHTER, race=ORC, objId=268489290)
[04.05.26 22:54:31:542] INFO instancemanager.StarterPackManager: StarterPack: Attempting to spawn classId=49 name=KexGrove
[04.05.26 22:54:31:542] INFO instancemanager.StarterPackManager: StarterPack: classId=49 validated as ORC_MAGE race=ORC
[04.05.26 22:54:31:547] INFO instancemanager.StarterPackManager: StarterPack: Player.create() returned obj=268489307 for classId=49 name=KexGrove
[04.05.26 22:54:31:609] INFO instancemanager.StarterPackManager: StarterPack: initNewChar completed for KexGrove result=true
[04.05.26 22:54:31:628] INFO instancemanager.StarterPackManager: StarterPack: Player.restore() returned KexGrove for objId=268489307
[04.05.26 22:54:31:643] INFO instancemanager.StarterPackManager: StarterPack: Bot KexGrove entered world at -56707,-113593,-672
[04.05.26 22:54:31:643] INFO instancemanager.StarterPackManager: StarterPack: Spawned bot KexGrove (class=49/ORC_MAGE, race=ORC, objId=268489307)
[04.05.26 22:54:32:042] INFO instancemanager.StarterPackManager: StarterPack: Attempting to spawn classId=53 name=KexCrest
[04.05.26 22:54:32:042] INFO instancemanager.StarterPackManager: StarterPack: classId=53 validated as DWARVEN_FIGHTER race=DWARF
[04.05.26 22:54:32:049] INFO instancemanager.StarterPackManager: StarterPack: Player.create() returned obj=268489327 for classId=53 name=KexCrest
[04.05.26 22:54:32:092] INFO instancemanager.StarterPackManager: StarterPack: initNewChar completed for KexCrest result=true
[04.05.26 22:54:32:110] INFO instancemanager.StarterPackManager: StarterPack: Player.restore() returned KexCrest for objId=268489327
[04.05.26 22:54:32:118] INFO instancemanager.StarterPackManager: StarterPack: Bot KexCrest entered world at 108574,-173997,-408
[04.05.26 22:54:32:120] INFO instancemanager.StarterPackManager: StarterPack: Spawned bot KexCrest (class=53/DWARVEN_FIGHTER, race=DWARF, objId=268489327)
[04.05.26 22:54:32:542] INFO instancemanager.StarterPackManager: StarterPack: Attempting to spawn classId=0 name=KexRidge
[04.05.26 22:54:32:542] INFO instancemanager.StarterPackManager: StarterPack: classId=0 validated as HUMAN_FIGHTER race=HUMAN
[04.05.26 22:54:32:548] INFO instancemanager.StarterPackManager: StarterPack: Player.create() returned obj=268489355 for classId=0 name=KexRidge
[04.05.26 22:54:32:609] INFO instancemanager.StarterPackManager: StarterPack: initNewChar completed for KexRidge result=true
[04.05.26 22:54:32:628] INFO instancemanager.StarterPackManager: StarterPack: Player.restore() returned KexRidge for objId=268489355
[04.05.26 22:54:32:640] INFO instancemanager.StarterPackManager: StarterPack: Bot KexRidge entered world at -71398,258289,-3104
[04.05.26 22:54:32:640] INFO instancemanager.StarterPackManager: StarterPack: Spawned bot KexRidge (class=0/HUMAN_FIGHTER, race=HUMAN, objId=268489355)
[04.05.26 22:54:33:043] INFO instancemanager.StarterPackManager: StarterPack: Attempting to spawn classId=10 name=KexDrake
[04.05.26 22:54:33:043] INFO instancemanager.StarterPackManager: StarterPack: classId=10 validated as HUMAN_MAGE race=HUMAN
[04.05.26 22:54:33:047] INFO instancemanager.StarterPackManager: StarterPack: Player.create() returned obj=268489383 for classId=10 name=KexDrake
[04.05.26 22:54:33:093] INFO instancemanager.StarterPackManager: StarterPack: initNewChar completed for KexDrake result=true
[04.05.26 22:54:33:112] INFO instancemanager.StarterPackManager: StarterPack: Player.restore() returned KexDrake for objId=268489383
[04.05.26 22:54:33:124] INFO instancemanager.StarterPackManager: StarterPack: Bot KexDrake entered world at -90855,248066,-3568
[04.05.26 22:54:33:124] INFO instancemanager.StarterPackManager: StarterPack: Spawned bot KexDrake (class=10/HUMAN_MAGE, race=HUMAN, objId=268489383)
[04.05.26 22:54:33:542] INFO instancemanager.StarterPackManager: StarterPack: Attempting to spawn classId=18 name=KexSerpent
[04.05.26 22:54:33:542] INFO instancemanager.StarterPackManager: StarterPack: classId=18 validated as ELVEN_FIGHTER race=ELF
[04.05.26 22:54:33:549] INFO instancemanager.StarterPackManager: StarterPack: Player.create() returned obj=268489401 for classId=18 name=KexSerpent
[04.05.26 22:54:33:602] INFO instancemanager.StarterPackManager: StarterPack: initNewChar completed for KexSerpent result=true
[04.05.26 22:54:33:619] INFO instancemanager.StarterPackManager: StarterPack: Player.restore() returned KexSerpent for objId=268489401
[04.05.26 22:54:33:631] INFO instancemanager.StarterPackManager: StarterPack: Bot KexSerpent entered world at 46127,41211,-3504
[04.05.26 22:54:33:631] INFO instancemanager.StarterPackManager: StarterPack: Spawned bot KexSerpent (class=18/ELVEN_FIGHTER, race=ELF, objId=268489401)
[04.05.26 22:54:34:042] INFO instancemanager.StarterPackManager: StarterPack: Attempting to spawn classId=25 name=NioBlade
[04.05.26 22:54:34:042] INFO instancemanager.StarterPackManager: StarterPack: classId=25 validated as ELVEN_MAGE race=ELF
[04.05.26 22:54:34:046] INFO instancemanager.StarterPackManager: StarterPack: Player.create() returned obj=268489422 for classId=25 name=NioBlade
[04.05.26 22:54:34:112] INFO instancemanager.StarterPackManager: StarterPack: initNewChar completed for NioBlade result=true
[04.05.26 22:54:34:131] INFO instancemanager.StarterPackManager: StarterPack: Player.restore() returned NioBlade for objId=268489422
[04.05.26 22:54:34:144] INFO instancemanager.StarterPackManager: StarterPack: Bot NioBlade entered world at 46089,41213,-3504
[04.05.26 22:54:34:144] INFO instancemanager.StarterPackManager: StarterPack: Spawned bot NioBlade (class=25/ELVEN_MAGE, race=ELF, objId=268489422)
[04.05.26 22:54:34:541] INFO instancemanager.StarterPackManager: StarterPack: Attempting to spawn classId=31 name=NioFang
[04.05.26 22:54:34:541] INFO instancemanager.StarterPackManager: StarterPack: classId=31 validated as DARK_FIGHTER race=DARKELF
[04.05.26 22:54:34:544] INFO instancemanager.StarterPackManager: StarterPack: Player.create() returned obj=268489442 for classId=31 name=NioFang
[04.05.26 22:54:34:581] INFO instancemanager.StarterPackManager: StarterPack: initNewChar completed for NioFang result=true
[04.05.26 22:54:34:599] INFO instancemanager.StarterPackManager: StarterPack: Player.restore() returned NioFang for objId=268489442
[04.05.26 22:54:34:610] INFO instancemanager.StarterPackManager: StarterPack: Bot NioFang entered world at 28430,10979,-4232
[04.05.26 22:54:34:610] INFO instancemanager.StarterPackManager: StarterPack: Spawned bot NioFang (class=31/DARK_FIGHTER, race=DARKELF, objId=268489442)
[04.05.26 22:54:35:041] INFO instancemanager.StarterPackManager: StarterPack: Attempting to spawn classId=38 name=NioEdge
[04.05.26 22:54:35:041] INFO instancemanager.StarterPackManager: StarterPack: classId=38 validated as DARK_MAGE race=DARKELF
[04.05.26 22:54:35:047] INFO instancemanager.StarterPackManager: StarterPack: Player.create() returned obj=268489476 for classId=38 name=NioEdge
[04.05.26 22:54:35:121] INFO instancemanager.StarterPackManager: StarterPack: initNewChar completed for NioEdge result=true
[04.05.26 22:54:35:138] INFO instancemanager.StarterPackManager: StarterPack: Player.restore() returned NioEdge for objId=268489476
[04.05.26 22:54:35:149] INFO instancemanager.StarterPackManager: StarterPack: Bot NioEdge entered world at 28403,11063,-4232
[04.05.26 22:54:35:149] INFO instancemanager.StarterPackManager: StarterPack: Spawned bot NioEdge (class=38/DARK_MAGE, race=DARKELF, objId=268489476)
[04.05.26 22:54:35:542] INFO instancemanager.StarterPackManager: StarterPack: Attempting to spawn classId=44 name=NioCore
[04.05.26 22:54:35:542] INFO instancemanager.StarterPackManager: StarterPack: classId=44 validated as ORC_FIGHTER race=ORC
[04.05.26 22:54:35:547] INFO instancemanager.StarterPackManager: StarterPack: Player.create() returned obj=268489495 for classId=44 name=NioCore
[04.05.26 22:54:35:620] INFO instancemanager.StarterPackManager: StarterPack: initNewChar completed for NioCore result=true
[04.05.26 22:54:35:639] INFO instancemanager.StarterPackManager: StarterPack: Player.restore() returned NioCore for objId=268489495
[04.05.26 22:54:35:651] INFO instancemanager.StarterPackManager: StarterPack: Bot NioCore entered world at -56753,-113607,-672
[04.05.26 22:54:35:651] INFO instancemanager.StarterPackManager: StarterPack: Spawned bot NioCore (class=44/ORC_FIGHTER, race=ORC, objId=268489495)
[04.05.26 22:54:36:041] INFO instancemanager.StarterPackManager: StarterPack: Attempting to spawn classId=49 name=NioZone
[04.05.26 22:54:36:041] INFO instancemanager.StarterPackManager: StarterPack: classId=49 validated as ORC_MAGE race=ORC
[04.05.26 22:54:36:049] INFO instancemanager.StarterPackManager: StarterPack: Player.create() returned obj=268489514 for classId=49 name=NioZone
[04.05.26 22:54:36:142] INFO instancemanager.StarterPackManager: StarterPack: initNewChar completed for NioZone result=true
[04.05.26 22:54:36:164] INFO instancemanager.StarterPackManager: StarterPack: Player.restore() returned NioZone for objId=268489514
[04.05.26 22:54:36:180] INFO instancemanager.StarterPackManager: StarterPack: Bot NioZone entered world at -56715,-113589,-672
[04.05.26 22:54:36:180] INFO instancemanager.StarterPackManager: StarterPack: Spawned bot NioZone (class=49/ORC_MAGE, race=ORC, objId=268489514)
[04.05.26 22:54:36:541] INFO instancemanager.StarterPackManager: StarterPack: Attempting to spawn classId=53 name=NioClaw
[04.05.26 22:54:36:541] INFO instancemanager.StarterPackManager: StarterPack: classId=53 validated as DWARVEN_FIGHTER race=DWARF
[04.05.26 22:54:36:545] INFO instancemanager.StarterPackManager: StarterPack: Player.create() returned obj=268489538 for classId=53 name=NioClaw
[04.05.26 22:54:36:597] INFO instancemanager.StarterPackManager: StarterPack: initNewChar completed for NioClaw result=true
[04.05.26 22:54:36:615] INFO instancemanager.StarterPackManager: StarterPack: Player.restore() returned NioClaw for objId=268489538
[04.05.26 22:54:36:628] INFO instancemanager.StarterPackManager: StarterPack: Bot NioClaw entered world at 108578,-174033,-408
[04.05.26 22:54:36:628] INFO instancemanager.StarterPackManager: StarterPack: Spawned bot NioClaw (class=53/DWARVEN_FIGHTER, race=DWARF, objId=268489538)
[04.05.26 22:54:37:042] INFO instancemanager.StarterPackManager: StarterPack: Attempting to spawn classId=0 name=NioSoul
[04.05.26 22:54:37:042] INFO instancemanager.StarterPackManager: StarterPack: classId=0 validated as HUMAN_FIGHTER race=HUMAN
[04.05.26 22:54:37:048] INFO instancemanager.StarterPackManager: StarterPack: Player.create() returned obj=268489572 for classId=0 name=NioSoul
[04.05.26 22:54:37:086] INFO instancemanager.StarterPackManager: StarterPack: initNewChar completed for NioSoul result=true
[04.05.26 22:54:37:103] INFO instancemanager.StarterPackManager: StarterPack: Player.restore() returned NioSoul for objId=268489572
[04.05.26 22:54:37:113] INFO instancemanager.StarterPackManager: StarterPack: Bot NioSoul entered world at -71351,258336,-3080
[04.05.26 22:54:37:113] INFO instancemanager.StarterPackManager: StarterPack: Spawned bot NioSoul (class=0/HUMAN_FIGHTER, race=HUMAN, objId=268489572)
[04.05.26 22:54:37:541] INFO instancemanager.StarterPackManager: StarterPack: Attempting to spawn classId=10 name=NioStar
[04.05.26 22:54:37:541] INFO instancemanager.StarterPackManager: StarterPack: classId=10 validated as HUMAN_MAGE race=HUMAN
[04.05.26 22:54:37:548] INFO instancemanager.StarterPackManager: StarterPack: Player.create() returned obj=268489594 for classId=10 name=NioStar
[04.05.26 22:54:37:599] INFO instancemanager.StarterPackManager: StarterPack: initNewChar completed for NioStar result=true
[04.05.26 22:54:37:617] INFO instancemanager.StarterPackManager: StarterPack: Player.restore() returned NioStar for objId=268489594
[04.05.26 22:54:37:627] INFO instancemanager.StarterPackManager: StarterPack: Bot NioStar entered world at -90842,248137,-3568
[04.05.26 22:54:37:627] INFO instancemanager.StarterPackManager: StarterPack: Spawned bot NioStar (class=10/HUMAN_MAGE, race=HUMAN, objId=268489594)
[04.05.26 22:54:38:042] INFO instancemanager.StarterPackManager: StarterPack: Attempting to spawn classId=18 name=NioFire
[04.05.26 22:54:38:042] INFO instancemanager.StarterPackManager: StarterPack: classId=18 validated as ELVEN_FIGHTER race=ELF
[04.05.26 22:54:38:049] INFO instancemanager.StarterPackManager: StarterPack: Player.create() returned obj=268489617 for classId=18 name=NioFire
[04.05.26 22:54:38:110] INFO instancemanager.StarterPackManager: StarterPack: initNewChar completed for NioFire result=true
[04.05.26 22:54:38:130] INFO instancemanager.StarterPackManager: StarterPack: Player.restore() returned NioFire for objId=268489617
[04.05.26 22:54:38:141] INFO instancemanager.StarterPackManager: StarterPack: Bot NioFire entered world at 46104,41164,-3504
[04.05.26 22:54:38:141] INFO instancemanager.StarterPackManager: StarterPack: Spawned bot NioFire (class=18/ELVEN_FIGHTER, race=ELF, objId=268489617)
[04.05.26 22:54:38:542] INFO instancemanager.StarterPackManager: StarterPack: Attempting to spawn classId=25 name=NioWind
[04.05.26 22:54:38:542] INFO instancemanager.StarterPackManager: StarterPack: classId=25 validated as ELVEN_MAGE race=ELF
[04.05.26 22:54:38:548] INFO instancemanager.StarterPackManager: StarterPack: Player.create() returned obj=268489641 for classId=25 name=NioWind
[04.05.26 22:54:38:623] INFO instancemanager.StarterPackManager: StarterPack: initNewChar completed for NioWind result=true
[04.05.26 22:54:38:643] INFO instancemanager.StarterPackManager: StarterPack: Player.restore() returned NioWind for objId=268489641
[04.05.26 22:54:38:655] INFO instancemanager.StarterPackManager: StarterPack: Bot NioWind entered world at 46059,41145,-3504
[04.05.26 22:54:38:655] INFO instancemanager.StarterPackManager: StarterPack: Spawned bot NioWind (class=25/ELVEN_MAGE, race=ELF, objId=268489641)
[04.05.26 22:54:39:042] INFO instancemanager.StarterPackManager: StarterPack: Attempting to spawn classId=31 name=NioRage
[04.05.26 22:54:39:042] INFO instancemanager.StarterPackManager: StarterPack: classId=31 validated as DARK_FIGHTER race=DARKELF
[04.05.26 22:54:39:046] INFO instancemanager.StarterPackManager: StarterPack: Player.create() returned obj=268489668 for classId=31 name=NioRage
[04.05.26 22:54:39:082] INFO instancemanager.StarterPackManager: StarterPack: initNewChar completed for NioRage result=true
[04.05.26 22:54:39:100] INFO instancemanager.StarterPackManager: StarterPack: Player.restore() returned NioRage for objId=268489668
[04.05.26 22:54:39:113] INFO instancemanager.StarterPackManager: StarterPack: Bot NioRage entered world at 28354,10987,-4232
[04.05.26 22:54:39:113] INFO instancemanager.StarterPackManager: StarterPack: Spawned bot NioRage (class=31/DARK_FIGHTER, race=DARKELF, objId=268489668)
[04.05.26 22:54:39:542] INFO instancemanager.StarterPackManager: StarterPack: Attempting to spawn classId=38 name=NioHawk
[04.05.26 22:54:39:542] INFO instancemanager.StarterPackManager: StarterPack: classId=38 validated as DARK_MAGE race=DARKELF
[04.05.26 22:54:39:548] INFO instancemanager.StarterPackManager: StarterPack: Player.create() returned obj=268489686 for classId=38 name=NioHawk
[04.05.26 22:54:39:604] INFO instancemanager.StarterPackManager: StarterPack: initNewChar completed for NioHawk result=true
[04.05.26 22:54:39:622] INFO instancemanager.StarterPackManager: StarterPack: Player.restore() returned NioHawk for objId=268489686
[04.05.26 22:54:39:633] INFO instancemanager.StarterPackManager: StarterPack: Bot NioHawk entered world at 28411,11002,-4232
[04.05.26 22:54:39:633] INFO instancemanager.StarterPackManager: StarterPack: Spawned bot NioHawk (class=38/DARK_MAGE, race=DARKELF, objId=268489686)
[04.05.26 22:54:40:041] INFO instancemanager.StarterPackManager: StarterPack: Attempting to spawn classId=44 name=NioWolf
[04.05.26 22:54:40:041] INFO instancemanager.StarterPackManager: StarterPack: classId=44 validated as ORC_FIGHTER race=ORC
[04.05.26 22:54:40:045] INFO instancemanager.StarterPackManager: StarterPack: Player.create() returned obj=268489700 for classId=44 name=NioWolf
[04.05.26 22:54:40:106] INFO instancemanager.StarterPackManager: StarterPack: initNewChar completed for NioWolf result=true
[04.05.26 22:54:40:126] INFO instancemanager.StarterPackManager: StarterPack: Player.restore() returned NioWolf for objId=268489700
[04.05.26 22:54:40:138] INFO instancemanager.StarterPackManager: StarterPack: Bot NioWolf entered world at -56755,-113626,-672
[04.05.26 22:54:40:138] INFO instancemanager.StarterPackManager: StarterPack: Spawned bot NioWolf (class=44/ORC_FIGHTER, race=ORC, objId=268489700)
[04.05.26 22:54:40:543] INFO instancemanager.StarterPackManager: StarterPack: Attempting to spawn classId=49 name=NioStrike
[04.05.26 22:54:40:543] INFO instancemanager.StarterPackManager: StarterPack: classId=49 validated as ORC_MAGE race=ORC
[04.05.26 22:54:40:547] INFO instancemanager.StarterPackManager: StarterPack: Player.create() returned obj=268489728 for classId=49 name=NioStrike
[04.05.26 22:54:40:594] INFO instancemanager.StarterPackManager: StarterPack: initNewChar completed for NioStrike result=true
[04.05.26 22:54:40:615] INFO instancemanager.StarterPackManager: StarterPack: Player.restore() returned NioStrike for objId=268489728
[04.05.26 22:54:40:629] INFO instancemanager.StarterPackManager: StarterPack: Bot NioStrike entered world at -56738,-113567,-672
[04.05.26 22:54:40:629] INFO instancemanager.StarterPackManager: StarterPack: Spawned bot NioStrike (class=49/ORC_MAGE, race=ORC, objId=268489728)
[04.05.26 22:54:41:041] INFO instancemanager.StarterPackManager: StarterPack: Attempting to spawn classId=53 name=NioVeil
[04.05.26 22:54:41:041] INFO instancemanager.StarterPackManager: StarterPack: classId=53 validated as DWARVEN_FIGHTER race=DWARF
[04.05.26 22:54:41:048] INFO instancemanager.StarterPackManager: StarterPack: Player.create() returned obj=268489754 for classId=53 name=NioVeil
[04.05.26 22:54:41:107] INFO instancemanager.StarterPackManager: StarterPack: initNewChar completed for NioVeil result=true
[04.05.26 22:54:41:126] INFO instancemanager.StarterPackManager: StarterPack: Player.restore() returned NioVeil for objId=268489754
[04.05.26 22:54:41:137] INFO instancemanager.StarterPackManager: StarterPack: Bot NioVeil entered world at 108558,-174064,-408
[04.05.26 22:54:41:137] INFO instancemanager.StarterPackManager: StarterPack: Spawned bot NioVeil (class=53/DWARVEN_FIGHTER, race=DWARF, objId=268489754)
[04.05.26 22:54:41:542] INFO instancemanager.StarterPackManager: StarterPack: Attempting to spawn classId=0 name=NioWisp
[04.05.26 22:54:41:542] INFO instancemanager.StarterPackManager: StarterPack: classId=0 validated as HUMAN_FIGHTER race=HUMAN
[04.05.26 22:54:41:546] INFO instancemanager.StarterPackManager: StarterPack: Player.create() returned obj=268489771 for classId=0 name=NioWisp
[04.05.26 22:54:41:595] INFO instancemanager.StarterPackManager: StarterPack: initNewChar completed for NioWisp result=true
[04.05.26 22:54:41:615] INFO instancemanager.StarterPackManager: StarterPack: Player.restore() returned NioWisp for objId=268489771
[04.05.26 22:54:41:627] INFO instancemanager.StarterPackManager: StarterPack: Bot NioWisp entered world at -71406,258294,-3104
[04.05.26 22:54:41:628] INFO instancemanager.StarterPackManager: StarterPack: Spawned bot NioWisp (class=0/HUMAN_FIGHTER, race=HUMAN, objId=268489771)
[04.05.26 22:54:42:043] INFO instancemanager.StarterPackManager: StarterPack: Attempting to spawn classId=10 name=NioGloom
[04.05.26 22:54:42:043] INFO instancemanager.StarterPackManager: StarterPack: classId=10 validated as HUMAN_MAGE race=HUMAN
[04.05.26 22:54:42:050] INFO instancemanager.StarterPackManager: StarterPack: Player.create() returned obj=268489792 for classId=10 name=NioGloom
[04.05.26 22:54:42:107] INFO instancemanager.StarterPackManager: StarterPack: initNewChar completed for NioGloom result=true
[04.05.26 22:54:42:126] INFO instancemanager.StarterPackManager: StarterPack: Player.restore() returned NioGloom for objId=268489792
[04.05.26 22:54:42:136] INFO instancemanager.StarterPackManager: StarterPack: Bot NioGloom entered world at -90850,248044,-3568
[04.05.26 22:54:42:136] INFO instancemanager.StarterPackManager: StarterPack: Spawned bot NioGloom (class=10/HUMAN_MAGE, race=HUMAN, objId=268489792)
[04.05.26 22:54:42:541] INFO instancemanager.StarterPackManager: StarterPack: Attempting to spawn classId=18 name=NioStone
[04.05.26 22:54:42:541] INFO instancemanager.StarterPackManager: StarterPack: classId=18 validated as ELVEN_FIGHTER race=ELF
[04.05.26 22:54:42:547] INFO instancemanager.StarterPackManager: StarterPack: Player.create() returned obj=268489818 for classId=18 name=NioStone
[04.05.26 22:54:42:607] INFO instancemanager.StarterPackManager: StarterPack: initNewChar completed for NioStone result=true
[04.05.26 22:54:42:625] INFO instancemanager.StarterPackManager: StarterPack: Player.restore() returned NioStone for objId=268489818
[04.05.26 22:54:42:636] INFO instancemanager.StarterPackManager: StarterPack: Bot NioStone entered world at 46040,41224,-3504
[04.05.26 22:54:42:636] INFO instancemanager.StarterPackManager: StarterPack: Spawned bot NioStone (class=18/ELVEN_FIGHTER, race=ELF, objId=268489818)
[04.05.26 22:54:43:041] INFO instancemanager.StarterPackManager: StarterPack: Attempting to spawn classId=25 name=NioCrown
[04.05.26 22:54:43:041] INFO instancemanager.StarterPackManager: StarterPack: classId=25 validated as ELVEN_MAGE race=ELF
[04.05.26 22:54:43:046] INFO instancemanager.StarterPackManager: StarterPack: Player.create() returned obj=268489853 for classId=25 name=NioCrown
[04.05.26 22:54:43:094] INFO instancemanager.StarterPackManager: StarterPack: initNewChar completed for NioCrown result=true
[04.05.26 22:54:43:114] INFO instancemanager.StarterPackManager: StarterPack: Player.restore() returned NioCrown for objId=268489853
[04.05.26 22:54:43:128] INFO instancemanager.StarterPackManager: StarterPack: Bot NioCrown entered world at 46116,41228,-3504
[04.05.26 22:54:43:129] INFO instancemanager.StarterPackManager: StarterPack: Spawned bot NioCrown (class=25/ELVEN_MAGE, race=ELF, objId=268489853)
[04.05.26 22:54:43:541] INFO instancemanager.StarterPackManager: StarterPack: Attempting to spawn classId=31 name=NioThorn
[04.05.26 22:54:43:541] INFO instancemanager.StarterPackManager: StarterPack: classId=31 validated as DARK_FIGHTER race=DARKELF
[04.05.26 22:54:43:548] INFO instancemanager.StarterPackManager: StarterPack: Player.create() returned obj=268489866 for classId=31 name=NioThorn
[04.05.26 22:54:43:585] INFO instancemanager.StarterPackManager: StarterPack: initNewChar completed for NioThorn result=true
[04.05.26 22:54:43:603] INFO instancemanager.StarterPackManager: StarterPack: Player.restore() returned NioThorn for objId=268489866
[04.05.26 22:54:43:615] INFO instancemanager.StarterPackManager: StarterPack: Bot NioThorn entered world at 28363,10983,-4232
[04.05.26 22:54:43:615] INFO instancemanager.StarterPackManager: StarterPack: Spawned bot NioThorn (class=31/DARK_FIGHTER, race=DARKELF, objId=268489866)
[04.05.26 22:54:44:041] INFO instancemanager.StarterPackManager: StarterPack: Attempting to spawn classId=38 name=NioSpark
[04.05.26 22:54:44:041] INFO instancemanager.StarterPackManager: StarterPack: classId=38 validated as DARK_MAGE race=DARKELF
[04.05.26 22:54:44:047] INFO instancemanager.StarterPackManager: StarterPack: Player.create() returned obj=268489883 for classId=38 name=NioSpark
[04.05.26 22:54:44:120] INFO instancemanager.StarterPackManager: StarterPack: initNewChar completed for NioSpark result=true
[04.05.26 22:54:44:138] INFO instancemanager.StarterPackManager: StarterPack: Player.restore() returned NioSpark for objId=268489883
[04.05.26 22:54:44:151] INFO instancemanager.StarterPackManager: StarterPack: Bot NioSpark entered world at 28375,11067,-4232
[04.05.26 22:54:44:151] INFO instancemanager.StarterPackManager: StarterPack: Spawned bot NioSpark (class=38/DARK_MAGE, race=DARKELF, objId=268489883)
[04.05.26 22:54:44:541] INFO instancemanager.StarterPackManager: StarterPack: Attempting to spawn classId=44 name=NioFlash
[04.05.26 22:54:44:541] INFO instancemanager.StarterPackManager: StarterPack: classId=44 validated as ORC_FIGHTER race=ORC
[04.05.26 22:54:44:545] INFO instancemanager.StarterPackManager: StarterPack: Player.create() returned obj=268489905 for classId=44 name=NioFlash
[04.05.26 22:54:44:597] INFO instancemanager.StarterPackManager: StarterPack: initNewChar completed for NioFlash result=true
[04.05.26 22:54:44:616] INFO instancemanager.StarterPackManager: StarterPack: Player.restore() returned NioFlash for objId=268489905
[04.05.26 22:54:44:630] INFO instancemanager.StarterPackManager: StarterPack: Bot NioFlash entered world at -56753,-113576,-672
[04.05.26 22:54:44:630] INFO instancemanager.StarterPackManager: StarterPack: Spawned bot NioFlash (class=44/ORC_FIGHTER, race=ORC, objId=268489905)
[04.05.26 22:54:45:041] INFO instancemanager.StarterPackManager: StarterPack: Attempting to spawn classId=49 name=NioBloom
[04.05.26 22:54:45:041] INFO instancemanager.StarterPackManager: StarterPack: classId=49 validated as ORC_MAGE race=ORC
[04.05.26 22:54:45:046] INFO instancemanager.StarterPackManager: StarterPack: Player.create() returned obj=268489931 for classId=49 name=NioBloom
[04.05.26 22:54:45:093] INFO instancemanager.StarterPackManager: StarterPack: initNewChar completed for NioBloom result=true
[04.05.26 22:54:45:112] INFO instancemanager.StarterPackManager: StarterPack: Player.restore() returned NioBloom for objId=268489931
[04.05.26 22:54:45:125] INFO instancemanager.StarterPackManager: StarterPack: Bot NioBloom entered world at -56686,-113636,-672
[04.05.26 22:54:45:125] INFO instancemanager.StarterPackManager: StarterPack: Spawned bot NioBloom (class=49/ORC_MAGE, race=ORC, objId=268489931)
[04.05.26 22:54:45:543] INFO instancemanager.StarterPackManager: StarterPack: Attempting to spawn classId=53 name=NioCreek
[04.05.26 22:54:45:543] INFO instancemanager.StarterPackManager: StarterPack: classId=53 validated as DWARVEN_FIGHTER race=DWARF
[04.05.26 22:54:45:550] INFO instancemanager.StarterPackManager: StarterPack: Player.create() returned obj=268489947 for classId=53 name=NioCreek
[04.05.26 22:54:45:614] INFO instancemanager.StarterPackManager: StarterPack: initNewChar completed for NioCreek result=true
[04.05.26 22:54:45:636] INFO instancemanager.StarterPackManager: StarterPack: Player.restore() returned NioCreek for objId=268489947
[04.05.26 22:54:45:645] INFO instancemanager.StarterPackManager: StarterPack: Bot NioCreek entered world at 108551,-174083,-408
[04.05.26 22:54:45:645] INFO instancemanager.StarterPackManager: StarterPack: Spawned bot NioCreek (class=53/DWARVEN_FIGHTER, race=DWARF, objId=268489947)
[04.05.26 22:54:46:042] INFO instancemanager.StarterPackManager: StarterPack: Attempting to spawn classId=0 name=NioMarsh
[04.05.26 22:54:46:042] INFO instancemanager.StarterPackManager: StarterPack: classId=0 validated as HUMAN_FIGHTER race=HUMAN
[04.05.26 22:54:46:051] INFO instancemanager.StarterPackManager: StarterPack: Player.create() returned obj=268489969 for classId=0 name=NioMarsh
[04.05.26 22:54:46:121] INFO instancemanager.StarterPackManager: StarterPack: initNewChar completed for NioMarsh result=true
[04.05.26 22:54:46:142] INFO instancemanager.StarterPackManager: StarterPack: Player.restore() returned NioMarsh for objId=268489969
[04.05.26 22:54:46:155] INFO instancemanager.StarterPackManager: StarterPack: Bot NioMarsh entered world at -71370,258335,-3080
[04.05.26 22:54:46:155] INFO instancemanager.StarterPackManager: StarterPack: Spawned bot NioMarsh (class=0/HUMAN_FIGHTER, race=HUMAN, objId=268489969)
[04.05.26 22:54:46:541] INFO instancemanager.StarterPackManager: StarterPack: Attempting to spawn classId=10 name=NioField
[04.05.26 22:54:46:541] INFO instancemanager.StarterPackManager: StarterPack: classId=10 validated as HUMAN_MAGE race=HUMAN
[04.05.26 22:54:46:548] INFO instancemanager.StarterPackManager: StarterPack: Player.create() returned obj=268490000 for classId=10 name=NioField
[04.05.26 22:54:46:593] INFO instancemanager.StarterPackManager: StarterPack: initNewChar completed for NioField result=true
[04.05.26 22:54:46:612] INFO instancemanager.StarterPackManager: StarterPack: Player.restore() returned NioField for objId=268490000
[04.05.26 22:54:46:624] INFO instancemanager.StarterPackManager: StarterPack: Bot NioField entered world at -90890,248047,-3568
[04.05.26 22:54:46:624] INFO instancemanager.StarterPackManager: StarterPack: Spawned bot NioField (class=10/HUMAN_MAGE, race=HUMAN, objId=268490000)
[04.05.26 22:54:47:042] INFO instancemanager.StarterPackManager: StarterPack: Attempting to spawn classId=18 name=NioGrove
[04.05.26 22:54:47:042] INFO instancemanager.StarterPackManager: StarterPack: classId=18 validated as ELVEN_FIGHTER race=ELF
[04.05.26 22:54:47:049] INFO instancemanager.StarterPackManager: StarterPack: Player.create() returned obj=268490025 for classId=18 name=NioGrove
[04.05.26 22:54:47:111] INFO instancemanager.StarterPackManager: StarterPack: initNewChar completed for NioGrove result=true
[04.05.26 22:54:47:129] INFO instancemanager.StarterPackManager: StarterPack: Player.restore() returned NioGrove for objId=268490025
[04.05.26 22:54:47:144] INFO instancemanager.StarterPackManager: StarterPack: Bot NioGrove entered world at 46060,41148,-3504
[04.05.26 22:54:47:144] INFO instancemanager.StarterPackManager: StarterPack: Spawned bot NioGrove (class=18/ELVEN_FIGHTER, race=ELF, objId=268490025)
[04.05.26 22:54:47:541] INFO instancemanager.StarterPackManager: StarterPack: Attempting to spawn classId=25 name=NioCrest
[04.05.26 22:54:47:541] INFO instancemanager.StarterPackManager: StarterPack: classId=25 validated as ELVEN_MAGE race=ELF
[04.05.26 22:54:47:546] INFO instancemanager.StarterPackManager: StarterPack: Player.create() returned obj=268490041 for classId=25 name=NioCrest
[04.05.26 22:54:47:607] INFO instancemanager.StarterPackManager: StarterPack: initNewChar completed for NioCrest result=true
[04.05.26 22:54:47:627] INFO instancemanager.StarterPackManager: StarterPack: Player.restore() returned NioCrest for objId=268490041
[04.05.26 22:54:47:641] INFO instancemanager.StarterPackManager: StarterPack: Bot NioCrest entered world at 46115,41230,-3504
[04.05.26 22:54:47:641] INFO instancemanager.StarterPackManager: StarterPack: Spawned bot NioCrest (class=25/ELVEN_MAGE, race=ELF, objId=268490041)
[04.05.26 22:54:48:043] INFO instancemanager.StarterPackManager: StarterPack: Attempting to spawn classId=31 name=NioRidge
[04.05.26 22:54:48:043] INFO instancemanager.StarterPackManager: StarterPack: classId=31 validated as DARK_FIGHTER race=DARKELF
[04.05.26 22:54:48:049] INFO instancemanager.StarterPackManager: StarterPack: Player.create() returned obj=268490055 for classId=31 name=NioRidge
[04.05.26 22:54:48:091] INFO instancemanager.StarterPackManager: StarterPack: initNewChar completed for NioRidge result=true
[04.05.26 22:54:48:109] INFO instancemanager.StarterPackManager: StarterPack: Player.restore() returned NioRidge for objId=268490055
[04.05.26 22:54:48:121] INFO instancemanager.StarterPackManager: StarterPack: Bot NioRidge entered world at 28359,11024,-4232
[04.05.26 22:54:48:121] INFO instancemanager.StarterPackManager: StarterPack: Spawned bot NioRidge (class=31/DARK_FIGHTER, race=DARKELF, objId=268490055)
[04.05.26 22:54:48:543] INFO instancemanager.StarterPackManager: StarterPack: Attempting to spawn classId=38 name=NioDrake
[04.05.26 22:54:48:544] INFO instancemanager.StarterPackManager: StarterPack: classId=38 validated as DARK_MAGE race=DARKELF
[04.05.26 22:54:48:549] INFO instancemanager.StarterPackManager: StarterPack: Player.create() returned obj=268490081 for classId=38 name=NioDrake
[04.05.26 22:54:48:607] INFO instancemanager.StarterPackManager: StarterPack: initNewChar completed for NioDrake result=true
[04.05.26 22:54:48:628] INFO instancemanager.StarterPackManager: StarterPack: Player.restore() returned NioDrake for objId=268490081
[04.05.26 22:54:48:638] INFO instancemanager.StarterPackManager: StarterPack: Bot NioDrake entered world at 28341,11055,-4232
[04.05.26 22:54:48:639] INFO instancemanager.StarterPackManager: StarterPack: Spawned bot NioDrake (class=38/DARK_MAGE, race=DARKELF, objId=268490081)
[04.05.26 22:54:49:042] INFO instancemanager.StarterPackManager: StarterPack: Attempting to spawn classId=44 name=NioSerpent
[04.05.26 22:54:49:042] INFO instancemanager.StarterPackManager: StarterPack: classId=44 validated as ORC_FIGHTER race=ORC
[04.05.26 22:54:49:045] INFO instancemanager.StarterPackManager: StarterPack: Player.create() returned obj=268490106 for classId=44 name=NioSerpent
[04.05.26 22:54:49:102] INFO instancemanager.StarterPackManager: StarterPack: initNewChar completed for NioSerpent result=true
[04.05.26 22:54:49:120] INFO instancemanager.StarterPackManager: StarterPack: Player.restore() returned NioSerpent for objId=268490106
[04.05.26 22:54:49:133] INFO instancemanager.StarterPackManager: StarterPack: Bot NioSerpent entered world at -56753,-113619,-672
[04.05.26 22:54:49:133] INFO instancemanager.StarterPackManager: StarterPack: Spawned bot NioSerpent (class=44/ORC_FIGHTER, race=ORC, objId=268490106)
[04.05.26 22:54:49:542] INFO instancemanager.StarterPackManager: StarterPack: Attempting to spawn classId=49 name=RioBlade
[04.05.26 22:54:49:542] INFO instancemanager.StarterPackManager: StarterPack: classId=49 validated as ORC_MAGE race=ORC
[04.05.26 22:54:49:547] INFO instancemanager.StarterPackManager: StarterPack: Player.create() returned obj=268490126 for classId=49 name=RioBlade
[04.05.26 22:54:49:603] INFO instancemanager.StarterPackManager: StarterPack: initNewChar completed for RioBlade result=true
[04.05.26 22:54:49:624] INFO instancemanager.StarterPackManager: StarterPack: Player.restore() returned RioBlade for objId=268490126
[04.05.26 22:54:49:637] INFO instancemanager.StarterPackManager: StarterPack: Bot RioBlade entered world at -56738,-113614,-672
[04.05.26 22:54:49:638] INFO instancemanager.StarterPackManager: StarterPack: Spawned bot RioBlade (class=49/ORC_MAGE, race=ORC, objId=268490126)
[04.05.26 22:54:50:042] INFO instancemanager.StarterPackManager: StarterPack: Attempting to spawn classId=53 name=RioFang
[04.05.26 22:54:50:042] INFO instancemanager.StarterPackManager: StarterPack: classId=53 validated as DWARVEN_FIGHTER race=DWARF
[04.05.26 22:54:50:048] INFO instancemanager.StarterPackManager: StarterPack: Player.create() returned obj=268490147 for classId=53 name=RioFang
[04.05.26 22:54:50:095] INFO instancemanager.StarterPackManager: StarterPack: initNewChar completed for RioFang result=true
[04.05.26 22:54:50:114] INFO instancemanager.StarterPackManager: StarterPack: Player.restore() returned RioFang for objId=268490147
[04.05.26 22:54:50:123] INFO instancemanager.StarterPackManager: StarterPack: Bot RioFang entered world at 108628,-174041,-408
[04.05.26 22:54:50:125] INFO instancemanager.StarterPackManager: StarterPack: Spawned bot RioFang (class=53/DWARVEN_FIGHTER, race=DWARF, objId=268490147)
[04.05.26 22:54:50:542] INFO instancemanager.StarterPackManager: StarterPack: Attempting to spawn classId=0 name=RioEdge
[04.05.26 22:54:50:542] INFO instancemanager.StarterPackManager: StarterPack: classId=0 validated as HUMAN_FIGHTER race=HUMAN
[04.05.26 22:54:50:548] INFO instancemanager.StarterPackManager: StarterPack: Player.create() returned obj=268490173 for classId=0 name=RioEdge
[04.05.26 22:54:50:603] INFO instancemanager.StarterPackManager: StarterPack: initNewChar completed for RioEdge result=true
[04.05.26 22:54:50:621] INFO instancemanager.StarterPackManager: StarterPack: Player.restore() returned RioEdge for objId=268490173
[04.05.26 22:54:50:631] INFO instancemanager.StarterPackManager: StarterPack: Bot RioEdge entered world at -71353,258319,-3072
[04.05.26 22:54:50:631] INFO instancemanager.StarterPackManager: StarterPack: Spawned bot RioEdge (class=0/HUMAN_FIGHTER, race=HUMAN, objId=268490173)
[04.05.26 22:54:51:041] INFO instancemanager.StarterPackManager: StarterPack: Attempting to spawn classId=10 name=RioCore
[04.05.26 22:54:51:041] INFO instancemanager.StarterPackManager: StarterPack: classId=10 validated as HUMAN_MAGE race=HUMAN
[04.05.26 22:54:51:047] INFO instancemanager.StarterPackManager: StarterPack: Player.create() returned obj=268490205 for classId=10 name=RioCore
[04.05.26 22:54:51:100] INFO instancemanager.StarterPackManager: StarterPack: initNewChar completed for RioCore result=true
[04.05.26 22:54:51:120] INFO instancemanager.StarterPackManager: StarterPack: Player.restore() returned RioCore for objId=268490205
[04.05.26 22:54:51:133] INFO instancemanager.StarterPackManager: StarterPack: Bot RioCore entered world at -90893,248081,-3568
[04.05.26 22:54:51:133] INFO instancemanager.StarterPackManager: StarterPack: Spawned bot RioCore (class=10/HUMAN_MAGE, race=HUMAN, objId=268490205)
[04.05.26 22:54:51:542] INFO instancemanager.StarterPackManager: StarterPack: Attempting to spawn classId=18 name=RioZone
[04.05.26 22:54:51:542] INFO instancemanager.StarterPackManager: StarterPack: classId=18 validated as ELVEN_FIGHTER race=ELF
[04.05.26 22:54:51:546] INFO instancemanager.StarterPackManager: StarterPack: Player.create() returned obj=268490221 for classId=18 name=RioZone
[04.05.26 22:54:51:588] INFO instancemanager.StarterPackManager: StarterPack: initNewChar completed for RioZone result=true
[04.05.26 22:54:51:607] INFO instancemanager.StarterPackManager: StarterPack: Player.restore() returned RioZone for objId=268490221
[04.05.26 22:54:51:621] INFO instancemanager.StarterPackManager: StarterPack: Bot RioZone entered world at 46124,41183,-3504
[04.05.26 22:54:51:621] INFO instancemanager.StarterPackManager: StarterPack: Spawned bot RioZone (class=18/ELVEN_FIGHTER, race=ELF, objId=268490221)
[04.05.26 22:54:52:042] INFO instancemanager.StarterPackManager: StarterPack: Attempting to spawn classId=25 name=RioClaw
[04.05.26 22:54:52:042] INFO instancemanager.StarterPackManager: StarterPack: classId=25 validated as ELVEN_MAGE race=ELF
[04.05.26 22:54:52:048] INFO instancemanager.StarterPackManager: StarterPack: Player.create() returned obj=268490242 for classId=25 name=RioClaw
[04.05.26 22:54:52:110] INFO instancemanager.StarterPackManager: StarterPack: initNewChar completed for RioClaw result=true
[04.05.26 22:54:52:129] INFO instancemanager.StarterPackManager: StarterPack: Player.restore() returned RioClaw for objId=268490242
[04.05.26 22:54:52:141] INFO instancemanager.StarterPackManager: StarterPack: Bot RioClaw entered world at 46089,41163,-3504
[04.05.26 22:54:52:141] INFO instancemanager.StarterPackManager: StarterPack: Spawned bot RioClaw (class=25/ELVEN_MAGE, race=ELF, objId=268490242)
[04.05.26 22:54:52:541] INFO instancemanager.StarterPackManager: StarterPack: Attempting to spawn classId=31 name=RioSoul
[04.05.26 22:54:52:541] INFO instancemanager.StarterPackManager: StarterPack: classId=31 validated as DARK_FIGHTER race=DARKELF
[04.05.26 22:54:52:545] INFO instancemanager.StarterPackManager: StarterPack: Player.create() returned obj=268490263 for classId=31 name=RioSoul
[04.05.26 22:54:52:602] INFO instancemanager.StarterPackManager: StarterPack: initNewChar completed for RioSoul result=true
[04.05.26 22:54:52:620] INFO instancemanager.StarterPackManager: StarterPack: Player.restore() returned RioSoul for objId=268490263
[04.05.26 22:54:52:635] INFO instancemanager.StarterPackManager: StarterPack: Bot RioSoul entered world at 28372,11050,-4232
[04.05.26 22:54:52:635] INFO instancemanager.StarterPackManager: StarterPack: Spawned bot RioSoul (class=31/DARK_FIGHTER, race=DARKELF, objId=268490263)
[04.05.26 22:54:53:042] INFO instancemanager.StarterPackManager: StarterPack: Attempting to spawn classId=38 name=RioStar
[04.05.26 22:54:53:042] INFO instancemanager.StarterPackManager: StarterPack: classId=38 validated as DARK_MAGE race=DARKELF
[04.05.26 22:54:53:049] INFO instancemanager.StarterPackManager: StarterPack: Player.create() returned obj=268490286 for classId=38 name=RioStar
[04.05.26 22:54:53:095] INFO instancemanager.StarterPackManager: StarterPack: initNewChar completed for RioStar result=true
[04.05.26 22:54:53:114] INFO instancemanager.StarterPackManager: StarterPack: Player.restore() returned RioStar for objId=268490286
[04.05.26 22:54:53:127] INFO instancemanager.StarterPackManager: StarterPack: Bot RioStar entered world at 28419,11036,-4232
[04.05.26 22:54:53:128] INFO instancemanager.StarterPackManager: StarterPack: Spawned bot RioStar (class=38/DARK_MAGE, race=DARKELF, objId=268490286)
[04.05.26 22:54:53:541] INFO instancemanager.StarterPackManager: StarterPack: Attempting to spawn classId=44 name=RioFire
[04.05.26 22:54:53:541] INFO instancemanager.StarterPackManager: StarterPack: classId=44 validated as ORC_FIGHTER race=ORC
[04.05.26 22:54:53:548] INFO instancemanager.StarterPackManager: StarterPack: Player.create() returned obj=268490304 for classId=44 name=RioFire
[04.05.26 22:54:53:599] INFO instancemanager.StarterPackManager: StarterPack: initNewChar completed for RioFire result=true
[04.05.26 22:54:53:617] INFO instancemanager.StarterPackManager: StarterPack: Player.restore() returned RioFire for objId=268490304
[04.05.26 22:54:53:628] INFO instancemanager.StarterPackManager: StarterPack: Bot RioFire entered world at -56687,-113569,-672
[04.05.26 22:54:53:628] INFO instancemanager.StarterPackManager: StarterPack: Spawned bot RioFire (class=44/ORC_FIGHTER, race=ORC, objId=268490304)
[04.05.26 22:54:54:041] INFO instancemanager.StarterPackManager: StarterPack: Attempting to spawn classId=49 name=RioWind
[04.05.26 22:54:54:041] INFO instancemanager.StarterPackManager: StarterPack: classId=49 validated as ORC_MAGE race=ORC
[04.05.26 22:54:54:046] INFO instancemanager.StarterPackManager: StarterPack: Player.create() returned obj=268490325 for classId=49 name=RioWind
[04.05.26 22:54:54:110] INFO instancemanager.StarterPackManager: StarterPack: initNewChar completed for RioWind result=true
[04.05.26 22:54:54:130] INFO instancemanager.StarterPackManager: StarterPack: Player.restore() returned RioWind for objId=268490325
[04.05.26 22:54:54:143] INFO instancemanager.StarterPackManager: StarterPack: Bot RioWind entered world at -56738,-113581,-672
[04.05.26 22:54:54:143] INFO instancemanager.StarterPackManager: StarterPack: Spawned bot RioWind (class=49/ORC_MAGE, race=ORC, objId=268490325)
[04.05.26 22:54:54:543] INFO instancemanager.StarterPackManager: StarterPack: Attempting to spawn classId=53 name=RioRage
[04.05.26 22:54:54:543] INFO instancemanager.StarterPackManager: StarterPack: classId=53 validated as DWARVEN_FIGHTER race=DWARF
[04.05.26 22:54:54:547] INFO instancemanager.StarterPackManager: StarterPack: Player.create() returned obj=268490350 for classId=53 name=RioRage
[04.05.26 22:54:54:594] INFO instancemanager.StarterPackManager: StarterPack: initNewChar completed for RioRage result=true
[04.05.26 22:54:54:612] INFO instancemanager.StarterPackManager: StarterPack: Player.restore() returned RioRage for objId=268490350
[04.05.26 22:54:54:625] INFO instancemanager.StarterPackManager: StarterPack: Bot RioRage entered world at 108543,-173993,-408
[04.05.26 22:54:54:625] INFO instancemanager.StarterPackManager: StarterPack: Spawned bot RioRage (class=53/DWARVEN_FIGHTER, race=DWARF, objId=268490350)
[04.05.26 22:54:55:042] INFO instancemanager.StarterPackManager: StarterPack: Attempting to spawn classId=0 name=RioHawk
[04.05.26 22:54:55:042] INFO instancemanager.StarterPackManager: StarterPack: classId=0 validated as HUMAN_FIGHTER race=HUMAN
[04.05.26 22:54:55:049] INFO instancemanager.StarterPackManager: StarterPack: Player.create() returned obj=268490381 for classId=0 name=RioHawk
[04.05.26 22:54:55:103] INFO instancemanager.StarterPackManager: StarterPack: initNewChar completed for RioHawk result=true
[04.05.26 22:54:55:126] INFO instancemanager.StarterPackManager: StarterPack: Player.restore() returned RioHawk for objId=268490381
[04.05.26 22:54:55:135] INFO instancemanager.StarterPackManager: StarterPack: Bot RioHawk entered world at -71424,258298,-3104
[04.05.26 22:54:55:135] INFO instancemanager.StarterPackManager: StarterPack: Spawned bot RioHawk (class=0/HUMAN_FIGHTER, race=HUMAN, objId=268490381)
[04.05.26 22:54:55:543] INFO instancemanager.StarterPackManager: StarterPack: Attempting to spawn classId=10 name=RioWolf
[04.05.26 22:54:55:543] INFO instancemanager.StarterPackManager: StarterPack: classId=10 validated as HUMAN_MAGE race=HUMAN
[04.05.26 22:54:55:547] INFO instancemanager.StarterPackManager: StarterPack: Player.create() returned obj=268490403 for classId=10 name=RioWolf
[04.05.26 22:54:55:629] INFO instancemanager.StarterPackManager: StarterPack: initNewChar completed for RioWolf result=true
[04.05.26 22:54:55:649] INFO instancemanager.StarterPackManager: StarterPack: Player.restore() returned RioWolf for objId=268490403
[04.05.26 22:54:55:659] INFO instancemanager.StarterPackManager: StarterPack: Bot RioWolf entered world at -90902,248132,-3568
[04.05.26 22:54:55:659] INFO instancemanager.StarterPackManager: StarterPack: Spawned bot RioWolf (class=10/HUMAN_MAGE, race=HUMAN, objId=268490403)
[04.05.26 22:54:56:042] INFO instancemanager.StarterPackManager: StarterPack: Attempting to spawn classId=18 name=RioStrike
[04.05.26 22:54:56:042] INFO instancemanager.StarterPackManager: StarterPack: classId=18 validated as ELVEN_FIGHTER race=ELF
[04.05.26 22:54:56:049] INFO instancemanager.StarterPackManager: StarterPack: Player.create() returned obj=268490424 for classId=18 name=RioStrike
[04.05.26 22:54:56:131] INFO instancemanager.StarterPackManager: StarterPack: initNewChar completed for RioStrike result=true
[04.05.26 22:54:56:151] INFO instancemanager.StarterPackManager: StarterPack: Player.restore() returned RioStrike for objId=268490424
[04.05.26 22:54:56:168] INFO instancemanager.StarterPackManager: StarterPack: Bot RioStrike entered world at 46085,41145,-3504
[04.05.26 22:54:56:168] INFO instancemanager.StarterPackManager: StarterPack: Spawned bot RioStrike (class=18/ELVEN_FIGHTER, race=ELF, objId=268490424)
[04.05.26 22:54:56:542] INFO instancemanager.StarterPackManager: StarterPack: Attempting to spawn classId=25 name=RioVeil
[04.05.26 22:54:56:542] INFO instancemanager.StarterPackManager: StarterPack: classId=25 validated as ELVEN_MAGE race=ELF
[04.05.26 22:54:56:548] INFO instancemanager.StarterPackManager: StarterPack: Player.create() returned obj=268490445 for classId=25 name=RioVeil
[04.05.26 22:54:56:646] INFO instancemanager.StarterPackManager: StarterPack: initNewChar completed for RioVeil result=true
[04.05.26 22:54:56:666] INFO instancemanager.StarterPackManager: StarterPack: Player.restore() returned RioVeil for objId=268490445
[04.05.26 22:54:56:680] INFO instancemanager.StarterPackManager: StarterPack: Bot RioVeil entered world at 46116,41151,-3504
[04.05.26 22:54:56:680] INFO instancemanager.StarterPackManager: StarterPack: Spawned bot RioVeil (class=25/ELVEN_MAGE, race=ELF, objId=268490445)
[04.05.26 22:54:57:042] INFO instancemanager.StarterPackManager: StarterPack: Attempting to spawn classId=31 name=RioWisp
[04.05.26 22:54:57:042] INFO instancemanager.StarterPackManager: StarterPack: classId=31 validated as DARK_FIGHTER race=DARKELF
[04.05.26 22:54:57:046] INFO instancemanager.StarterPackManager: StarterPack: Player.create() returned obj=268490472 for classId=31 name=RioWisp
[04.05.26 22:54:57:102] INFO instancemanager.StarterPackManager: StarterPack: initNewChar completed for RioWisp result=true
[04.05.26 22:54:57:121] INFO instancemanager.StarterPackManager: StarterPack: Player.restore() returned RioWisp for objId=268490472
[04.05.26 22:54:57:134] INFO instancemanager.StarterPackManager: StarterPack: Bot RioWisp entered world at 28354,11033,-4232
[04.05.26 22:54:57:135] INFO instancemanager.StarterPackManager: StarterPack: Spawned bot RioWisp (class=31/DARK_FIGHTER, race=DARKELF, objId=268490472)
[04.05.26 22:54:57:541] INFO instancemanager.StarterPackManager: StarterPack: Attempting to spawn classId=38 name=RioGloom
[04.05.26 22:54:57:541] INFO instancemanager.StarterPackManager: StarterPack: classId=38 validated as DARK_MAGE race=DARKELF
[04.05.26 22:54:57:547] INFO instancemanager.StarterPackManager: StarterPack: Player.create() returned obj=268490495 for classId=38 name=RioGloom
[04.05.26 22:54:57:618] INFO instancemanager.StarterPackManager: StarterPack: initNewChar completed for RioGloom result=true
[04.05.26 22:54:57:637] INFO instancemanager.StarterPackManager: StarterPack: Player.restore() returned RioGloom for objId=268490495
[04.05.26 22:54:57:648] INFO instancemanager.StarterPackManager: StarterPack: Bot RioGloom entered world at 28404,10979,-4232
[04.05.26 22:54:57:648] INFO instancemanager.StarterPackManager: StarterPack: Spawned bot RioGloom (class=38/DARK_MAGE, race=DARKELF, objId=268490495)
[04.05.26 22:54:58:042] INFO instancemanager.StarterPackManager: StarterPack: Attempting to spawn classId=44 name=RioStone
[04.05.26 22:54:58:042] INFO instancemanager.StarterPackManager: StarterPack: classId=44 validated as ORC_FIGHTER race=ORC
[04.05.26 22:54:58:047] INFO instancemanager.StarterPackManager: StarterPack: Player.create() returned obj=268490517 for classId=44 name=RioStone
[04.05.26 22:54:58:092] INFO instancemanager.StarterPackManager: StarterPack: initNewChar completed for RioStone result=true
[04.05.26 22:54:58:111] INFO instancemanager.StarterPackManager: StarterPack: Player.restore() returned RioStone for objId=268490517
[04.05.26 22:54:58:125] INFO instancemanager.StarterPackManager: StarterPack: Bot RioStone entered world at -56699,-113597,-672
[04.05.26 22:54:58:125] INFO instancemanager.StarterPackManager: StarterPack: Spawned bot RioStone (class=44/ORC_FIGHTER, race=ORC, objId=268490517)
[04.05.26 22:54:58:541] INFO instancemanager.StarterPackManager: StarterPack: Attempting to spawn classId=49 name=RioCrown
[04.05.26 22:54:58:541] INFO instancemanager.StarterPackManager: StarterPack: classId=49 validated as ORC_MAGE race=ORC
[04.05.26 22:54:58:546] INFO instancemanager.StarterPackManager: StarterPack: Player.create() returned obj=268490544 for classId=49 name=RioCrown
[04.05.26 22:54:58:596] INFO instancemanager.StarterPackManager: StarterPack: initNewChar completed for RioCrown result=true
[04.05.26 22:54:58:616] INFO instancemanager.StarterPackManager: StarterPack: Player.restore() returned RioCrown for objId=268490544
[04.05.26 22:54:58:630] INFO instancemanager.StarterPackManager: StarterPack: Bot RioCrown entered world at -56751,-113588,-672
[04.05.26 22:54:58:630] INFO instancemanager.StarterPackManager: StarterPack: Spawned bot RioCrown (class=49/ORC_MAGE, race=ORC, objId=268490544)
[04.05.26 22:54:59:042] INFO instancemanager.StarterPackManager: StarterPack: Attempting to spawn classId=53 name=RioThorn
[04.05.26 22:54:59:042] INFO instancemanager.StarterPackManager: StarterPack: classId=53 validated as DWARVEN_FIGHTER race=DWARF
[04.05.26 22:54:59:049] INFO instancemanager.StarterPackManager: StarterPack: Player.create() returned obj=268490567 for classId=53 name=RioThorn
[04.05.26 22:54:59:103] INFO instancemanager.StarterPackManager: StarterPack: initNewChar completed for RioThorn result=true
[04.05.26 22:54:59:121] INFO instancemanager.StarterPackManager: StarterPack: Player.restore() returned RioThorn for objId=268490567
[04.05.26 22:54:59:131] INFO instancemanager.StarterPackManager: StarterPack: Bot RioThorn entered world at 108582,-174071,-408
[04.05.26 22:54:59:131] INFO instancemanager.StarterPackManager: StarterPack: Spawned bot RioThorn (class=53/DWARVEN_FIGHTER, race=DWARF, objId=268490567)
[04.05.26 22:54:59:543] INFO instancemanager.StarterPackManager: StarterPack: Attempting to spawn classId=0 name=RioSpark
[04.05.26 22:54:59:543] INFO instancemanager.StarterPackManager: StarterPack: classId=0 validated as HUMAN_FIGHTER race=HUMAN
[04.05.26 22:54:59:548] INFO instancemanager.StarterPackManager: StarterPack: Player.create() returned obj=268490586 for classId=0 name=RioSpark
[04.05.26 22:54:59:608] INFO instancemanager.StarterPackManager: StarterPack: initNewChar completed for RioSpark result=true
[04.05.26 22:54:59:626] INFO instancemanager.StarterPackManager: StarterPack: Player.restore() returned RioSpark for objId=268490586
[04.05.26 22:54:59:636] INFO instancemanager.StarterPackManager: StarterPack: Bot RioSpark entered world at -71390,258303,-3104
[04.05.26 22:54:59:636] INFO instancemanager.StarterPackManager: StarterPack: Spawned bot RioSpark (class=0/HUMAN_FIGHTER, race=HUMAN, objId=268490586)
[04.05.26 22:55:00:042] INFO instancemanager.StarterPackManager: StarterPack: Attempting to spawn classId=10 name=RioFlash
[04.05.26 22:55:00:042] INFO instancemanager.StarterPackManager: StarterPack: classId=10 validated as HUMAN_MAGE race=HUMAN
[04.05.26 22:55:00:046] INFO instancemanager.StarterPackManager: StarterPack: Player.create() returned obj=268490604 for classId=10 name=RioFlash
[04.05.26 22:55:00:099] INFO instancemanager.StarterPackManager: StarterPack: initNewChar completed for RioFlash result=true
[04.05.26 22:55:00:119] INFO instancemanager.StarterPackManager: StarterPack: Player.restore() returned RioFlash for objId=268490604
[04.05.26 22:55:00:130] INFO instancemanager.StarterPackManager: StarterPack: Bot RioFlash entered world at -90846,248086,-3568
[04.05.26 22:55:00:130] INFO instancemanager.StarterPackManager: StarterPack: Spawned bot RioFlash (class=10/HUMAN_MAGE, race=HUMAN, objId=268490604)
[04.05.26 22:55:00:543] INFO instancemanager.StarterPackManager: StarterPack: Attempting to spawn classId=18 name=RioBloom
[04.05.26 22:55:00:543] INFO instancemanager.StarterPackManager: StarterPack: classId=18 validated as ELVEN_FIGHTER race=ELF
[04.05.26 22:55:00:547] INFO instancemanager.StarterPackManager: StarterPack: Player.create() returned obj=268490626 for classId=18 name=RioBloom
[04.05.26 22:55:00:584] INFO instancemanager.StarterPackManager: StarterPack: initNewChar completed for RioBloom result=true
[04.05.26 22:55:00:603] INFO instancemanager.StarterPackManager: StarterPack: Player.restore() returned RioBloom for objId=268490626
[04.05.26 22:55:00:617] INFO instancemanager.StarterPackManager: StarterPack: Bot RioBloom entered world at 46121,41226,-3504
[04.05.26 22:55:00:617] INFO instancemanager.StarterPackManager: StarterPack: Spawned bot RioBloom (class=18/ELVEN_FIGHTER, race=ELF, objId=268490626)
[04.05.26 22:55:01:041] INFO instancemanager.StarterPackManager: StarterPack: Attempting to spawn classId=25 name=RioCreek
[04.05.26 22:55:01:041] INFO instancemanager.StarterPackManager: StarterPack: classId=25 validated as ELVEN_MAGE race=ELF
[04.05.26 22:55:01:046] INFO instancemanager.StarterPackManager: StarterPack: Player.create() returned obj=268490654 for classId=25 name=RioCreek
[04.05.26 22:55:01:113] INFO instancemanager.StarterPackManager: StarterPack: initNewChar completed for RioCreek result=true
[04.05.26 22:55:01:133] INFO instancemanager.StarterPackManager: StarterPack: Player.restore() returned RioCreek for objId=268490654
[04.05.26 22:55:01:143] INFO instancemanager.StarterPackManager: StarterPack: Bot RioCreek entered world at 46053,41178,-3504
[04.05.26 22:55:01:143] INFO instancemanager.StarterPackManager: StarterPack: Spawned bot RioCreek (class=25/ELVEN_MAGE, race=ELF, objId=268490654)
[04.05.26 22:55:01:541] INFO instancemanager.StarterPackManager: StarterPack: Attempting to spawn classId=31 name=RioMarsh
[04.05.26 22:55:01:541] INFO instancemanager.StarterPackManager: StarterPack: classId=31 validated as DARK_FIGHTER race=DARKELF
[04.05.26 22:55:01:547] INFO instancemanager.StarterPackManager: StarterPack: Player.create() returned obj=268490672 for classId=31 name=RioMarsh
[04.05.26 22:55:01:607] INFO instancemanager.StarterPackManager: StarterPack: initNewChar completed for RioMarsh result=true
[04.05.26 22:55:01:627] INFO instancemanager.StarterPackManager: StarterPack: Player.restore() returned RioMarsh for objId=268490672
[04.05.26 22:55:01:641] INFO instancemanager.StarterPackManager: StarterPack: Bot RioMarsh entered world at 28426,11029,-4232
[04.05.26 22:55:01:641] INFO instancemanager.StarterPackManager: StarterPack: Spawned bot RioMarsh (class=31/DARK_FIGHTER, race=DARKELF, objId=268490672)
[04.05.26 22:55:02:042] INFO instancemanager.StarterPackManager: StarterPack: Attempting to spawn classId=38 name=RioField
[04.05.26 22:55:02:042] INFO instancemanager.StarterPackManager: StarterPack: classId=38 validated as DARK_MAGE race=DARKELF
[04.05.26 22:55:02:046] INFO instancemanager.StarterPackManager: StarterPack: Player.create() returned obj=268490687 for classId=38 name=RioField
[04.05.26 22:55:02:099] INFO instancemanager.StarterPackManager: StarterPack: initNewChar completed for RioField result=true
[04.05.26 22:55:02:120] INFO instancemanager.StarterPackManager: StarterPack: Player.restore() returned RioField for objId=268490687
[04.05.26 22:55:02:133] INFO instancemanager.StarterPackManager: StarterPack: Bot RioField entered world at 28330,11048,-4232
[04.05.26 22:55:02:134] INFO instancemanager.StarterPackManager: StarterPack: Spawned bot RioField (class=38/DARK_MAGE, race=DARKELF, objId=268490687)
[04.05.26 22:55:02:542] INFO instancemanager.StarterPackManager: StarterPack: Attempting to spawn classId=44 name=RioGrove
[04.05.26 22:55:02:542] INFO instancemanager.StarterPackManager: StarterPack: classId=44 validated as ORC_FIGHTER race=ORC
[04.05.26 22:55:02:546] INFO instancemanager.StarterPackManager: StarterPack: Player.create() returned obj=268490714 for classId=44 name=RioGrove
[04.05.26 22:55:02:583] INFO instancemanager.StarterPackManager: StarterPack: initNewChar completed for RioGrove result=true
[04.05.26 22:55:02:602] INFO instancemanager.StarterPackManager: StarterPack: Player.restore() returned RioGrove for objId=268490714
[04.05.26 22:55:02:615] INFO instancemanager.StarterPackManager: StarterPack: Bot RioGrove entered world at -56672,-113575,-672
[04.05.26 22:55:02:615] INFO instancemanager.StarterPackManager: StarterPack: Spawned bot RioGrove (class=44/ORC_FIGHTER, race=ORC, objId=268490714)
[04.05.26 22:55:03:041] INFO instancemanager.StarterPackManager: StarterPack: Attempting to spawn classId=49 name=RioCrest
[04.05.26 22:55:03:041] INFO instancemanager.StarterPackManager: StarterPack: classId=49 validated as ORC_MAGE race=ORC
[04.05.26 22:55:03:048] INFO instancemanager.StarterPackManager: StarterPack: Player.create() returned obj=268490738 for classId=49 name=RioCrest
[04.05.26 22:55:03:118] INFO instancemanager.StarterPackManager: StarterPack: initNewChar completed for RioCrest result=true
[04.05.26 22:55:03:138] INFO instancemanager.StarterPackManager: StarterPack: Player.restore() returned RioCrest for objId=268490738
[04.05.26 22:55:03:151] INFO instancemanager.StarterPackManager: StarterPack: Bot RioCrest entered world at -56695,-113622,-672
[04.05.26 22:55:03:151] INFO instancemanager.StarterPackManager: StarterPack: Spawned bot RioCrest (class=49/ORC_MAGE, race=ORC, objId=268490738)
[04.05.26 22:55:03:542] INFO instancemanager.StarterPackManager: StarterPack: Attempting to spawn classId=53 name=RioRidge
[04.05.26 22:55:03:542] INFO instancemanager.StarterPackManager: StarterPack: classId=53 validated as DWARVEN_FIGHTER race=DWARF
[04.05.26 22:55:03:546] INFO instancemanager.StarterPackManager: StarterPack: Player.create() returned obj=268490754 for classId=53 name=RioRidge
[04.05.26 22:55:03:584] INFO instancemanager.StarterPackManager: StarterPack: initNewChar completed for RioRidge result=true
[04.05.26 22:55:03:603] INFO instancemanager.StarterPackManager: StarterPack: Player.restore() returned RioRidge for objId=268490754
[04.05.26 22:55:03:612] INFO instancemanager.StarterPackManager: StarterPack: Bot RioRidge entered world at 108566,-174014,-408
[04.05.26 22:55:03:612] INFO instancemanager.StarterPackManager: StarterPack: Spawned bot RioRidge (class=53/DWARVEN_FIGHTER, race=DWARF, objId=268490754)
[04.05.26 22:55:04:042] INFO instancemanager.StarterPackManager: StarterPack: Attempting to spawn classId=0 name=RioDrake
[04.05.26 22:55:04:042] INFO instancemanager.StarterPackManager: StarterPack: classId=0 validated as HUMAN_FIGHTER race=HUMAN
[04.05.26 22:55:04:046] INFO instancemanager.StarterPackManager: StarterPack: Player.create() returned obj=268490774 for classId=0 name=RioDrake
[04.05.26 22:55:04:093] INFO instancemanager.StarterPackManager: StarterPack: initNewChar completed for RioDrake result=true
[04.05.26 22:55:04:112] INFO instancemanager.StarterPackManager: StarterPack: Player.restore() returned RioDrake for objId=268490774
[04.05.26 22:55:04:124] INFO instancemanager.StarterPackManager: StarterPack: Bot RioDrake entered world at -71428,258369,-3072
[04.05.26 22:55:04:125] INFO instancemanager.StarterPackManager: StarterPack: Spawned bot RioDrake (class=0/HUMAN_FIGHTER, race=HUMAN, objId=268490774)
[04.05.26 22:55:04:541] INFO instancemanager.StarterPackManager: StarterPack: Attempting to spawn classId=10 name=RioSerpent
[04.05.26 22:55:04:541] INFO instancemanager.StarterPackManager: StarterPack: classId=10 validated as HUMAN_MAGE race=HUMAN
[04.05.26 22:55:04:545] INFO instancemanager.StarterPackManager: StarterPack: Player.create() returned obj=268490798 for classId=10 name=RioSerpent
[04.05.26 22:55:04:595] INFO instancemanager.StarterPackManager: StarterPack: initNewChar completed for RioSerpent result=true
[04.05.26 22:55:04:615] INFO instancemanager.StarterPackManager: StarterPack: Player.restore() returned RioSerpent for objId=268490798
[04.05.26 22:55:04:627] INFO instancemanager.StarterPackManager: StarterPack: Bot RioSerpent entered world at -90899,248093,-3568
[04.05.26 22:55:04:627] INFO instancemanager.StarterPackManager: StarterPack: Spawned bot RioSerpent (class=10/HUMAN_MAGE, race=HUMAN, objId=268490798)
[04.05.26 22:55:05:042] INFO instancemanager.StarterPackManager: StarterPack: Attempting to spawn classId=18 name=TioBlade
[04.05.26 22:55:05:042] INFO instancemanager.StarterPackManager: StarterPack: classId=18 validated as ELVEN_FIGHTER race=ELF
[04.05.26 22:55:05:048] INFO instancemanager.StarterPackManager: StarterPack: Player.create() returned obj=268490832 for classId=18 name=TioBlade
[04.05.26 22:55:05:101] INFO instancemanager.StarterPackManager: StarterPack: initNewChar completed for TioBlade result=true
[04.05.26 22:55:05:121] INFO instancemanager.StarterPackManager: StarterPack: Player.restore() returned TioBlade for objId=268490832
[04.05.26 22:55:05:132] INFO instancemanager.StarterPackManager: StarterPack: Bot TioBlade entered world at 46030,41191,-3504
[04.05.26 22:55:05:132] INFO instancemanager.StarterPackManager: StarterPack: Spawned bot TioBlade (class=18/ELVEN_FIGHTER, race=ELF, objId=268490832)
[04.05.26 22:55:05:543] INFO instancemanager.StarterPackManager: StarterPack: Attempting to spawn classId=25 name=TioFang
[04.05.26 22:55:05:543] INFO instancemanager.StarterPackManager: StarterPack: classId=25 validated as ELVEN_MAGE race=ELF
[04.05.26 22:55:05:549] INFO instancemanager.StarterPackManager: StarterPack: Player.create() returned obj=268490851 for classId=25 name=TioFang
[04.05.26 22:55:05:618] INFO instancemanager.StarterPackManager: StarterPack: initNewChar completed for TioFang result=true
[04.05.26 22:55:05:639] INFO instancemanager.StarterPackManager: StarterPack: Player.restore() returned TioFang for objId=268490851
[04.05.26 22:55:05:651] INFO instancemanager.StarterPackManager: StarterPack: Bot TioFang entered world at 46091,41170,-3504
[04.05.26 22:55:05:651] INFO instancemanager.StarterPackManager: StarterPack: Spawned bot TioFang (class=25/ELVEN_MAGE, race=ELF, objId=268490851)
[04.05.26 22:55:06:042] INFO instancemanager.StarterPackManager: StarterPack: Attempting to spawn classId=31 name=TioEdge
[04.05.26 22:55:06:042] INFO instancemanager.StarterPackManager: StarterPack: classId=31 validated as DARK_FIGHTER race=DARKELF
[04.05.26 22:55:06:050] INFO instancemanager.StarterPackManager: StarterPack: Player.create() returned obj=268490872 for classId=31 name=TioEdge
[04.05.26 22:55:06:127] INFO instancemanager.StarterPackManager: StarterPack: initNewChar completed for TioEdge result=true
[04.05.26 22:55:06:145] INFO instancemanager.StarterPackManager: StarterPack: Player.restore() returned TioEdge for objId=268490872
[04.05.26 22:55:06:163] INFO instancemanager.StarterPackManager: StarterPack: Bot TioEdge entered world at 28383,11039,-4232
[04.05.26 22:55:06:163] INFO instancemanager.StarterPackManager: StarterPack: Spawned bot TioEdge (class=31/DARK_FIGHTER, race=DARKELF, objId=268490872)
[04.05.26 22:55:06:541] INFO instancemanager.StarterPackManager: StarterPack: Attempting to spawn classId=38 name=TioCore
[04.05.26 22:55:06:541] INFO instancemanager.StarterPackManager: StarterPack: classId=38 validated as DARK_MAGE race=DARKELF
[04.05.26 22:55:06:547] INFO instancemanager.StarterPackManager: StarterPack: Player.create() returned obj=268490899 for classId=38 name=TioCore
[04.05.26 22:55:06:641] INFO instancemanager.StarterPackManager: StarterPack: initNewChar completed for TioCore result=true
[04.05.26 22:55:06:659] INFO instancemanager.StarterPackManager: StarterPack: Player.restore() returned TioCore for objId=268490899
[04.05.26 22:55:06:670] INFO instancemanager.StarterPackManager: StarterPack: Bot TioCore entered world at 28379,10993,-4232
[04.05.26 22:55:06:670] INFO instancemanager.StarterPackManager: StarterPack: Spawned bot TioCore (class=38/DARK_MAGE, race=DARKELF, objId=268490899)
[04.05.26 22:55:07:041] INFO instancemanager.StarterPackManager: StarterPack: Attempting to spawn classId=44 name=TioZone
[04.05.26 22:55:07:041] INFO instancemanager.StarterPackManager: StarterPack: classId=44 validated as ORC_FIGHTER race=ORC
[04.05.26 22:55:07:045] INFO instancemanager.StarterPackManager: StarterPack: Player.create() returned obj=268490923 for classId=44 name=TioZone
[04.05.26 22:55:07:105] INFO instancemanager.StarterPackManager: StarterPack: initNewChar completed for TioZone result=true
[04.05.26 22:55:07:127] INFO instancemanager.StarterPackManager: StarterPack: Player.restore() returned TioZone for objId=268490923
[04.05.26 22:55:07:140] INFO instancemanager.StarterPackManager: StarterPack: Bot TioZone entered world at -56675,-113641,-672
[04.05.26 22:55:07:140] INFO instancemanager.StarterPackManager: StarterPack: Spawned bot TioZone (class=44/ORC_FIGHTER, race=ORC, objId=268490923)
[04.05.26 22:55:07:541] INFO instancemanager.StarterPackManager: StarterPack: Attempting to spawn classId=49 name=TioClaw
[04.05.26 22:55:07:541] INFO instancemanager.StarterPackManager: StarterPack: classId=49 validated as ORC_MAGE race=ORC
[04.05.26 22:55:07:546] INFO instancemanager.StarterPackManager: StarterPack: Player.create() returned obj=268490945 for classId=49 name=TioClaw
[04.05.26 22:55:07:606] INFO instancemanager.StarterPackManager: StarterPack: initNewChar completed for TioClaw result=true
[04.05.26 22:55:07:626] INFO instancemanager.StarterPackManager: StarterPack: Player.restore() returned TioClaw for objId=268490945
[04.05.26 22:55:07:641] INFO instancemanager.StarterPackManager: StarterPack: Bot TioClaw entered world at -56748,-113566,-672
[04.05.26 22:55:07:641] INFO instancemanager.StarterPackManager: StarterPack: Spawned bot TioClaw (class=49/ORC_MAGE, race=ORC, objId=268490945)
[04.05.26 22:55:08:042] INFO instancemanager.StarterPackManager: StarterPack: Attempting to spawn classId=53 name=TioSoul
[04.05.26 22:55:08:042] INFO instancemanager.StarterPackManager: StarterPack: classId=53 validated as DWARVEN_FIGHTER race=DWARF
[04.05.26 22:55:08:047] INFO instancemanager.StarterPackManager: StarterPack: Player.create() returned obj=268490965 for classId=53 name=TioSoul
[04.05.26 22:55:08:090] INFO instancemanager.StarterPackManager: StarterPack: initNewChar completed for TioSoul result=true
[04.05.26 22:55:08:109] INFO instancemanager.StarterPackManager: StarterPack: Player.restore() returned TioSoul for objId=268490965
[04.05.26 22:55:08:119] INFO instancemanager.StarterPackManager: StarterPack: Bot TioSoul entered world at 108622,-174011,-408
[04.05.26 22:55:08:119] INFO instancemanager.StarterPackManager: StarterPack: Spawned bot TioSoul (class=53/DWARVEN_FIGHTER, race=DWARF, objId=268490965)
[04.05.26 22:55:08:542] INFO instancemanager.StarterPackManager: StarterPack: Attempting to spawn classId=0 name=TioStar
[04.05.26 22:55:08:542] INFO instancemanager.StarterPackManager: StarterPack: classId=0 validated as HUMAN_FIGHTER race=HUMAN
[04.05.26 22:55:08:548] INFO instancemanager.StarterPackManager: StarterPack: Player.create() returned obj=268490990 for classId=0 name=TioStar
[04.05.26 22:55:08:594] INFO instancemanager.StarterPackManager: StarterPack: initNewChar completed for TioStar result=true
[04.05.26 22:55:08:612] INFO instancemanager.StarterPackManager: StarterPack: Player.restore() returned TioStar for objId=268490990
[04.05.26 22:55:08:623] INFO instancemanager.StarterPackManager: StarterPack: Bot TioStar entered world at -71436,258300,-3104
[04.05.26 22:55:08:623] INFO instancemanager.StarterPackManager: StarterPack: Spawned bot TioStar (class=0/HUMAN_FIGHTER, race=HUMAN, objId=268490990)
[04.05.26 23:00:00:009] INFO instancemanager.SpawnManager: SpawnManager: spawned 414 npc; spawns: 269; group: NIGHT
[04.05.26 23:08:20:218] INFO ai.StarterPackAI: StarterPackAI: Bot DarkGloom stuck for 30000ms, teleporting to town.
[04.05.26 23:09:08:367] INFO ai.StarterPackAI: StarterPackAI: Bot RogueFang stuck for 30000ms, teleporting to town.
[04.05.26 23:09:21:466] INFO ai.StarterPackAI: StarterPackAI: Bot RapidCore stuck for 30000ms, teleporting to town.
[04.05.26 23:13:01:030] INFO ai.StarterPackAI: StarterPackAI: Bot SolarStar stuck for 30000ms, teleporting to town.
[04.05.26 23:14:27:224] INFO ai.StarterPackAI: StarterPackAI: Bot SolarBloom stuck for 30000ms, teleporting to town.
[04.05.26 23:16:20:643] INFO instancemanager.BotReportManager: BotReportManager: Reports saved.
[04.05.26 23:18:02:554] INFO ai.StarterPackAI: StarterPackAI: Bot WildRage stuck for 30000ms, teleporting to town.
[04.05.26 23:18:51:435] INFO ai.StarterPackAI: StarterPackAI: Bot GhostRage stuck for 30000ms, teleporting to town.
[04.05.26 23:19:14:180] INFO ai.StarterPackAI: StarterPackAI: Bot SteelGloom stuck for 30000ms, teleporting to town.
[04.05.26 23:19:37:401] INFO ai.StarterPackAI: StarterPackAI: Bot ZanMarsh stuck for 30000ms, teleporting to town.
[04.05.26 23:20:08:202] INFO ai.StarterPackAI: StarterPackAI: Bot SkullDrake stuck for 30000ms, teleporting to town.
[04.05.26 23:20:39:628] INFO ai.StarterPackAI: StarterPackAI: Bot VexSpark stuck for 30000ms, teleporting to town.
[04.05.26 23:21:41:011] INFO ai.StarterPackAI: StarterPackAI: Bot ArcRidge stuck for 30000ms, teleporting to town.
[04.05.26 23:22:38:861] INFO ai.StarterPackAI: StarterPackAI: Bot VoidMarsh stuck for 30000ms, teleporting to town.
[04.05.26 23:24:51:314] INFO ai.StarterPackAI: StarterPackAI: Bot SolarZone stuck for 30000ms, teleporting to town.
[04.05.26 23:26:35:630] INFO ai.StarterPackAI: StarterPackAI: Bot MysticRidge stuck for 30000ms, teleporting to town.
[04.05.26 23:26:54:159] INFO ai.StarterPackAI: StarterPackAI: Bot ShadowHawk stuck for 30000ms, teleporting to town.
[04.05.26 23:26:58:271] INFO ai.StarterPackAI: StarterPackAI: Bot ShadowField stuck for 30000ms, teleporting to town.
[04.05.26 23:27:28:040] INFO ai.StarterPackAI: StarterPackAI: Bot NightFlash stuck for 30000ms, teleporting to town.
[04.05.26 23:27:53:786] INFO ai.StarterPackAI: StarterPackAI: Bot GrimCrown stuck for 30000ms, teleporting to town.
[04.05.26 23:28:42:071] INFO ai.StarterPackAI: StarterPackAI: Bot NeonWisp stuck for 30000ms, teleporting to town.
[04.05.26 23:28:48:717] INFO ai.StarterPackAI: StarterPackAI: Bot MysticRage stuck for 30000ms, teleporting to town.
[04.05.26 23:30:53:438] INFO ai.StarterPackAI: StarterPackAI: Bot ZanGloom stuck for 30000ms, teleporting to town.
[04.05.26 23:31:38:447] INFO ai.StarterPackAI: StarterPackAI: Bot ArcEdge stuck for 30000ms, teleporting to town.
[04.05.26 23:34:26:036] INFO ai.StarterPackAI: StarterPackAI: Bot NioFire stuck for 30000ms, teleporting to town.
